condition_source,closed_loop_candidate,step,phase,conditions_passed,conditions_total,success,note
validated_cached_H50_source_episode,none,1,policy,2,4,False,trained closed-loop execution was not authorized because the held-out inference gate failed
validated_cached_H50_source_episode,none,2,policy,2,4,False,trained closed-loop execution was not authorized because the held-out inference gate failed
validated_cached_H50_source_episode,none,3,policy,2,4,False,trained closed-loop execution was not authorized because the held-out inference gate failed
validated_cached_H50_source_episode,none,4,policy,2,4,False,trained closed-loop execution was not authorized because the held-out inference gate failed
validated_cached_H50_source_episode,none,5,policy,2,4,False,trained closed-loop execution was not authorized because the held-out inference gate failed
validated_cached_H50_source_episode,none,6,policy,2,4,False,trained closed-loop execution was not authorized because the held-out inference gate failed
validated_cached_H50_source_episode,none,7,policy,2,4,False,trained closed-loop execution was not authorized because the held-out inference gate failed
validated_cached_H50_source_episode,none,8,policy,2,4,False,trained closed-loop execution was not authorized because the held-out inference gate failed
validated_cached_H50_source_episode,none,9,policy,2,4,False,trained closed-loop execution was not authorized because the held-out inference gate failed
validated_cached_H50_source_episode,none,10,policy,2,4,False,trained closed-loop execution was not authorized because the held-out inference gate failed
validated_cached_H50_source_episode,none,11,policy,2,4,False,trained closed-loop execution was not authorized because the held-out inference gate failed
validated_cached_H50_source_episode,none,12,policy,2,4,False,trained closed-loop execution was not authorized because the held-out inference gate failed
validated_cached_H50_source_episode,none,13,policy,2,4,False,trained closed-loop execution was not authorized because the held-out inference gate failed
validated_cached_H50_source_episode,none,14,policy,2,4,False,trained closed-loop execution was not authorized because the held-out inference gate failed
validated_cached_H50_source_episode,none,15,policy,2,4,False,trained closed-loop execution was not authorized because the held-out inference gate failed
validated_cached_H50_source_episode,none,16,policy,2,4,False,trained closed-loop execution was not authorized because the held-out inference gate failed
validated_cached_H50_source_episode,none,17,policy,2,4,False,trained closed-loop execution was not authorized because the held-out inference gate failed
validated_cached_H50_source_episode,none,18,policy,2,4,False,trained closed-loop execution was not authorized because the held-out inference gate failed
validated_cached_H50_source_episode,none,19,policy,2,4,False,trained closed-loop execution was not authorized because the held-out inference gate failed
validated_cached_H50_source_episode,none,20,policy,2,4,False,trained closed-loop execution was not authorized because the held-out inference gate failed
validated_cached_H50_source_episode,none,21,policy,2,4,False,trained closed-loop execution was not authorized because the held-out inference gate failed
validated_cached_H50_source_episode,none,22,policy,2,4,False,trained closed-loop execution was not authorized because the held-out inference gate failed
validated_cached_H50_source_episode,none,23,policy,2,4,False,trained closed-loop execution was not authorized because the held-out inference gate failed
validated_cached_H50_source_episode,none,24,policy,2,4,False,trained closed-loop execution was not authorized because the held-out inference gate failed
validated_cached_H50_source_episode,none,25,policy,2,4,False,trained closed-loop execution was not authorized because the held-out inference gate failed
validated_cached_H50_source_episode,none,26,policy,2,4,False,trained closed-loop execution was not authorized because the held-out inference gate failed
validated_cached_H50_source_episode,none,27,policy,2,4,False,trained closed-loop execution was not authorized because the held-out inference gate failed
validated_cached_H50_source_episode,none,28,policy,2,4,False,trained closed-loop execution was not authorized because the held-out inference gate failed
validated_cached_H50_source_episode,none,29,policy,2,4,False,trained closed-loop execution was not authorized because the held-out inference gate failed
validated_cached_H50_source_episode,none,30,policy,2,4,False,trained closed-loop execution was not authorized because the held-out inference gate failed
validated_cached_H50_source_episode,none,31,policy,2,4,False,trained closed-loop execution was not authorized because the held-out inference gate failed
validated_cached_H50_source_episode,none,32,policy,2,4,False,trained closed-loop execution was not authorized because the held-out inference gate failed
validated_cached_H50_source_episode,none,33,policy,2,4,False,trained closed-loop execution was not authorized because the held-out inference gate failed
validated_cached_H50_source_episode,none,34,policy,2,4,False,trained closed-loop execution was not authorized because the held-out inference gate failed
validated_cached_H50_source_episode,none,35,policy,2,4,False,trained closed-loop execution was not authorized because the held-out inference gate failed
validated_cached_H50_source_episode,none,36,policy,2,4,False,trained closed-loop execution was not authorized because the held-out inference gate failed
validated_cached_H50_source_episode,none,37,policy,2,4,False,trained closed-loop execution was not authorized because the held-out inference gate failed
validated_cached_H50_source_episode,none,38,policy,2,4,False,trained closed-loop execution was not authorized because the held-out inference gate failed
validated_cached_H50_source_episode,none,39,policy,2,4,False,trained closed-loop execution was not authorized because the held-out inference gate failed
validated_cached_H50_source_episode,none,40,policy,2,4,False,trained closed-loop execution was not authorized because the held-out inference gate failed
validated_cached_H50_source_episode,none,41,policy,2,4,False,trained closed-loop execution was not authorized because the held-out inference gate failed
validated_cached_H50_source_episode,none,42,policy,2,4,False,trained closed-loop execution was not authorized because the held-out inference gate failed
validated_cached_H50_source_episode,none,43,policy,2,4,False,trained closed-loop execution was not authorized because the held-out inference gate failed
validated_cached_H50_source_episode,none,44,policy,2,4,False,trained closed-loop execution was not authorized because the held-out inference gate failed
validated_cached_H50_source_episode,none,45,policy,2,4,False,trained closed-loop execution was not authorized because the held-out inference gate failed
validated_cached_H50_source_episode,none,46,policy,2,4,False,trained closed-loop execution was not authorized because the held-out inference gate failed
validated_cached_H50_source_episode,none,47,policy,2,4,False,trained closed-loop execution was not authorized because the held-out inference gate failed
validated_cached_H50_source_episode,none,48,policy,2,4,False,trained closed-loop execution was not authorized because the held-out inference gate failed
validated_cached_H50_source_episode,none,49,policy,2,4,False,trained closed-loop execution was not authorized because the held-out inference gate failed
validated_cached_H50_source_episode,none,50,policy,2,4,False,trained closed-loop execution was not authorized because the held-out inference gate failed
validated_cached_H50_source_episode,none,51,policy,2,4,False,trained closed-loop execution was not authorized because the held-out inference gate failed
validated_cached_H50_source_episode,none,52,policy,2,4,False,trained closed-loop execution was not authorized because the held-out inference gate failed
validated_cached_H50_source_episode,none,53,policy,2,4,False,trained closed-loop execution was not authorized because the held-out inference gate failed
validated_cached_H50_source_episode,none,54,policy,2,4,False,trained closed-loop execution was not authorized because the held-out inference gate failed
validated_cached_H50_source_episode,none,55,policy,2,4,False,trained closed-loop execution was not authorized because the held-out inference gate failed
validated_cached_H50_source_episode,none,56,policy,2,4,False,trained closed-loop execution was not authorized because the held-out inference gate failed
validated_cached_H50_source_episode,none,57,policy,2,4,False,trained closed-loop execution was not authorized because the held-out inference gate failed
validated_cached_H50_source_episode,none,58,policy,2,4,False,trained closed-loop execution was not authorized because the held-out inference gate failed
validated_cached_H50_source_episode,none,59,policy,2,4,False,trained closed-loop execution was not authorized because the held-out inference gate failed
validated_cached_H50_source_episode,none,60,policy,2,4,False,trained closed-loop execution was not authorized because the held-out inference gate failed
validated_cached_H50_source_episode,none,61,policy,2,4,False,trained closed-loop execution was not authorized because the held-out inference gate failed
validated_cached_H50_source_episode,none,62,policy,2,4,False,trained closed-loop execution was not authorized because the held-out inference gate failed
validated_cached_H50_source_episode,none,63,policy,2,4,False,trained closed-loop execution was not authorized because the held-out inference gate failed
validated_cached_H50_source_episode,none,64,policy,2,4,False,trained closed-loop execution was not authorized because the held-out inference gate failed
validated_cached_H50_source_episode,none,65,policy,2,4,False,trained closed-loop execution was not authorized because the held-out inference gate failed
validated_cached_H50_source_episode,none,66,policy,2,4,False,trained closed-loop execution was not authorized because the held-out inference gate failed
validated_cached_H50_source_episode,none,67,policy,2,4,False,trained closed-loop execution was not authorized because the held-out inference gate failed
validated_cached_H50_source_episode,none,68,policy,2,4,False,trained closed-loop execution was not authorized because the held-out inference gate failed
validated_cached_H50_source_episode,none,69,policy,2,4,False,trained closed-loop execution was not authorized because the held-out inference gate failed
validated_cached_H50_source_episode,none,70,policy,2,4,False,trained closed-loop execution was not authorized because the held-out inference gate failed
validated_cached_H50_source_episode,none,71,policy,2,4,False,trained closed-loop execution was not authorized because the held-out inference gate failed
validated_cached_H50_source_episode,none,72,policy,2,4,False,trained closed-loop execution was not authorized because the held-out inference gate failed
validated_cached_H50_source_episode,none,73,policy,2,4,False,trained closed-loop execution was not authorized because the held-out inference gate failed
validated_cached_H50_source_episode,none,74,policy,2,4,False,trained closed-loop execution was not authorized because the held-out inference gate failed
validated_cached_H50_source_episode,none,75,policy,2,4,False,trained closed-loop execution was not authorized because the held-out inference gate failed
validated_cached_H50_source_episode,none,76,policy,2,4,False,trained closed-loop execution was not authorized because the held-out inference gate failed
validated_cached_H50_source_episode,none,77,policy,2,4,False,trained closed-loop execution was not authorized because the held-out inference gate failed
validated_cached_H50_source_episode,none,78,policy,2,4,False,trained closed-loop execution was not authorized because the held-out inference gate failed
validated_cached_H50_source_episode,none,79,policy,2,4,False,trained closed-loop execution was not authorized because the held-out inference gate failed
validated_cached_H50_source_episode,none,80,policy,2,4,False,trained closed-loop execution was not authorized because the held-out inference gate failed
validated_cached_H50_source_episode,none,81,policy,2,4,False,trained closed-loop execution was not authorized because the held-out inference gate failed
validated_cached_H50_source_episode,none,82,policy,2,4,False,trained closed-loop execution was not authorized because the held-out inference gate failed
validated_cached_H50_source_episode,none,83,policy,2,4,False,trained closed-loop execution was not authorized because the held-out inference gate failed
validated_cached_H50_source_episode,none,84,policy,2,4,False,trained closed-loop execution was not authorized because the held-out inference gate failed
validated_cached_H50_source_episode,none,85,policy,2,4,False,trained closed-loop execution was not authorized because the held-out inference gate failed
validated_cached_H50_source_episode,none,86,policy,2,4,False,trained closed-loop execution was not authorized because the held-out inference gate failed
validated_cached_H50_source_episode,none,87,policy,2,4,False,trained closed-loop execution was not authorized because the held-out inference gate failed
validated_cached_H50_source_episode,none,88,policy,2,4,False,trained closed-loop execution was not authorized because the held-out inference gate failed
validated_cached_H50_source_episode,none,89,policy,2,4,False,trained closed-loop execution was not authorized because the held-out inference gate failed
validated_cached_H50_source_episode,none,90,policy,2,4,False,trained closed-loop execution was not authorized because the held-out inference gate failed
validated_cached_H50_source_episode,none,91,policy,2,4,False,trained closed-loop execution was not authorized because the held-out inference gate failed
validated_cached_H50_source_episode,none,92,policy,2,4,False,trained closed-loop execution was not authorized because the held-out inference gate failed
validated_cached_H50_source_episode,none,93,policy,2,4,False,trained closed-loop execution was not authorized because the held-out inference gate failed
validated_cached_H50_source_episode,none,94,policy,2,4,False,trained closed-loop execution was not authorized because the held-out inference gate failed
validated_cached_H50_source_episode,none,95,policy,2,4,False,trained closed-loop execution was not authorized because the held-out inference gate failed
validated_cached_H50_source_episode,none,96,policy,2,4,False,trained closed-loop execution was not authorized because the held-out inference gate failed
validated_cached_H50_source_episode,none,97,policy,2,4,False,trained closed-loop execution was not authorized because the held-out inference gate failed
validated_cached_H50_source_episode,none,98,policy,2,4,False,trained closed-loop execution was not authorized because the held-out inference gate failed
validated_cached_H50_source_episode,none,99,policy,2,4,False,trained closed-loop execution was not authorized because the held-out inference gate failed
validated_cached_H50_source_episode,none,100,policy,3,4,False,trained closed-loop execution was not authorized because the held-out inference gate failed
validated_cached_H50_source_episode,none,101,policy,3,4,False,trained closed-loop execution was not authorized because the held-out inference gate failed
validated_cached_H50_source_episode,none,102,policy,3,4,False,trained closed-loop execution was not authorized because the held-out inference gate failed
validated_cached_H50_source_episode,none,103,policy,3,4,False,trained closed-loop execution was not authorized because the held-out inference gate failed
validated_cached_H50_source_episode,none,104,policy,3,4,False,trained closed-loop execution was not authorized because the held-out inference gate failed
validated_cached_H50_source_episode,none,105,policy,3,4,False,trained closed-loop execution was not authorized because the held-out inference gate failed
validated_cached_H50_source_episode,none,106,policy,3,4,False,trained closed-loop execution was not authorized because the held-out inference gate failed
validated_cached_H50_source_episode,none,107,policy,3,4,False,trained closed-loop execution was not authorized because the held-out inference gate failed
validated_cached_H50_source_episode,none,108,policy,3,4,False,trained closed-loop execution was not authorized because the held-out inference gate failed
validated_cached_H50_source_episode,none,109,policy,3,4,False,trained closed-loop execution was not authorized because the held-out inference gate failed
validated_cached_H50_source_episode,none,110,policy,3,4,False,trained closed-loop execution was not authorized because the held-out inference gate failed
validated_cached_H50_source_episode,none,111,policy,3,4,False,trained closed-loop execution was not authorized because the held-out inference gate failed
validated_cached_H50_source_episode,none,112,policy,3,4,False,trained closed-loop execution was not authorized because the held-out inference gate failed
validated_cached_H50_source_episode,none,113,policy,3,4,False,trained closed-loop execution was not authorized because the held-out inference gate failed
validated_cached_H50_source_episode,none,114,policy,3,4,False,trained closed-loop execution was not authorized because the held-out inference gate failed
validated_cached_H50_source_episode,none,115,policy,4,4,True,trained closed-loop execution was not authorized because the held-out inference gate failed
validated_cached_H50_source_episode,none,116,policy,4,4,True,trained closed-loop execution was not authorized because the held-out inference gate failed
validated_cached_H50_source_episode,none,117,policy,4,4,True,trained closed-loop execution was not authorized because the held-out inference gate failed
validated_cached_H50_source_episode,none,118,policy,4,4,True,trained closed-loop execution was not authorized because the held-out inference gate failed
validated_cached_H50_source_episode,none,119,policy,4,4,True,trained closed-loop execution was not authorized because the held-out inference gate failed
validated_cached_H50_source_episode,none,120,policy,4,4,True,trained closed-loop execution was not authorized because the held-out inference gate failed
validated_cached_H50_source_episode,none,121,policy,4,4,True,trained closed-loop execution was not authorized because the held-out inference gate failed
validated_cached_H50_source_episode,none,122,policy,4,4,True,trained closed-loop execution was not authorized because the held-out inference gate failed
validated_cached_H50_source_episode,none,123,policy,4,4,True,trained closed-loop execution was not authorized because the held-out inference gate failed
validated_cached_H50_source_episode,none,124,policy,4,4,True,trained closed-loop execution was not authorized because the held-out inference gate failed
validated_cached_H50_source_episode,none,125,policy,4,4,True,trained closed-loop execution was not authorized because the held-out inference gate failed
validated_cached_H50_source_episode,none,126,policy,4,4,True,trained closed-loop execution was not authorized because the held-out inference gate failed
validated_cached_H50_source_episode,none,127,policy,4,4,True,trained closed-loop execution was not authorized because the held-out inference gate failed
validated_cached_H50_source_episode,none,128,policy,4,4,True,trained closed-loop execution was not authorized because the held-out inference gate failed
validated_cached_H50_source_episode,none,129,policy,4,4,True,trained closed-loop execution was not authorized because the held-out inference gate failed
validated_cached_H50_source_episode,none,130,policy,4,4,True,trained closed-loop execution was not authorized because the held-out inference gate failed
validated_cached_H50_source_episode,none,131,policy,4,4,True,trained closed-loop execution was not authorized because the held-out inference gate failed
validated_cached_H50_source_episode,none,132,policy,4,4,True,trained closed-loop execution was not authorized because the held-out inference gate failed
validated_cached_H50_source_episode,none,133,policy,4,4,True,trained closed-loop execution was not authorized because the held-out inference gate failed
validated_cached_H50_source_episode,none,134,policy,4,4,True,trained closed-loop execution was not authorized because the held-out inference gate failed
validated_cached_H50_source_episode,none,135,policy,4,4,True,trained closed-loop execution was not authorized because the held-out inference gate failed
validated_cached_H50_source_episode,none,136,policy,4,4,True,trained closed-loop execution was not authorized because the held-out inference gate failed
validated_cached_H50_source_episode,none,137,policy,4,4,True,trained closed-loop execution was not authorized because the held-out inference gate failed
validated_cached_H50_source_episode,none,138,policy,4,4,True,trained closed-loop execution was not authorized because the held-out inference gate failed
validated_cached_H50_source_episode,none,139,policy,4,4,True,trained closed-loop execution was not authorized because the held-out inference gate failed
validated_cached_H50_source_episode,none,140,policy,4,4,True,trained closed-loop execution was not authorized because the held-out inference gate failed
validated_cached_H50_source_episode,none,141,policy,4,4,True,trained closed-loop execution was not authorized because the held-out inference gate failed
validated_cached_H50_source_episode,none,142,policy,4,4,True,trained closed-loop execution was not authorized because the held-out inference gate failed
validated_cached_H50_source_episode,none,143,policy,4,4,True,trained closed-loop execution was not authorized because the held-out inference gate failed
validated_cached_H50_source_episode,none,144,policy,4,4,True,trained closed-loop execution was not authorized because the held-out inference gate failed
validated_cached_H50_source_episode,none,145,policy,4,4,True,trained closed-loop execution was not authorized because the held-out inference gate failed
validated_cached_H50_source_episode,none,146,policy,4,4,True,trained closed-loop execution was not authorized because the held-out inference gate failed
validated_cached_H50_source_episode,none,147,policy,4,4,True,trained closed-loop execution was not authorized because the held-out inference gate failed
validated_cached_H50_source_episode,none,148,policy,4,4,True,trained closed-loop execution was not authorized because the held-out inference gate failed
validated_cached_H50_source_episode,none,149,policy,4,4,True,trained closed-loop execution was not authorized because the held-out inference gate failed
validated_cached_H50_source_episode,none,150,policy,4,4,True,trained closed-loop execution was not authorized because the held-out inference gate failed
validated_cached_H50_source_episode,none,151,policy,4,4,True,trained closed-loop execution was not authorized because the held-out inference gate failed
validated_cached_H50_source_episode,none,152,policy,4,4,True,trained closed-loop execution was not authorized because the held-out inference gate failed
validated_cached_H50_source_episode,none,153,policy,4,4,True,trained closed-loop execution was not authorized because the held-out inference gate failed
validated_cached_H50_source_episode,none,154,policy,4,4,True,trained closed-loop execution was not authorized because the held-out inference gate failed
validated_cached_H50_source_episode,none,155,policy,4,4,True,trained closed-loop execution was not authorized because the held-out inference gate failed
validated_cached_H50_source_episode,none,156,policy,4,4,True,trained closed-loop execution was not authorized because the held-out inference gate failed
validated_cached_H50_source_episode,none,157,policy,4,4,True,trained closed-loop execution was not authorized because the held-out inference gate failed
validated_cached_H50_source_episode,none,158,policy,4,4,True,trained closed-loop execution was not authorized because the held-out inference gate failed
validated_cached_H50_source_episode,none,159,policy,4,4,True,trained closed-loop execution was not authorized because the held-out inference gate failed
validated_cached_H50_source_episode,none,160,policy,4,4,True,trained closed-loop execution was not authorized because the held-out inference gate failed
validated_cached_H50_source_episode,none,161,policy,4,4,True,trained closed-loop execution was not authorized because the held-out inference gate failed
validated_cached_H50_source_episode,none,162,policy,4,4,True,trained closed-loop execution was not authorized because the held-out inference gate failed
validated_cached_H50_source_episode,none,163,policy,4,4,True,trained closed-loop execution was not authorized because the held-out inference gate failed
validated_cached_H50_source_episode,none,164,policy,4,4,True,trained closed-loop execution was not authorized because the held-out inference gate failed
validated_cached_H50_source_episode,none,165,policy,4,4,True,trained closed-loop execution was not authorized because the held-out inference gate failed
validated_cached_H50_source_episode,none,166,policy,4,4,True,trained closed-loop execution was not authorized because the held-out inference gate failed
validated_cached_H50_source_episode,none,167,policy,4,4,True,trained closed-loop execution was not authorized because the held-out inference gate failed
validated_cached_H50_source_episode,none,168,policy,4,4,True,trained closed-loop execution was not authorized because the held-out inference gate failed
validated_cached_H50_source_episode,none,169,policy,4,4,True,trained closed-loop execution was not authorized because the held-out inference gate failed
validated_cached_H50_source_episode,none,170,policy,4,4,True,trained closed-loop execution was not authorized because the held-out inference gate failed
validated_cached_H50_source_episode,none,171,policy,4,4,True,trained closed-loop execution was not authorized because the held-out inference gate failed
validated_cached_H50_source_episode,none,172,policy,4,4,True,trained closed-loop execution was not authorized because the held-out inference gate failed
validated_cached_H50_source_episode,none,173,policy,4,4,True,trained closed-loop execution was not authorized because the held-out inference gate failed
validated_cached_H50_source_episode,none,174,policy,4,4,True,trained closed-loop execution was not authorized because the held-out inference gate failed
validated_cached_H50_source_episode,none,175,policy,4,4,True,trained closed-loop execution was not authorized because the held-out inference gate failed
validated_cached_H50_source_episode,none,176,policy,4,4,True,trained closed-loop execution was not authorized because the held-out inference gate failed
validated_cached_H50_source_episode,none,177,policy,4,4,True,trained closed-loop execution was not authorized because the held-out inference gate failed
validated_cached_H50_source_episode,none,178,policy,4,4,True,trained closed-loop execution was not authorized because the held-out inference gate failed
validated_cached_H50_source_episode,none,179,policy,4,4,True,trained closed-loop execution was not authorized because the held-out inference gate failed
validated_cached_H50_source_episode,none,180,policy,4,4,True,trained closed-loop execution was not authorized because the held-out inference gate failed
validated_cached_H50_source_episode,none,181,policy,4,4,True,trained closed-loop execution was not authorized because the held-out inference gate failed
validated_cached_H50_source_episode,none,182,policy,4,4,True,trained closed-loop execution was not authorized because the held-out inference gate failed
validated_cached_H50_source_episode,none,183,policy,4,4,True,trained closed-loop execution was not authorized because the held-out inference gate failed
validated_cached_H50_source_episode,none,184,policy,4,4,True,trained closed-loop execution was not authorized because the held-out inference gate failed
validated_cached_H50_source_episode,none,185,policy,4,4,True,trained closed-loop execution was not authorized because the held-out inference gate failed
validated_cached_H50_source_episode,none,186,policy,4,4,True,trained closed-loop execution was not authorized because the held-out inference gate failed
validated_cached_H50_source_episode,none,187,policy,4,4,True,trained closed-loop execution was not authorized because the held-out inference gate failed
validated_cached_H50_source_episode,none,188,policy,4,4,True,trained closed-loop execution was not authorized because the held-out inference gate failed
validated_cached_H50_source_episode,none,189,policy,4,4,True,trained closed-loop execution was not authorized because the held-out inference gate failed
validated_cached_H50_source_episode,none,190,policy,4,4,True,trained closed-loop execution was not authorized because the held-out inference gate failed
validated_cached_H50_source_episode,none,191,policy,4,4,True,trained closed-loop execution was not authorized because the held-out inference gate failed
validated_cached_H50_source_episode,none,192,policy,4,4,True,trained closed-loop execution was not authorized because the held-out inference gate failed
validated_cached_H50_source_episode,none,193,policy,4,4,True,trained closed-loop execution was not authorized because the held-out inference gate failed
validated_cached_H50_source_episode,none,194,policy,4,4,True,trained closed-loop execution was not authorized because the held-out inference gate failed
validated_cached_H50_source_episode,none,195,policy,4,4,True,trained closed-loop execution was not authorized because the held-out inference gate failed
validated_cached_H50_source_episode,none,196,policy,4,4,True,trained closed-loop execution was not authorized because the held-out inference gate failed
validated_cached_H50_source_episode,none,197,policy,4,4,True,trained closed-loop execution was not authorized because the held-out inference gate failed
validated_cached_H50_source_episode,none,198,policy,4,4,True,trained closed-loop execution was not authorized because the held-out inference gate failed
validated_cached_H50_source_episode,none,199,policy,4,4,True,trained closed-loop execution was not authorized because the held-out inference gate failed
validated_cached_H50_source_episode,none,200,policy,4,4,True,trained closed-loop execution was not authorized because the held-out inference gate failed
validated_cached_H50_source_episode,none,201,policy,4,4,True,trained closed-loop execution was not authorized because the held-out inference gate failed
validated_cached_H50_source_episode,none,202,policy,4,4,True,trained closed-loop execution was not authorized because the held-out inference gate failed
validated_cached_H50_source_episode,none,203,policy,4,4,True,trained closed-loop execution was not authorized because the held-out inference gate failed
validated_cached_H50_source_episode,none,204,policy,4,4,True,trained closed-loop execution was not authorized because the held-out inference gate failed
validated_cached_H50_source_episode,none,205,policy,4,4,True,trained closed-loop execution was not authorized because the held-out inference gate failed
validated_cached_H50_source_episode,none,206,policy,4,4,True,trained closed-loop execution was not authorized because the held-out inference gate failed
validated_cached_H50_source_episode,none,207,policy,4,4,True,trained closed-loop execution was not authorized because the held-out inference gate failed
validated_cached_H50_source_episode,none,208,policy,4,4,True,trained closed-loop execution was not authorized because the held-out inference gate failed
validated_cached_H50_source_episode,none,209,policy,4,4,True,trained closed-loop execution was not authorized because the held-out inference gate failed
validated_cached_H50_source_episode,none,210,policy,4,4,True,trained closed-loop execution was not authorized because the held-out inference gate failed
validated_cached_H50_source_episode,none,211,policy,4,4,True,trained closed-loop execution was not authorized because the held-out inference gate failed
validated_cached_H50_source_episode,none,212,policy,4,4,True,trained closed-loop execution was not authorized because the held-out inference gate failed
validated_cached_H50_source_episode,none,213,policy,4,4,True,trained closed-loop execution was not authorized because the held-out inference gate failed
validated_cached_H50_source_episode,none,214,policy,4,4,True,trained closed-loop execution was not authorized because the held-out inference gate failed
validated_cached_H50_source_episode,none,215,policy,4,4,True,trained closed-loop execution was not authorized because the held-out inference gate failed
validated_cached_H50_source_episode,none,216,policy,4,4,True,trained closed-loop execution was not authorized because the held-out inference gate failed
validated_cached_H50_source_episode,none,217,policy,4,4,True,trained closed-loop execution was not authorized because the held-out inference gate failed
validated_cached_H50_source_episode,none,218,policy,4,4,True,trained closed-loop execution was not authorized because the held-out inference gate failed
validated_cached_H50_source_episode,none,219,policy,4,4,True,trained closed-loop execution was not authorized because the held-out inference gate failed
validated_cached_H50_source_episode,none,220,policy,4,4,True,trained closed-loop execution was not authorized because the held-out inference gate failed
validated_cached_H50_source_episode,none,221,policy,4,4,True,trained closed-loop execution was not authorized because the held-out inference gate failed
validated_cached_H50_source_episode,none,222,policy,4,4,True,trained closed-loop execution was not authorized because the held-out inference gate failed
validated_cached_H50_source_episode,none,223,policy,4,4,True,trained closed-loop execution was not authorized because the held-out inference gate failed
validated_cached_H50_source_episode,none,224,policy,4,4,True,trained closed-loop execution was not authorized because the held-out inference gate failed
validated_cached_H50_source_episode,none,225,policy,4,4,True,trained closed-loop execution was not authorized because the held-out inference gate failed
validated_cached_H50_source_episode,none,226,policy,4,4,True,trained closed-loop execution was not authorized because the held-out inference gate failed
validated_cached_H50_source_episode,none,227,policy,4,4,True,trained closed-loop execution was not authorized because the held-out inference gate failed
validated_cached_H50_source_episode,none,228,policy,4,4,True,trained closed-loop execution was not authorized because the held-out inference gate failed
validated_cached_H50_source_episode,none,229,policy,4,4,True,trained closed-loop execution was not authorized because the held-out inference gate failed
validated_cached_H50_source_episode,none,230,policy,4,4,True,trained closed-loop execution was not authorized because the held-out inference gate failed
validated_cached_H50_source_episode,none,231,policy,4,4,True,trained closed-loop execution was not authorized because the held-out inference gate failed
validated_cached_H50_source_episode,none,232,policy,4,4,True,trained closed-loop execution was not authorized because the held-out inference gate failed
validated_cached_H50_source_episode,none,233,policy,4,4,True,trained closed-loop execution was not authorized because the held-out inference gate failed
validated_cached_H50_source_episode,none,234,policy,4,4,True,trained closed-loop execution was not authorized because the held-out inference gate failed
validated_cached_H50_source_episode,none,235,policy,4,4,True,trained closed-loop execution was not authorized because the held-out inference gate failed
validated_cached_H50_source_episode,none,236,policy,4,4,True,trained closed-loop execution was not authorized because the held-out inference gate failed
validated_cached_H50_source_episode,none,237,policy,4,4,True,trained closed-loop execution was not authorized because the held-out inference gate failed
validated_cached_H50_source_episode,none,238,policy,4,4,True,trained closed-loop execution was not authorized because the held-out inference gate failed
validated_cached_H50_source_episode,none,239,policy,4,4,True,trained closed-loop execution was not authorized because the held-out inference gate failed
validated_cached_H50_source_episode,none,240,policy,4,4,True,trained closed-loop execution was not authorized because the held-out inference gate failed
validated_cached_H50_source_episode,none,241,policy,4,4,True,trained closed-loop execution was not authorized because the held-out inference gate failed
validated_cached_H50_source_episode,none,242,policy,4,4,True,trained closed-loop execution was not authorized because the held-out inference gate failed
validated_cached_H50_source_episode,none,243,policy,4,4,True,trained closed-loop execution was not authorized because the held-out inference gate failed
validated_cached_H50_source_episode,none,244,policy,4,4,True,trained closed-loop execution was not authorized because the held-out inference gate failed
validated_cached_H50_source_episode,none,245,policy,4,4,True,trained closed-loop execution was not authorized because the held-out inference gate failed
validated_cached_H50_source_episode,none,246,policy,4,4,True,trained closed-loop execution was not authorized because the held-out inference gate failed
validated_cached_H50_source_episode,none,247,policy,4,4,True,trained closed-loop execution was not authorized because the held-out inference gate failed
validated_cached_H50_source_episode,none,248,policy,4,4,True,trained closed-loop execution was not authorized because the held-out inference gate failed
validated_cached_H50_source_episode,none,249,policy,4,4,True,trained closed-loop execution was not authorized because the held-out inference gate failed
validated_cached_H50_source_episode,none,250,policy,4,4,True,trained closed-loop execution was not authorized because the held-out inference gate failed
validated_cached_H50_source_episode,none,251,policy,4,4,True,trained closed-loop execution was not authorized because the held-out inference gate failed
validated_cached_H50_source_episode,none,252,policy,4,4,True,trained closed-loop execution was not authorized because the held-out inference gate failed
validated_cached_H50_source_episode,none,253,policy,4,4,True,trained closed-loop execution was not authorized because the held-out inference gate failed
validated_cached_H50_source_episode,none,254,policy,4,4,True,trained closed-loop execution was not authorized because the held-out inference gate failed
validated_cached_H50_source_episode,none,255,policy,4,4,True,trained closed-loop execution was not authorized because the held-out inference gate failed
validated_cached_H50_source_episode,none,256,policy,4,4,True,trained closed-loop execution was not authorized because the held-out inference gate failed
validated_cached_H50_source_episode,none,257,policy,4,4,True,trained closed-loop execution was not authorized because the held-out inference gate failed
validated_cached_H50_source_episode,none,258,policy,4,4,True,trained closed-loop execution was not authorized because the held-out inference gate failed
validated_cached_H50_source_episode,none,259,policy,4,4,True,trained closed-loop execution was not authorized because the held-out inference gate failed
validated_cached_H50_source_episode,none,260,policy,4,4,True,trained closed-loop execution was not authorized because the held-out inference gate failed
validated_cached_H50_source_episode,none,261,policy,4,4,True,trained closed-loop execution was not authorized because the held-out inference gate failed
validated_cached_H50_source_episode,none,262,policy,4,4,True,trained closed-loop execution was not authorized because the held-out inference gate failed
validated_cached_H50_source_episode,none,263,policy,4,4,True,trained closed-loop execution was not authorized because the held-out inference gate failed
validated_cached_H50_source_episode,none,264,policy,4,4,True,trained closed-loop execution was not authorized because the held-out inference gate failed
validated_cached_H50_source_episode,none,265,policy,4,4,True,trained closed-loop execution was not authorized because the held-out inference gate failed
validated_cached_H50_source_episode,none,266,policy,4,4,True,trained closed-loop execution was not authorized because the held-out inference gate failed
validated_cached_H50_source_episode,none,267,policy,4,4,True,trained closed-loop execution was not authorized because the held-out inference gate failed
validated_cached_H50_source_episode,none,268,policy,4,4,True,trained closed-loop execution was not authorized because the held-out inference gate failed
validated_cached_H50_source_episode,none,269,policy,4,4,True,trained closed-loop execution was not authorized because the held-out inference gate failed
validated_cached_H50_source_episode,none,270,policy,4,4,True,trained closed-loop execution was not authorized because the held-out inference gate failed
validated_cached_H50_source_episode,none,271,policy,4,4,True,trained closed-loop execution was not authorized because the held-out inference gate failed
validated_cached_H50_source_episode,none,272,policy,4,4,True,trained closed-loop execution was not authorized because the held-out inference gate failed
validated_cached_H50_source_episode,none,273,policy,4,4,True,trained closed-loop execution was not authorized because the held-out inference gate failed
validated_cached_H50_source_episode,none,274,policy,4,4,True,trained closed-loop execution was not authorized because the held-out inference gate failed
validated_cached_H50_source_episode,none,275,policy,4,4,True,trained closed-loop execution was not authorized because the held-out inference gate failed
validated_cached_H50_source_episode,none,276,policy,4,4,True,trained closed-loop execution was not authorized because the held-out inference gate failed
validated_cached_H50_source_episode,none,277,policy,4,4,True,trained closed-loop execution was not authorized because the held-out inference gate failed
validated_cached_H50_source_episode,none,278,policy,4,4,True,trained closed-loop execution was not authorized because the held-out inference gate failed
validated_cached_H50_source_episode,none,279,policy,4,4,True,trained closed-loop execution was not authorized because the held-out inference gate failed
validated_cached_H50_source_episode,none,280,policy,4,4,True,trained closed-loop execution was not authorized because the held-out inference gate failed
validated_cached_H50_source_episode,none,281,policy,4,4,True,trained closed-loop execution was not authorized because the held-out inference gate failed
validated_cached_H50_source_episode,none,282,policy,4,4,True,trained closed-loop execution was not authorized because the held-out inference gate failed
validated_cached_H50_source_episode,none,283,policy,4,4,True,trained closed-loop execution was not authorized because the held-out inference gate failed
validated_cached_H50_source_episode,none,284,policy,4,4,True,trained closed-loop execution was not authorized because the held-out inference gate failed
validated_cached_H50_source_episode,none,285,policy,4,4,True,trained closed-loop execution was not authorized because the held-out inference gate failed
validated_cached_H50_source_episode,none,286,policy,4,4,True,trained closed-loop execution was not authorized because the held-out inference gate failed
validated_cached_H50_source_episode,none,287,policy,4,4,True,trained closed-loop execution was not authorized because the held-out inference gate failed
validated_cached_H50_source_episode,none,288,policy,4,4,True,trained closed-loop execution was not authorized because the held-out inference gate failed
validated_cached_H50_source_episode,none,289,policy,4,4,True,trained closed-loop execution was not authorized because the held-out inference gate failed
validated_cached_H50_source_episode,none,290,policy,4,4,True,trained closed-loop execution was not authorized because the held-out inference gate failed
validated_cached_H50_source_episode,none,291,policy,4,4,True,trained closed-loop execution was not authorized because the held-out inference gate failed
validated_cached_H50_source_episode,none,292,policy,4,4,True,trained closed-loop execution was not authorized because the held-out inference gate failed
validated_cached_H50_source_episode,none,293,policy,4,4,True,trained closed-loop execution was not authorized because the held-out inference gate failed
validated_cached_H50_source_episode,none,294,policy,4,4,True,trained closed-loop execution was not authorized because the held-out inference gate failed
validated_cached_H50_source_episode,none,295,policy,4,4,True,trained closed-loop execution was not authorized because the held-out inference gate failed
validated_cached_H50_source_episode,none,296,policy,4,4,True,trained closed-loop execution was not authorized because the held-out inference gate failed
validated_cached_H50_source_episode,none,297,policy,4,4,True,trained closed-loop execution was not authorized because the held-out inference gate failed
validated_cached_H50_source_episode,none,298,policy,4,4,True,trained closed-loop execution was not authorized because the held-out inference gate failed
validated_cached_H50_source_episode,none,299,policy,4,4,True,trained closed-loop execution was not authorized because the held-out inference gate failed
validated_cached_H50_source_episode,none,300,policy,4,4,True,trained closed-loop execution was not authorized because the held-out inference gate failed
validated_cached_H50_source_episode,none,301,policy,4,4,True,trained closed-loop execution was not authorized because the held-out inference gate failed
validated_cached_H50_source_episode,none,302,policy,4,4,True,trained closed-loop execution was not authorized because the held-out inference gate failed
validated_cached_H50_source_episode,none,303,policy,4,4,True,trained closed-loop execution was not authorized because the held-out inference gate failed
validated_cached_H50_source_episode,none,304,policy,4,4,True,trained closed-loop execution was not authorized because the held-out inference gate failed
validated_cached_H50_source_episode,none,305,policy,4,4,True,trained closed-loop execution was not authorized because the held-out inference gate failed
validated_cached_H50_source_episode,none,306,policy,4,4,True,trained closed-loop execution was not authorized because the held-out inference gate failed
validated_cached_H50_source_episode,none,307,policy,4,4,True,trained closed-loop execution was not authorized because the held-out inference gate failed
validated_cached_H50_source_episode,none,308,policy,4,4,True,trained closed-loop execution was not authorized because the held-out inference gate failed
validated_cached_H50_source_episode,none,309,policy,4,4,True,trained closed-loop execution was not authorized because the held-out inference gate failed
validated_cached_H50_source_episode,none,310,policy,4,4,True,trained closed-loop execution was not authorized because the held-out inference gate failed
validated_cached_H50_source_episode,none,311,policy,4,4,True,trained closed-loop execution was not authorized because the held-out inference gate failed
validated_cached_H50_source_episode,none,312,policy,4,4,True,trained closed-loop execution was not authorized because the held-out inference gate failed
validated_cached_H50_source_episode,none,313,policy,4,4,True,trained closed-loop execution was not authorized because the held-out inference gate failed
validated_cached_H50_source_episode,none,314,policy,4,4,True,trained closed-loop execution was not authorized because the held-out inference gate failed
validated_cached_H50_source_episode,none,315,policy,4,4,True,trained closed-loop execution was not authorized because the held-out inference gate failed
validated_cached_H50_source_episode,none,316,policy,4,4,True,trained closed-loop execution was not authorized because the held-out inference gate failed
validated_cached_H50_source_episode,none,317,policy,4,4,True,trained closed-loop execution was not authorized because the held-out inference gate failed
validated_cached_H50_source_episode,none,318,policy,4,4,True,trained closed-loop execution was not authorized because the held-out inference gate failed
validated_cached_H50_source_episode,none,319,policy,4,4,True,trained closed-loop execution was not authorized because the held-out inference gate failed
validated_cached_H50_source_episode,none,320,policy,4,4,True,trained closed-loop execution was not authorized because the held-out inference gate failed
validated_cached_H50_source_episode,none,321,policy,4,4,True,trained closed-loop execution was not authorized because the held-out inference gate failed
validated_cached_H50_source_episode,none,322,policy,4,4,True,trained closed-loop execution was not authorized because the held-out inference gate failed
validated_cached_H50_source_episode,none,323,policy,4,4,True,trained closed-loop execution was not authorized because the held-out inference gate failed
validated_cached_H50_source_episode,none,324,policy,4,4,True,trained closed-loop execution was not authorized because the held-out inference gate failed
validated_cached_H50_source_episode,none,325,policy,4,4,True,trained closed-loop execution was not authorized because the held-out inference gate failed
validated_cached_H50_source_episode,none,326,policy,4,4,True,trained closed-loop execution was not authorized because the held-out inference gate failed
validated_cached_H50_source_episode,none,327,policy,4,4,True,trained closed-loop execution was not authorized because the held-out inference gate failed
validated_cached_H50_source_episode,none,328,policy,4,4,True,trained closed-loop execution was not authorized because the held-out inference gate failed
validated_cached_H50_source_episode,none,329,policy,4,4,True,trained closed-loop execution was not authorized because the held-out inference gate failed
validated_cached_H50_source_episode,none,330,policy,4,4,True,trained closed-loop execution was not authorized because the held-out inference gate failed
validated_cached_H50_source_episode,none,331,policy,4,4,True,trained closed-loop execution was not authorized because the held-out inference gate failed
validated_cached_H50_source_episode,none,332,policy,4,4,True,trained closed-loop execution was not authorized because the held-out inference gate failed
validated_cached_H50_source_episode,none,333,policy,4,4,True,trained closed-loop execution was not authorized because the held-out inference gate failed
validated_cached_H50_source_episode,none,334,policy,4,4,True,trained closed-loop execution was not authorized because the held-out inference gate failed
validated_cached_H50_source_episode,none,335,policy,4,4,True,trained closed-loop execution was not authorized because the held-out inference gate failed
validated_cached_H50_source_episode,none,336,policy,4,4,True,trained closed-loop execution was not authorized because the held-out inference gate failed
validated_cached_H50_source_episode,none,337,policy,4,4,True,trained closed-loop execution was not authorized because the held-out inference gate failed
validated_cached_H50_source_episode,none,338,policy,4,4,True,trained closed-loop execution was not authorized because the held-out inference gate failed
validated_cached_H50_source_episode,none,339,policy,4,4,True,trained closed-loop execution was not authorized because the held-out inference gate failed
validated_cached_H50_source_episode,none,340,policy,4,4,True,trained closed-loop execution was not authorized because the held-out inference gate failed
validated_cached_H50_source_episode,none,341,policy,4,4,True,trained closed-loop execution was not authorized because the held-out inference gate failed
validated_cached_H50_source_episode,none,342,policy,4,4,True,trained closed-loop execution was not authorized because the held-out inference gate failed
validated_cached_H50_source_episode,none,343,policy,4,4,True,trained closed-loop execution was not authorized because the held-out inference gate failed
validated_cached_H50_source_episode,none,344,policy,4,4,True,trained closed-loop execution was not authorized because the held-out inference gate failed
validated_cached_H50_source_episode,none,345,policy,4,4,True,trained closed-loop execution was not authorized because the held-out inference gate failed
validated_cached_H50_source_episode,none,346,policy,4,4,True,trained closed-loop execution was not authorized because the held-out inference gate failed
validated_cached_H50_source_episode,none,347,policy,4,4,True,trained closed-loop execution was not authorized because the held-out inference gate failed
validated_cached_H50_source_episode,none,348,policy,4,4,True,trained closed-loop execution was not authorized because the held-out inference gate failed
validated_cached_H50_source_episode,none,349,policy,4,4,True,trained closed-loop execution was not authorized because the held-out inference gate failed
validated_cached_H50_source_episode,none,350,policy,4,4,True,trained closed-loop execution was not authorized because the held-out inference gate failed
validated_cached_H50_source_episode,none,351,policy,4,4,True,trained closed-loop execution was not authorized because the held-out inference gate failed
validated_cached_H50_source_episode,none,352,policy,4,4,True,trained closed-loop execution was not authorized because the held-out inference gate failed
validated_cached_H50_source_episode,none,353,policy,4,4,True,trained closed-loop execution was not authorized because the held-out inference gate failed
validated_cached_H50_source_episode,none,354,policy,4,4,True,trained closed-loop execution was not authorized because the held-out inference gate failed
validated_cached_H50_source_episode,none,355,policy,4,4,True,trained closed-loop execution was not authorized because the held-out inference gate failed
validated_cached_H50_source_episode,none,356,policy,4,4,True,trained closed-loop execution was not authorized because the held-out inference gate failed
validated_cached_H50_source_episode,none,357,policy,4,4,True,trained closed-loop execution was not authorized because the held-out inference gate failed
validated_cached_H50_source_episode,none,358,policy,4,4,True,trained closed-loop execution was not authorized because the held-out inference gate failed
validated_cached_H50_source_episode,none,359,policy,4,4,True,trained closed-loop execution was not authorized because the held-out inference gate failed
validated_cached_H50_source_episode,none,360,policy,4,4,True,trained closed-loop execution was not authorized because the held-out inference gate failed
validated_cached_H50_source_episode,none,361,policy,4,4,True,trained closed-loop execution was not authorized because the held-out inference gate failed
validated_cached_H50_source_episode,none,362,policy,4,4,True,trained closed-loop execution was not authorized because the held-out inference gate failed
validated_cached_H50_source_episode,none,363,policy,4,4,True,trained closed-loop execution was not authorized because the held-out inference gate failed
validated_cached_H50_source_episode,none,364,policy,4,4,True,trained closed-loop execution was not authorized because the held-out inference gate failed
validated_cached_H50_source_episode,none,365,policy,4,4,True,trained closed-loop execution was not authorized because the held-out inference gate failed
validated_cached_H50_source_episode,none,366,policy,4,4,True,trained closed-loop execution was not authorized because the held-out inference gate failed
validated_cached_H50_source_episode,none,367,policy,4,4,True,trained closed-loop execution was not authorized because the held-out inference gate failed
validated_cached_H50_source_episode,none,368,policy,4,4,True,trained closed-loop execution was not authorized because the held-out inference gate failed
validated_cached_H50_source_episode,none,369,policy,4,4,True,trained closed-loop execution was not authorized because the held-out inference gate failed
validated_cached_H50_source_episode,none,370,policy,4,4,True,trained closed-loop execution was not authorized because the held-out inference gate failed
validated_cached_H50_source_episode,none,371,policy,4,4,True,trained closed-loop execution was not authorized because the held-out inference gate failed
validated_cached_H50_source_episode,none,372,policy,4,4,True,trained closed-loop execution was not authorized because the held-out inference gate failed
validated_cached_H50_source_episode,none,373,policy,4,4,True,trained closed-loop execution was not authorized because the held-out inference gate failed
validated_cached_H50_source_episode,none,374,policy,4,4,True,trained closed-loop execution was not authorized because the held-out inference gate failed
validated_cached_H50_source_episode,none,375,policy,4,4,True,trained closed-loop execution was not authorized because the held-out inference gate failed
validated_cached_H50_source_episode,none,376,policy,4,4,True,trained closed-loop execution was not authorized because the held-out inference gate failed
validated_cached_H50_source_episode,none,377,policy,4,4,True,trained closed-loop execution was not authorized because the held-out inference gate failed
validated_cached_H50_source_episode,none,378,policy,4,4,True,trained closed-loop execution was not authorized because the held-out inference gate failed
validated_cached_H50_source_episode,none,379,policy,4,4,True,trained closed-loop execution was not authorized because the held-out inference gate failed
validated_cached_H50_source_episode,none,380,policy,4,4,True,trained closed-loop execution was not authorized because the held-out inference gate failed
validated_cached_H50_source_episode,none,381,policy,4,4,True,trained closed-loop execution was not authorized because the held-out inference gate failed
validated_cached_H50_source_episode,none,382,policy,4,4,True,trained closed-loop execution was not authorized because the held-out inference gate failed
validated_cached_H50_source_episode,none,383,policy,4,4,True,trained closed-loop execution was not authorized because the held-out inference gate failed
validated_cached_H50_source_episode,none,384,policy,4,4,True,trained closed-loop execution was not authorized because the held-out inference gate failed
validated_cached_H50_source_episode,none,385,policy,4,4,True,trained closed-loop execution was not authorized because the held-out inference gate failed
validated_cached_H50_source_episode,none,386,policy,4,4,True,trained closed-loop execution was not authorized because the held-out inference gate failed
validated_cached_H50_source_episode,none,387,policy,4,4,True,trained closed-loop execution was not authorized because the held-out inference gate failed
validated_cached_H50_source_episode,none,388,policy,4,4,True,trained closed-loop execution was not authorized because the held-out inference gate failed
validated_cached_H50_source_episode,none,389,policy,4,4,True,trained closed-loop execution was not authorized because the held-out inference gate failed
validated_cached_H50_source_episode,none,390,policy,4,4,True,trained closed-loop execution was not authorized because the held-out inference gate failed
validated_cached_H50_source_episode,none,391,policy,4,4,True,trained closed-loop execution was not authorized because the held-out inference gate failed
validated_cached_H50_source_episode,none,392,policy,4,4,True,trained closed-loop execution was not authorized because the held-out inference gate failed
validated_cached_H50_source_episode,none,393,policy,4,4,True,trained closed-loop execution was not authorized because the held-out inference gate failed
validated_cached_H50_source_episode,none,394,policy,4,4,True,trained closed-loop execution was not authorized because the held-out inference gate failed
validated_cached_H50_source_episode,none,395,policy,4,4,True,trained closed-loop execution was not authorized because the held-out inference gate failed
validated_cached_H50_source_episode,none,396,policy,4,4,True,trained closed-loop execution was not authorized because the held-out inference gate failed
validated_cached_H50_source_episode,none,397,policy,4,4,True,trained closed-loop execution was not authorized because the held-out inference gate failed
validated_cached_H50_source_episode,none,398,policy,4,4,True,trained closed-loop execution was not authorized because the held-out inference gate failed
validated_cached_H50_source_episode,none,399,policy,4,4,True,trained closed-loop execution was not authorized because the held-out inference gate failed
validated_cached_H50_source_episode,none,400,policy,4,4,True,trained closed-loop execution was not authorized because the held-out inference gate failed
validated_cached_H50_source_episode,none,401,policy,4,4,True,trained closed-loop execution was not authorized because the held-out inference gate failed
validated_cached_H50_source_episode,none,402,policy,4,4,True,trained closed-loop execution was not authorized because the held-out inference gate failed
validated_cached_H50_source_episode,none,403,policy,4,4,True,trained closed-loop execution was not authorized because the held-out inference gate failed
validated_cached_H50_source_episode,none,404,policy,4,4,True,trained closed-loop execution was not authorized because the held-out inference gate failed
validated_cached_H50_source_episode,none,405,policy,4,4,True,trained closed-loop execution was not authorized because the held-out inference gate failed
validated_cached_H50_source_episode,none,406,policy,4,4,True,trained closed-loop execution was not authorized because the held-out inference gate failed
validated_cached_H50_source_episode,none,407,policy,4,4,True,trained closed-loop execution was not authorized because the held-out inference gate failed
validated_cached_H50_source_episode,none,408,policy,4,4,True,trained closed-loop execution was not authorized because the held-out inference gate failed
validated_cached_H50_source_episode,none,409,policy,4,4,True,trained closed-loop execution was not authorized because the held-out inference gate failed
validated_cached_H50_source_episode,none,410,policy,4,4,True,trained closed-loop execution was not authorized because the held-out inference gate failed
validated_cached_H50_source_episode,none,411,policy,4,4,True,trained closed-loop execution was not authorized because the held-out inference gate failed
validated_cached_H50_source_episode,none,412,policy,4,4,True,trained closed-loop execution was not authorized because the held-out inference gate failed
validated_cached_H50_source_episode,none,413,policy,4,4,True,trained closed-loop execution was not authorized because the held-out inference gate failed
validated_cached_H50_source_episode,none,414,policy,4,4,True,trained closed-loop execution was not authorized because the held-out inference gate failed
validated_cached_H50_source_episode,none,415,policy,4,4,True,trained closed-loop execution was not authorized because the held-out inference gate failed
validated_cached_H50_source_episode,none,416,policy,4,4,True,trained closed-loop execution was not authorized because the held-out inference gate failed
validated_cached_H50_source_episode,none,417,policy,4,4,True,trained closed-loop execution was not authorized because the held-out inference gate failed
validated_cached_H50_source_episode,none,418,policy,4,4,True,trained closed-loop execution was not authorized because the held-out inference gate failed
validated_cached_H50_source_episode,none,419,policy,4,4,True,trained closed-loop execution was not authorized because the held-out inference gate failed
validated_cached_H50_source_episode,none,420,policy,4,4,True,trained closed-loop execution was not authorized because the held-out inference gate failed
validated_cached_H50_source_episode,none,421,policy,4,4,True,trained closed-loop execution was not authorized because the held-out inference gate failed
validated_cached_H50_source_episode,none,422,policy,4,4,True,trained closed-loop execution was not authorized because the held-out inference gate failed
validated_cached_H50_source_episode,none,423,policy,4,4,True,trained closed-loop execution was not authorized because the held-out inference gate failed
validated_cached_H50_source_episode,none,424,policy,4,4,True,trained closed-loop execution was not authorized because the held-out inference gate failed
validated_cached_H50_source_episode,none,425,policy,4,4,True,trained closed-loop execution was not authorized because the held-out inference gate failed
validated_cached_H50_source_episode,none,426,policy,4,4,True,trained closed-loop execution was not authorized because the held-out inference gate failed
validated_cached_H50_source_episode,none,427,policy,4,4,True,trained closed-loop execution was not authorized because the held-out inference gate failed
validated_cached_H50_source_episode,none,428,policy,4,4,True,trained closed-loop execution was not authorized because the held-out inference gate failed
validated_cached_H50_source_episode,none,429,policy,4,4,True,trained closed-loop execution was not authorized because the held-out inference gate failed
validated_cached_H50_source_episode,none,430,policy,4,4,True,trained closed-loop execution was not authorized because the held-out inference gate failed
validated_cached_H50_source_episode,none,431,policy,4,4,True,trained closed-loop execution was not authorized because the held-out inference gate failed
validated_cached_H50_source_episode,none,432,policy,4,4,True,trained closed-loop execution was not authorized because the held-out inference gate failed
validated_cached_H50_source_episode,none,433,policy,4,4,True,trained closed-loop execution was not authorized because the held-out inference gate failed
validated_cached_H50_source_episode,none,434,policy,4,4,True,trained closed-loop execution was not authorized because the held-out inference gate failed
validated_cached_H50_source_episode,none,435,policy,4,4,True,trained closed-loop execution was not authorized because the held-out inference gate failed
validated_cached_H50_source_episode,none,436,policy,4,4,True,trained closed-loop execution was not authorized because the held-out inference gate failed
validated_cached_H50_source_episode,none,437,policy,4,4,True,trained closed-loop execution was not authorized because the held-out inference gate failed
validated_cached_H50_source_episode,none,438,policy,4,4,True,trained closed-loop execution was not authorized because the held-out inference gate failed
validated_cached_H50_source_episode,none,439,policy,4,4,True,trained closed-loop execution was not authorized because the held-out inference gate failed
validated_cached_H50_source_episode,none,440,policy,4,4,True,trained closed-loop execution was not authorized because the held-out inference gate failed
validated_cached_H50_source_episode,none,441,policy,4,4,True,trained closed-loop execution was not authorized because the held-out inference gate failed
validated_cached_H50_source_episode,none,442,policy,4,4,True,trained closed-loop execution was not authorized because the held-out inference gate failed
validated_cached_H50_source_episode,none,443,policy,4,4,True,trained closed-loop execution was not authorized because the held-out inference gate failed
validated_cached_H50_source_episode,none,444,policy,4,4,True,trained closed-loop execution was not authorized because the held-out inference gate failed
validated_cached_H50_source_episode,none,445,policy,4,4,True,trained closed-loop execution was not authorized because the held-out inference gate failed
validated_cached_H50_source_episode,none,446,policy,4,4,True,trained closed-loop execution was not authorized because the held-out inference gate failed
validated_cached_H50_source_episode,none,447,policy,4,4,True,trained closed-loop execution was not authorized because the held-out inference gate failed
validated_cached_H50_source_episode,none,448,policy,4,4,True,trained closed-loop execution was not authorized because the held-out inference gate failed
validated_cached_H50_source_episode,none,449,policy,4,4,True,trained closed-loop execution was not authorized because the held-out inference gate failed
validated_cached_H50_source_episode,none,450,policy,4,4,True,trained closed-loop execution was not authorized because the held-out inference gate failed
validated_cached_H50_source_episode,none,451,policy,4,4,True,trained closed-loop execution was not authorized because the held-out inference gate failed
validated_cached_H50_source_episode,none,452,policy,4,4,True,trained closed-loop execution was not authorized because the held-out inference gate failed
validated_cached_H50_source_episode,none,453,policy,4,4,True,trained closed-loop execution was not authorized because the held-out inference gate failed
validated_cached_H50_source_episode,none,454,policy,4,4,True,trained closed-loop execution was not authorized because the held-out inference gate failed
validated_cached_H50_source_episode,none,455,policy,4,4,True,trained closed-loop execution was not authorized because the held-out inference gate failed
validated_cached_H50_source_episode,none,456,policy,4,4,True,trained closed-loop execution was not authorized because the held-out inference gate failed
validated_cached_H50_source_episode,none,457,policy,4,4,True,trained closed-loop execution was not authorized because the held-out inference gate failed
validated_cached_H50_source_episode,none,458,policy,4,4,True,trained closed-loop execution was not authorized because the held-out inference gate failed
validated_cached_H50_source_episode,none,459,policy,4,4,True,trained closed-loop execution was not authorized because the held-out inference gate failed
validated_cached_H50_source_episode,none,460,policy,4,4,True,trained closed-loop execution was not authorized because the held-out inference gate failed
validated_cached_H50_source_episode,none,461,policy,4,4,True,trained closed-loop execution was not authorized because the held-out inference gate failed
validated_cached_H50_source_episode,none,462,policy,4,4,True,trained closed-loop execution was not authorized because the held-out inference gate failed
validated_cached_H50_source_episode,none,463,policy,4,4,True,trained closed-loop execution was not authorized because the held-out inference gate failed
validated_cached_H50_source_episode,none,464,policy,4,4,True,trained closed-loop execution was not authorized because the held-out inference gate failed
validated_cached_H50_source_episode,none,465,policy,4,4,True,trained closed-loop execution was not authorized because the held-out inference gate failed
validated_cached_H50_source_episode,none,466,policy,4,4,True,trained closed-loop execution was not authorized because the held-out inference gate failed
validated_cached_H50_source_episode,none,467,policy,4,4,True,trained closed-loop execution was not authorized because the held-out inference gate failed
validated_cached_H50_source_episode,none,468,policy,4,4,True,trained closed-loop execution was not authorized because the held-out inference gate failed
validated_cached_H50_source_episode,none,469,policy,4,4,True,trained closed-loop execution was not authorized because the held-out inference gate failed
validated_cached_H50_source_episode,none,470,policy,4,4,True,trained closed-loop execution was not authorized because the held-out inference gate failed
validated_cached_H50_source_episode,none,471,policy,4,4,True,trained closed-loop execution was not authorized because the held-out inference gate failed
validated_cached_H50_source_episode,none,472,policy,4,4,True,trained closed-loop execution was not authorized because the held-out inference gate failed
validated_cached_H50_source_episode,none,473,policy,4,4,True,trained closed-loop execution was not authorized because the held-out inference gate failed
validated_cached_H50_source_episode,none,474,policy,4,4,True,trained closed-loop execution was not authorized because the held-out inference gate failed
validated_cached_H50_source_episode,none,475,policy,4,4,True,trained closed-loop execution was not authorized because the held-out inference gate failed
validated_cached_H50_source_episode,none,476,policy,4,4,True,trained closed-loop execution was not authorized because the held-out inference gate failed
validated_cached_H50_source_episode,none,477,policy,4,4,True,trained closed-loop execution was not authorized because the held-out inference gate failed
validated_cached_H50_source_episode,none,478,policy,4,4,True,trained closed-loop execution was not authorized because the held-out inference gate failed
validated_cached_H50_source_episode,none,479,policy,4,4,True,trained closed-loop execution was not authorized because the held-out inference gate failed
validated_cached_H50_source_episode,none,480,policy,4,4,True,trained closed-loop execution was not authorized because the held-out inference gate failed
validated_cached_H50_source_episode,none,481,policy,4,4,True,trained closed-loop execution was not authorized because the held-out inference gate failed
validated_cached_H50_source_episode,none,482,policy,4,4,True,trained closed-loop execution was not authorized because the held-out inference gate failed
validated_cached_H50_source_episode,none,483,policy,4,4,True,trained closed-loop execution was not authorized because the held-out inference gate failed
validated_cached_H50_source_episode,none,484,policy,4,4,True,trained closed-loop execution was not authorized because the held-out inference gate failed
validated_cached_H50_source_episode,none,485,policy,4,4,True,trained closed-loop execution was not authorized because the held-out inference gate failed
validated_cached_H50_source_episode,none,486,policy,4,4,True,trained closed-loop execution was not authorized because the held-out inference gate failed
validated_cached_H50_source_episode,none,487,policy,4,4,True,trained closed-loop execution was not authorized because the held-out inference gate failed
validated_cached_H50_source_episode,none,488,policy,4,4,True,trained closed-loop execution was not authorized because the held-out inference gate failed
validated_cached_H50_source_episode,none,489,policy,4,4,True,trained closed-loop execution was not authorized because the held-out inference gate failed
validated_cached_H50_source_episode,none,490,policy,4,4,True,trained closed-loop execution was not authorized because the held-out inference gate failed
validated_cached_H50_source_episode,none,491,policy,4,4,True,trained closed-loop execution was not authorized because the held-out inference gate failed
validated_cached_H50_source_episode,none,492,policy,4,4,True,trained closed-loop execution was not authorized because the held-out inference gate failed
validated_cached_H50_source_episode,none,493,policy,4,4,True,trained closed-loop execution was not authorized because the held-out inference gate failed
validated_cached_H50_source_episode,none,494,policy,4,4,True,trained closed-loop execution was not authorized because the held-out inference gate failed
validated_cached_H50_source_episode,none,495,policy,4,4,True,trained closed-loop execution was not authorized because the held-out inference gate failed
validated_cached_H50_source_episode,none,496,policy,4,4,True,trained closed-loop execution was not authorized because the held-out inference gate failed
validated_cached_H50_source_episode,none,497,policy,4,4,True,trained closed-loop execution was not authorized because the held-out inference gate failed
validated_cached_H50_source_episode,none,498,policy,4,4,True,trained closed-loop execution was not authorized because the held-out inference gate failed
validated_cached_H50_source_episode,none,499,policy,4,4,True,trained closed-loop execution was not authorized because the held-out inference gate failed
validated_cached_H50_source_episode,none,500,policy,4,4,True,trained closed-loop execution was not authorized because the held-out inference gate failed
validated_cached_H50_source_episode,none,501,policy,4,4,True,trained closed-loop execution was not authorized because the held-out inference gate failed
validated_cached_H50_source_episode,none,502,policy,4,4,True,trained closed-loop execution was not authorized because the held-out inference gate failed
validated_cached_H50_source_episode,none,503,policy,4,4,True,trained closed-loop execution was not authorized because the held-out inference gate failed
validated_cached_H50_source_episode,none,504,policy,4,4,True,trained closed-loop execution was not authorized because the held-out inference gate failed
validated_cached_H50_source_episode,none,505,policy,4,4,True,trained closed-loop execution was not authorized because the held-out inference gate failed
validated_cached_H50_source_episode,none,506,policy,4,4,True,trained closed-loop execution was not authorized because the held-out inference gate failed
validated_cached_H50_source_episode,none,507,policy,4,4,True,trained closed-loop execution was not authorized because the held-out inference gate failed
validated_cached_H50_source_episode,none,508,policy,4,4,True,trained closed-loop execution was not authorized because the held-out inference gate failed
validated_cached_H50_source_episode,none,509,policy,4,4,True,trained closed-loop execution was not authorized because the held-out inference gate failed
validated_cached_H50_source_episode,none,510,policy,4,4,True,trained closed-loop execution was not authorized because the held-out inference gate failed
validated_cached_H50_source_episode,none,511,policy,4,4,True,trained closed-loop execution was not authorized because the held-out inference gate failed
validated_cached_H50_source_episode,none,512,policy,4,4,True,trained closed-loop execution was not authorized because the held-out inference gate failed
validated_cached_H50_source_episode,none,513,policy,4,4,True,trained closed-loop execution was not authorized because the held-out inference gate failed
validated_cached_H50_source_episode,none,514,policy,4,4,True,trained closed-loop execution was not authorized because the held-out inference gate failed
validated_cached_H50_source_episode,none,515,policy,4,4,True,trained closed-loop execution was not authorized because the held-out inference gate failed
validated_cached_H50_source_episode,none,516,policy,4,4,True,trained closed-loop execution was not authorized because the held-out inference gate failed
validated_cached_H50_source_episode,none,517,policy,4,4,True,trained closed-loop execution was not authorized because the held-out inference gate failed
validated_cached_H50_source_episode,none,518,policy,4,4,True,trained closed-loop execution was not authorized because the held-out inference gate failed
validated_cached_H50_source_episode,none,519,policy,4,4,True,trained closed-loop execution was not authorized because the held-out inference gate failed
validated_cached_H50_source_episode,none,520,policy,4,4,True,trained closed-loop execution was not authorized because the held-out inference gate failed
validated_cached_H50_source_episode,none,521,policy,4,4,True,trained closed-loop execution was not authorized because the held-out inference gate failed
validated_cached_H50_source_episode,none,522,policy,4,4,True,trained closed-loop execution was not authorized because the held-out inference gate failed
validated_cached_H50_source_episode,none,523,policy,4,4,True,trained closed-loop execution was not authorized because the held-out inference gate failed
validated_cached_H50_source_episode,none,524,policy,4,4,True,trained closed-loop execution was not authorized because the held-out inference gate failed
validated_cached_H50_source_episode,none,525,policy,4,4,True,trained closed-loop execution was not authorized because the held-out inference gate failed
validated_cached_H50_source_episode,none,526,policy,4,4,True,trained closed-loop execution was not authorized because the held-out inference gate failed
validated_cached_H50_source_episode,none,527,policy,4,4,True,trained closed-loop execution was not authorized because the held-out inference gate failed
validated_cached_H50_source_episode,none,528,policy,4,4,True,trained closed-loop execution was not authorized because the held-out inference gate failed
validated_cached_H50_source_episode,none,529,policy,4,4,True,trained closed-loop execution was not authorized because the held-out inference gate failed
validated_cached_H50_source_episode,none,530,policy,4,4,True,trained closed-loop execution was not authorized because the held-out inference gate failed
validated_cached_H50_source_episode,none,531,policy,4,4,True,trained closed-loop execution was not authorized because the held-out inference gate failed
validated_cached_H50_source_episode,none,532,policy,4,4,True,trained closed-loop execution was not authorized because the held-out inference gate failed
validated_cached_H50_source_episode,none,533,policy,4,4,True,trained closed-loop execution was not authorized because the held-out inference gate failed
validated_cached_H50_source_episode,none,534,policy,4,4,True,trained closed-loop execution was not authorized because the held-out inference gate failed
validated_cached_H50_source_episode,none,535,policy,4,4,True,trained closed-loop execution was not authorized because the held-out inference gate failed
validated_cached_H50_source_episode,none,536,policy,4,4,True,trained closed-loop execution was not authorized because the held-out inference gate failed
validated_cached_H50_source_episode,none,537,policy,4,4,True,trained closed-loop execution was not authorized because the held-out inference gate failed
validated_cached_H50_source_episode,none,538,policy,4,4,True,trained closed-loop execution was not authorized because the held-out inference gate failed
validated_cached_H50_source_episode,none,539,policy,4,4,True,trained closed-loop execution was not authorized because the held-out inference gate failed
validated_cached_H50_source_episode,none,540,policy,4,4,True,trained closed-loop execution was not authorized because the held-out inference gate failed
validated_cached_H50_source_episode,none,541,policy,4,4,True,trained closed-loop execution was not authorized because the held-out inference gate failed
validated_cached_H50_source_episode,none,542,policy,4,4,True,trained closed-loop execution was not authorized because the held-out inference gate failed
validated_cached_H50_source_episode,none,543,policy,4,4,True,trained closed-loop execution was not authorized because the held-out inference gate failed
validated_cached_H50_source_episode,none,544,policy,4,4,True,trained closed-loop execution was not authorized because the held-out inference gate failed
validated_cached_H50_source_episode,none,545,policy,4,4,True,trained closed-loop execution was not authorized because the held-out inference gate failed
validated_cached_H50_source_episode,none,546,policy,4,4,True,trained closed-loop execution was not authorized because the held-out inference gate failed
validated_cached_H50_source_episode,none,547,policy,4,4,True,trained closed-loop execution was not authorized because the held-out inference gate failed
validated_cached_H50_source_episode,none,548,policy,4,4,True,trained closed-loop execution was not authorized because the held-out inference gate failed
validated_cached_H50_source_episode,none,549,policy,4,4,True,trained closed-loop execution was not authorized because the held-out inference gate failed
validated_cached_H50_source_episode,none,550,policy,4,4,True,trained closed-loop execution was not authorized because the held-out inference gate failed
validated_cached_H50_source_episode,none,551,policy,4,4,True,trained closed-loop execution was not authorized because the held-out inference gate failed
validated_cached_H50_source_episode,none,552,policy,4,4,True,trained closed-loop execution was not authorized because the held-out inference gate failed
validated_cached_H50_source_episode,none,553,policy,4,4,True,trained closed-loop execution was not authorized because the held-out inference gate failed
validated_cached_H50_source_episode,none,554,policy,4,4,True,trained closed-loop execution was not authorized because the held-out inference gate failed
validated_cached_H50_source_episode,none,555,policy,4,4,True,trained closed-loop execution was not authorized because the held-out inference gate failed
validated_cached_H50_source_episode,none,556,policy,4,4,True,trained closed-loop execution was not authorized because the held-out inference gate failed
validated_cached_H50_source_episode,none,557,policy,4,4,True,trained closed-loop execution was not authorized because the held-out inference gate failed
validated_cached_H50_source_episode,none,558,policy,4,4,True,trained closed-loop execution was not authorized because the held-out inference gate failed
validated_cached_H50_source_episode,none,559,policy,4,4,True,trained closed-loop execution was not authorized because the held-out inference gate failed
validated_cached_H50_source_episode,none,560,policy,4,4,True,trained closed-loop execution was not authorized because the held-out inference gate failed
validated_cached_H50_source_episode,none,561,policy,4,4,True,trained closed-loop execution was not authorized because the held-out inference gate failed
validated_cached_H50_source_episode,none,562,policy,4,4,True,trained closed-loop execution was not authorized because the held-out inference gate failed
validated_cached_H50_source_episode,none,563,policy,4,4,True,trained closed-loop execution was not authorized because the held-out inference gate failed
validated_cached_H50_source_episode,none,564,policy,4,4,True,trained closed-loop execution was not authorized because the held-out inference gate failed
validated_cached_H50_source_episode,none,565,policy,4,4,True,trained closed-loop execution was not authorized because the held-out inference gate failed
validated_cached_H50_source_episode,none,566,policy,4,4,True,trained closed-loop execution was not authorized because the held-out inference gate failed
validated_cached_H50_source_episode,none,567,policy,4,4,True,trained closed-loop execution was not authorized because the held-out inference gate failed
validated_cached_H50_source_episode,none,568,policy,4,4,True,trained closed-loop execution was not authorized because the held-out inference gate failed
validated_cached_H50_source_episode,none,569,policy,4,4,True,trained closed-loop execution was not authorized because the held-out inference gate failed
validated_cached_H50_source_episode,none,570,policy,4,4,True,trained closed-loop execution was not authorized because the held-out inference gate failed
validated_cached_H50_source_episode,none,571,policy,4,4,True,trained closed-loop execution was not authorized because the held-out inference gate failed
validated_cached_H50_source_episode,none,572,policy,4,4,True,trained closed-loop execution was not authorized because the held-out inference gate failed
validated_cached_H50_source_episode,none,573,policy,4,4,True,trained closed-loop execution was not authorized because the held-out inference gate failed
validated_cached_H50_source_episode,none,574,policy,4,4,True,trained closed-loop execution was not authorized because the held-out inference gate failed
validated_cached_H50_source_episode,none,575,policy,4,4,True,trained closed-loop execution was not authorized because the held-out inference gate failed
validated_cached_H50_source_episode,none,576,policy,4,4,True,trained closed-loop execution was not authorized because the held-out inference gate failed
validated_cached_H50_source_episode,none,577,policy,4,4,True,trained closed-loop execution was not authorized because the held-out inference gate failed
validated_cached_H50_source_episode,none,578,policy,4,4,True,trained closed-loop execution was not authorized because the held-out inference gate failed
validated_cached_H50_source_episode,none,579,policy,4,4,True,trained closed-loop execution was not authorized because the held-out inference gate failed
validated_cached_H50_source_episode,none,580,policy,4,4,True,trained closed-loop execution was not authorized because the held-out inference gate failed
validated_cached_H50_source_episode,none,581,policy,4,4,True,trained closed-loop execution was not authorized because the held-out inference gate failed
validated_cached_H50_source_episode,none,582,policy,4,4,True,trained closed-loop execution was not authorized because the held-out inference gate failed
validated_cached_H50_source_episode,none,583,policy,4,4,True,trained closed-loop execution was not authorized because the held-out inference gate failed
validated_cached_H50_source_episode,none,584,policy,4,4,True,trained closed-loop execution was not authorized because the held-out inference gate failed
validated_cached_H50_source_episode,none,585,policy,4,4,True,trained closed-loop execution was not authorized because the held-out inference gate failed
validated_cached_H50_source_episode,none,586,policy,4,4,True,trained closed-loop execution was not authorized because the held-out inference gate failed
validated_cached_H50_source_episode,none,587,policy,4,4,True,trained closed-loop execution was not authorized because the held-out inference gate failed
validated_cached_H50_source_episode,none,588,policy,4,4,True,trained closed-loop execution was not authorized because the held-out inference gate failed
validated_cached_H50_source_episode,none,589,policy,4,4,True,trained closed-loop execution was not authorized because the held-out inference gate failed
validated_cached_H50_source_episode,none,590,policy,4,4,True,trained closed-loop execution was not authorized because the held-out inference gate failed
validated_cached_H50_source_episode,none,591,policy,4,4,True,trained closed-loop execution was not authorized because the held-out inference gate failed
validated_cached_H50_source_episode,none,592,policy,4,4,True,trained closed-loop execution was not authorized because the held-out inference gate failed
validated_cached_H50_source_episode,none,593,policy,4,4,True,trained closed-loop execution was not authorized because the held-out inference gate failed
validated_cached_H50_source_episode,none,594,policy,4,4,True,trained closed-loop execution was not authorized because the held-out inference gate failed
validated_cached_H50_source_episode,none,595,policy,4,4,True,trained closed-loop execution was not authorized because the held-out inference gate failed
validated_cached_H50_source_episode,none,596,policy,4,4,True,trained closed-loop execution was not authorized because the held-out inference gate failed
validated_cached_H50_source_episode,none,597,policy,4,4,True,trained closed-loop execution was not authorized because the held-out inference gate failed
validated_cached_H50_source_episode,none,598,policy,4,4,True,trained closed-loop execution was not authorized because the held-out inference gate failed
validated_cached_H50_source_episode,none,599,policy,4,4,True,trained closed-loop execution was not authorized because the held-out inference gate failed
validated_cached_H50_source_episode,none,600,policy,4,4,True,trained closed-loop execution was not authorized because the held-out inference gate failed
validated_cached_H50_source_episode,none,601,terminal_settle,4,4,True,trained closed-loop execution was not authorized because the held-out inference gate failed
validated_cached_H50_source_episode,none,602,terminal_settle,4,4,True,trained closed-loop execution was not authorized because the held-out inference gate failed
validated_cached_H50_source_episode,none,603,terminal_settle,4,4,True,trained closed-loop execution was not authorized because the held-out inference gate failed
validated_cached_H50_source_episode,none,604,terminal_settle,4,4,True,trained closed-loop execution was not authorized because the held-out inference gate failed
validated_cached_H50_source_episode,none,605,terminal_settle,4,4,True,trained closed-loop execution was not authorized because the held-out inference gate failed
validated_cached_H50_source_episode,none,606,terminal_settle,4,4,True,trained closed-loop execution was not authorized because the held-out inference gate failed
validated_cached_H50_source_episode,none,607,terminal_settle,4,4,True,trained closed-loop execution was not authorized because the held-out inference gate failed
validated_cached_H50_source_episode,none,608,terminal_settle,4,4,True,trained closed-loop execution was not authorized because the held-out inference gate failed
validated_cached_H50_source_episode,none,609,terminal_settle,4,4,True,trained closed-loop execution was not authorized because the held-out inference gate failed
validated_cached_H50_source_episode,none,610,terminal_settle,4,4,True,trained closed-loop execution was not authorized because the held-out inference gate failed
validated_cached_H50_source_episode,none,611,terminal_settle,4,4,True,trained closed-loop execution was not authorized because the held-out inference gate failed
validated_cached_H50_source_episode,none,612,terminal_settle,4,4,True,trained closed-loop execution was not authorized because the held-out inference gate failed
validated_cached_H50_source_episode,none,613,terminal_settle,4,4,True,trained closed-loop execution was not authorized because the held-out inference gate failed
validated_cached_H50_source_episode,none,614,terminal_settle,4,4,True,trained closed-loop execution was not authorized because the held-out inference gate failed
validated_cached_H50_source_episode,none,615,terminal_settle,4,4,True,trained closed-loop execution was not authorized because the held-out inference gate failed
validated_cached_H50_source_episode,none,616,terminal_settle,4,4,True,trained closed-loop execution was not authorized because the held-out inference gate failed
validated_cached_H50_source_episode,none,617,terminal_settle,4,4,True,trained closed-loop execution was not authorized because the held-out inference gate failed
validated_cached_H50_source_episode,none,618,terminal_settle,4,4,True,trained closed-loop execution was not authorized because the held-out inference gate failed
validated_cached_H50_source_episode,none,619,terminal_settle,4,4,True,trained closed-loop execution was not authorized because the held-out inference gate failed
validated_cached_H50_source_episode,none,620,terminal_settle,4,4,True,trained closed-loop execution was not authorized because the held-out inference gate failed
validated_cached_H50_source_episode,none,621,terminal_settle,4,4,True,trained closed-loop execution was not authorized because the held-out inference gate failed
validated_cached_H50_source_episode,none,622,terminal_settle,4,4,True,trained closed-loop execution was not authorized because the held-out inference gate failed
validated_cached_H50_source_episode,none,623,terminal_settle,4,4,True,trained closed-loop execution was not authorized because the held-out inference gate failed
validated_cached_H50_source_episode,none,624,terminal_settle,4,4,True,trained closed-loop execution was not authorized because the held-out inference gate failed
validated_cached_H50_source_episode,none,625,terminal_settle,4,4,True,trained closed-loop execution was not authorized because the held-out inference gate failed
validated_cached_H50_source_episode,none,626,terminal_settle,4,4,True,trained closed-loop execution was not authorized because the held-out inference gate failed
validated_cached_H50_source_episode,none,627,terminal_settle,4,4,True,trained closed-loop execution was not authorized because the held-out inference gate failed
validated_cached_H50_source_episode,none,628,terminal_settle,4,4,True,trained closed-loop execution was not authorized because the held-out inference gate failed
validated_cached_H50_source_episode,none,629,terminal_settle,4,4,True,trained closed-loop execution was not authorized because the held-out inference gate failed
validated_cached_H50_source_episode,none,630,terminal_settle,4,4,True,trained closed-loop execution was not authorized because the held-out inference gate failed
validated_cached_H50_source_episode,none,631,terminal_settle,4,4,True,trained closed-loop execution was not authorized because the held-out inference gate failed
validated_cached_H50_source_episode,none,632,terminal_settle,4,4,True,trained closed-loop execution was not authorized because the held-out inference gate failed
validated_cached_H50_source_episode,none,633,terminal_settle,4,4,True,trained closed-loop execution was not authorized because the held-out inference gate failed
validated_cached_H50_source_episode,none,634,terminal_settle,4,4,True,trained closed-loop execution was not authorized because the held-out inference gate failed
validated_cached_H50_source_episode,none,635,terminal_settle,4,4,True,trained closed-loop execution was not authorized because the held-out inference gate failed
validated_cached_H50_source_episode,none,636,terminal_settle,4,4,True,trained closed-loop execution was not authorized because the held-out inference gate failed
validated_cached_H50_source_episode,none,637,terminal_settle,4,4,True,trained closed-loop execution was not authorized because the held-out inference gate failed
validated_cached_H50_source_episode,none,638,terminal_settle,4,4,True,trained closed-loop execution was not authorized because the held-out inference gate failed
validated_cached_H50_source_episode,none,639,terminal_settle,4,4,True,trained closed-loop execution was not authorized because the held-out inference gate failed
validated_cached_H50_source_episode,none,640,terminal_settle,4,4,True,trained closed-loop execution was not authorized because the held-out inference gate failed
validated_cached_H50_source_episode,none,641,terminal_settle,4,4,True,trained closed-loop execution was not authorized because the held-out inference gate failed
validated_cached_H50_source_episode,none,642,terminal_settle,4,4,True,trained closed-loop execution was not authorized because the held-out inference gate failed
validated_cached_H50_source_episode,none,643,terminal_settle,4,4,True,trained closed-loop execution was not authorized because the held-out inference gate failed
validated_cached_H50_source_episode,none,644,terminal_settle,4,4,True,trained closed-loop execution was not authorized because the held-out inference gate failed
validated_cached_H50_source_episode,none,645,terminal_settle,4,4,True,trained closed-loop execution was not authorized because the held-out inference gate failed
validated_cached_H50_source_episode,none,646,terminal_settle,4,4,True,trained closed-loop execution was not authorized because the held-out inference gate failed
validated_cached_H50_source_episode,none,647,terminal_settle,4,4,True,trained closed-loop execution was not authorized because the held-out inference gate failed
validated_cached_H50_source_episode,none,648,terminal_settle,4,4,True,trained closed-loop execution was not authorized because the held-out inference gate failed
validated_cached_H50_source_episode,none,649,terminal_settle,4,4,True,trained closed-loop execution was not authorized because the held-out inference gate failed
validated_cached_H50_source_episode,none,650,terminal_settle,4,4,True,trained closed-loop execution was not authorized because the held-out inference gate failed
validated_cached_H50_source_episode,none,651,terminal_settle,4,4,True,trained closed-loop execution was not authorized because the held-out inference gate failed
validated_cached_H50_source_episode,none,652,terminal_settle,4,4,True,trained closed-loop execution was not authorized because the held-out inference gate failed
validated_cached_H50_source_episode,none,653,terminal_settle,4,4,True,trained closed-loop execution was not authorized because the held-out inference gate failed
validated_cached_H50_source_episode,none,654,terminal_settle,4,4,True,trained closed-loop execution was not authorized because the held-out inference gate failed
validated_cached_H50_source_episode,none,655,terminal_settle,4,4,True,trained closed-loop execution was not authorized because the held-out inference gate failed
validated_cached_H50_source_episode,none,656,terminal_settle,4,4,True,trained closed-loop execution was not authorized because the held-out inference gate failed
validated_cached_H50_source_episode,none,657,terminal_settle,4,4,True,trained closed-loop execution was not authorized because the held-out inference gate failed
validated_cached_H50_source_episode,none,658,terminal_settle,4,4,True,trained closed-loop execution was not authorized because the held-out inference gate failed
validated_cached_H50_source_episode,none,659,terminal_settle,4,4,True,trained closed-loop execution was not authorized because the held-out inference gate failed
validated_cached_H50_source_episode,none,660,terminal_settle,4,4,True,trained closed-loop execution was not authorized because the held-out inference gate failed
