condition,boundary_action,delay,local_action,global_action,conditions_passed,conditions_total,geometric_success,action_source,period_offset,source_index,joint_rms_rad,cloth_centroid_error_m
cached_h50,5,,1,6,2,4,False,cached_h50,,,,
cached_h50,5,,2,7,2,4,False,cached_h50,,,,
cached_h50,5,,3,8,2,4,False,cached_h50,,,,
cached_h50,5,,4,9,2,4,False,cached_h50,,,,
cached_h50,5,,5,10,2,4,False,cached_h50,,,,
cached_h50,5,,6,11,2,4,False,cached_h50,,,,
cached_h50,5,,7,12,2,4,False,cached_h50,,,,
cached_h50,5,,8,13,2,4,False,cached_h50,,,,
cached_h50,5,,9,14,2,4,False,cached_h50,,,,
cached_h50,5,,10,15,2,4,False,cached_h50,,,,
cached_h50,5,,11,16,2,4,False,cached_h50,,,,
cached_h50,5,,12,17,2,4,False,cached_h50,,,,
cached_h50,5,,13,18,2,4,False,cached_h50,,,,
cached_h50,5,,14,19,2,4,False,cached_h50,,,,
cached_h50,5,,15,20,2,4,False,cached_h50,,,,
cached_h50,5,,16,21,2,4,False,cached_h50,,,,
cached_h50,5,,17,22,2,4,False,cached_h50,,,,
cached_h50,5,,18,23,2,4,False,cached_h50,,,,
cached_h50,5,,19,24,2,4,False,cached_h50,,,,
cached_h50,5,,20,25,2,4,False,cached_h50,,,,
cached_h50,5,,21,26,2,4,False,cached_h50,,,,
cached_h50,5,,22,27,2,4,False,cached_h50,,,,
cached_h50,5,,23,28,2,4,False,cached_h50,,,,
cached_h50,5,,24,29,2,4,False,cached_h50,,,,
cached_h50,5,,25,30,2,4,False,cached_h50,,,,
cached_h50,5,,26,31,2,4,False,cached_h50,,,,
cached_h50,5,,27,32,2,4,False,cached_h50,,,,
cached_h50,5,,28,33,2,4,False,cached_h50,,,,
cached_h50,5,,29,34,2,4,False,cached_h50,,,,
cached_h50,5,,30,35,2,4,False,cached_h50,,,,
cached_h50,5,,31,36,2,4,False,cached_h50,,,,
cached_h50,5,,32,37,2,4,False,cached_h50,,,,
cached_h50,5,,33,38,2,4,False,cached_h50,,,,
cached_h50,5,,34,39,2,4,False,cached_h50,,,,
cached_h50,5,,35,40,2,4,False,cached_h50,,,,
cached_h50,5,,36,41,2,4,False,cached_h50,,,,
cached_h50,5,,37,42,2,4,False,cached_h50,,,,
cached_h50,5,,38,43,2,4,False,cached_h50,,,,
cached_h50,5,,39,44,2,4,False,cached_h50,,,,
cached_h50,5,,40,45,2,4,False,cached_h50,,,,
cached_h50,5,,41,46,2,4,False,cached_h50,,,,
cached_h50,5,,42,47,2,4,False,cached_h50,,,,
cached_h50,5,,43,48,2,4,False,cached_h50,,,,
cached_h50,5,,44,49,2,4,False,cached_h50,,,,
cached_h50,5,,45,50,2,4,False,cached_h50,,,,
cached_h50,5,,46,51,2,4,False,cached_h50,,,,
cached_h50,5,,47,52,2,4,False,cached_h50,,,,
cached_h50,5,,48,53,2,4,False,cached_h50,,,,
cached_h50,5,,49,54,2,4,False,cached_h50,,,,
cached_h50,5,,50,55,2,4,False,cached_h50,,,,
cached_h50,5,,51,56,2,4,False,cached_h50,,,,
cached_h50,5,,52,57,2,4,False,cached_h50,,,,
cached_h50,5,,53,58,2,4,False,cached_h50,,,,
cached_h50,5,,54,59,2,4,False,cached_h50,,,,
cached_h50,5,,55,60,2,4,False,cached_h50,,,,
cached_h50,5,,56,61,2,4,False,cached_h50,,,,
cached_h50,5,,57,62,2,4,False,cached_h50,,,,
cached_h50,5,,58,63,2,4,False,cached_h50,,,,
cached_h50,5,,59,64,2,4,False,cached_h50,,,,
cached_h50,5,,60,65,2,4,False,cached_h50,,,,
cached_h50,5,,61,66,2,4,False,cached_h50,,,,
cached_h50,5,,62,67,2,4,False,cached_h50,,,,
cached_h50,5,,63,68,2,4,False,cached_h50,,,,
cached_h50,5,,64,69,2,4,False,cached_h50,,,,
cached_h50,5,,65,70,2,4,False,cached_h50,,,,
cached_h50,5,,66,71,2,4,False,cached_h50,,,,
cached_h50,5,,67,72,2,4,False,cached_h50,,,,
cached_h50,5,,68,73,2,4,False,cached_h50,,,,
cached_h50,5,,69,74,2,4,False,cached_h50,,,,
cached_h50,5,,70,75,2,4,False,cached_h50,,,,
cached_h50,5,,71,76,2,4,False,cached_h50,,,,
cached_h50,5,,72,77,2,4,False,cached_h50,,,,
cached_h50,5,,73,78,2,4,False,cached_h50,,,,
cached_h50,5,,74,79,2,4,False,cached_h50,,,,
cached_h50,5,,75,80,2,4,False,cached_h50,,,,
cached_h50,5,,76,81,2,4,False,cached_h50,,,,
cached_h50,5,,77,82,2,4,False,cached_h50,,,,
cached_h50,5,,78,83,2,4,False,cached_h50,,,,
cached_h50,5,,79,84,2,4,False,cached_h50,,,,
cached_h50,5,,80,85,2,4,False,cached_h50,,,,
cached_h50,5,,81,86,2,4,False,cached_h50,,,,
cached_h50,5,,82,87,2,4,False,cached_h50,,,,
cached_h50,5,,83,88,2,4,False,cached_h50,,,,
cached_h50,5,,84,89,2,4,False,cached_h50,,,,
cached_h50,5,,85,90,2,4,False,cached_h50,,,,
cached_h50,5,,86,91,2,4,False,cached_h50,,,,
cached_h50,5,,87,92,2,4,False,cached_h50,,,,
cached_h50,5,,88,93,2,4,False,cached_h50,,,,
cached_h50,5,,89,94,2,4,False,cached_h50,,,,
cached_h50,5,,90,95,2,4,False,cached_h50,,,,
cached_h50,5,,91,96,2,4,False,cached_h50,,,,
cached_h50,5,,92,97,2,4,False,cached_h50,,,,
cached_h50,5,,93,98,2,4,False,cached_h50,,,,
cached_h50,5,,94,99,2,4,False,cached_h50,,,,
cached_h50,5,,95,100,2,4,False,cached_h50,,,,
cached_h50,5,,96,101,3,4,False,cached_h50,,,,
cached_h50,5,,97,102,3,4,False,cached_h50,,,,
cached_h50,5,,98,103,3,4,False,cached_h50,,,,
cached_h50,5,,99,104,3,4,False,cached_h50,,,,
cached_h50,5,,100,105,3,4,False,cached_h50,,,,
cached_h50,5,,101,106,3,4,False,cached_h50,,,,
cached_h50,5,,102,107,3,4,False,cached_h50,,,,
cached_h50,5,,103,108,3,4,False,cached_h50,,,,
cached_h50,5,,104,109,3,4,False,cached_h50,,,,
cached_h50,5,,105,110,3,4,False,cached_h50,,,,
cached_h50,5,,106,111,3,4,False,cached_h50,,,,
cached_h50,5,,107,112,3,4,False,cached_h50,,,,
cached_h50,5,,108,113,3,4,False,cached_h50,,,,
cached_h50,5,,109,114,3,4,False,cached_h50,,,,
cached_h50,5,,110,115,4,4,True,cached_h50,,,,
cached_h50,5,,111,116,4,4,True,cached_h50,,,,
cached_h50,5,,112,117,4,4,True,cached_h50,,,,
cached_h50,5,,113,118,4,4,True,cached_h50,,,,
cached_h50,5,,114,119,4,4,True,cached_h50,,,,
cached_h50,5,,115,120,4,4,True,cached_h50,,,,
cached_h50,5,,116,121,4,4,True,cached_h50,,,,
cached_h50,5,,117,122,4,4,True,cached_h50,,,,
cached_h50,5,,118,123,4,4,True,cached_h50,,,,
cached_h50,5,,119,124,4,4,True,cached_h50,,,,
cached_h50,5,,120,125,4,4,True,cached_h50,,,,
cached_h50,5,,121,126,4,4,True,cached_h50,,,,
cached_h50,5,,122,127,4,4,True,cached_h50,,,,
cached_h50,5,,123,128,4,4,True,cached_h50,,,,
cached_h50,5,,124,129,4,4,True,cached_h50,,,,
cached_h50,5,,125,130,4,4,True,cached_h50,,,,
cached_h50,5,,126,131,4,4,True,cached_h50,,,,
cached_h50,5,,127,132,4,4,True,cached_h50,,,,
cached_h50,5,,128,133,4,4,True,cached_h50,,,,
cached_h50,5,,129,134,4,4,True,cached_h50,,,,
cached_h50,5,,130,135,4,4,True,cached_h50,,,,
cached_h50,5,,131,136,4,4,True,cached_h50,,,,
cached_h50,5,,132,137,4,4,True,cached_h50,,,,
cached_h50,5,,133,138,4,4,True,cached_h50,,,,
cached_h50,5,,134,139,4,4,True,cached_h50,,,,
cached_h50,5,,135,140,4,4,True,cached_h50,,,,
cached_h50,5,,136,141,4,4,True,cached_h50,,,,
cached_h50,5,,137,142,4,4,True,cached_h50,,,,
cached_h50,5,,138,143,4,4,True,cached_h50,,,,
cached_h50,5,,139,144,4,4,True,cached_h50,,,,
cached_h50,5,,140,145,4,4,True,cached_h50,,,,
cached_h50,5,,141,146,4,4,True,cached_h50,,,,
cached_h50,5,,142,147,4,4,True,cached_h50,,,,
cached_h50,5,,143,148,4,4,True,cached_h50,,,,
cached_h50,5,,144,149,4,4,True,cached_h50,,,,
cached_h50,5,,145,150,4,4,True,cached_h50,,,,
cached_h50,5,,146,151,4,4,True,cached_h50,,,,
cached_h50,5,,147,152,4,4,True,cached_h50,,,,
cached_h50,5,,148,153,4,4,True,cached_h50,,,,
cached_h50,5,,149,154,4,4,True,cached_h50,,,,
cached_h50,5,,150,155,4,4,True,cached_h50,,,,
cached_h50,5,,151,156,4,4,True,cached_h50,,,,
cached_h50,5,,152,157,4,4,True,cached_h50,,,,
cached_h50,5,,153,158,4,4,True,cached_h50,,,,
cached_h50,5,,154,159,4,4,True,cached_h50,,,,
cached_h50,5,,155,160,4,4,True,cached_h50,,,,
cached_h50,5,,156,161,4,4,True,cached_h50,,,,
cached_h50,5,,157,162,4,4,True,cached_h50,,,,
cached_h50,5,,158,163,4,4,True,cached_h50,,,,
cached_h50,5,,159,164,4,4,True,cached_h50,,,,
cached_h50,5,,160,165,4,4,True,cached_h50,,,,
cached_h50,5,,161,166,4,4,True,cached_h50,,,,
cached_h50,5,,162,167,4,4,True,cached_h50,,,,
cached_h50,5,,163,168,4,4,True,cached_h50,,,,
cached_h50,5,,164,169,4,4,True,cached_h50,,,,
cached_h50,5,,165,170,4,4,True,cached_h50,,,,
cached_h50,5,,166,171,4,4,True,cached_h50,,,,
cached_h50,5,,167,172,4,4,True,cached_h50,,,,
cached_h50,5,,168,173,4,4,True,cached_h50,,,,
cached_h50,5,,169,174,4,4,True,cached_h50,,,,
cached_h50,5,,170,175,4,4,True,cached_h50,,,,
cached_h50,5,,171,176,4,4,True,cached_h50,,,,
cached_h50,5,,172,177,4,4,True,cached_h50,,,,
cached_h50,5,,173,178,4,4,True,cached_h50,,,,
cached_h50,5,,174,179,4,4,True,cached_h50,,,,
cached_h50,5,,175,180,4,4,True,cached_h50,,,,
cached_h50,5,,176,181,4,4,True,cached_h50,,,,
cached_h50,5,,177,182,4,4,True,cached_h50,,,,
cached_h50,5,,178,183,4,4,True,cached_h50,,,,
cached_h50,5,,179,184,4,4,True,cached_h50,,,,
cached_h50,5,,180,185,4,4,True,cached_h50,,,,
cached_h50,5,,181,186,4,4,True,cached_h50,,,,
cached_h50,5,,182,187,4,4,True,cached_h50,,,,
cached_h50,5,,183,188,4,4,True,cached_h50,,,,
cached_h50,5,,184,189,4,4,True,cached_h50,,,,
cached_h50,5,,185,190,4,4,True,cached_h50,,,,
cached_h50,5,,186,191,4,4,True,cached_h50,,,,
cached_h50,5,,187,192,4,4,True,cached_h50,,,,
cached_h50,5,,188,193,4,4,True,cached_h50,,,,
cached_h50,5,,189,194,4,4,True,cached_h50,,,,
cached_h50,5,,190,195,4,4,True,cached_h50,,,,
cached_h50,5,,191,196,4,4,True,cached_h50,,,,
cached_h50,5,,192,197,4,4,True,cached_h50,,,,
cached_h50,5,,193,198,4,4,True,cached_h50,,,,
cached_h50,5,,194,199,4,4,True,cached_h50,,,,
cached_h50,5,,195,200,4,4,True,cached_h50,,,,
cached_h50,5,,196,201,4,4,True,cached_h50,,,,
cached_h50,5,,197,202,4,4,True,cached_h50,,,,
cached_h50,5,,198,203,4,4,True,cached_h50,,,,
cached_h50,5,,199,204,4,4,True,cached_h50,,,,
cached_h50,5,,200,205,4,4,True,cached_h50,,,,
cached_h50,5,,201,206,4,4,True,cached_h50,,,,
cached_h50,5,,202,207,4,4,True,cached_h50,,,,
cached_h50,5,,203,208,4,4,True,cached_h50,,,,
cached_h50,5,,204,209,4,4,True,cached_h50,,,,
cached_h50,5,,205,210,4,4,True,cached_h50,,,,
cached_h50,5,,206,211,4,4,True,cached_h50,,,,
cached_h50,5,,207,212,4,4,True,cached_h50,,,,
cached_h50,5,,208,213,4,4,True,cached_h50,,,,
cached_h50,5,,209,214,4,4,True,cached_h50,,,,
cached_h50,5,,210,215,4,4,True,cached_h50,,,,
cached_h50,5,,211,216,4,4,True,cached_h50,,,,
cached_h50,5,,212,217,4,4,True,cached_h50,,,,
cached_h50,5,,213,218,4,4,True,cached_h50,,,,
cached_h50,5,,214,219,4,4,True,cached_h50,,,,
cached_h50,5,,215,220,4,4,True,cached_h50,,,,
cached_h50,5,,216,221,4,4,True,cached_h50,,,,
cached_h50,5,,217,222,4,4,True,cached_h50,,,,
cached_h50,5,,218,223,4,4,True,cached_h50,,,,
cached_h50,5,,219,224,4,4,True,cached_h50,,,,
cached_h50,5,,220,225,4,4,True,cached_h50,,,,
cached_h50,5,,221,226,4,4,True,cached_h50,,,,
cached_h50,5,,222,227,4,4,True,cached_h50,,,,
cached_h50,5,,223,228,4,4,True,cached_h50,,,,
cached_h50,5,,224,229,4,4,True,cached_h50,,,,
cached_h50,5,,225,230,4,4,True,cached_h50,,,,
cached_h50,5,,226,231,4,4,True,cached_h50,,,,
cached_h50,5,,227,232,4,4,True,cached_h50,,,,
cached_h50,5,,228,233,4,4,True,cached_h50,,,,
cached_h50,5,,229,234,4,4,True,cached_h50,,,,
cached_h50,5,,230,235,4,4,True,cached_h50,,,,
cached_h50,5,,231,236,4,4,True,cached_h50,,,,
cached_h50,5,,232,237,4,4,True,cached_h50,,,,
cached_h50,5,,233,238,4,4,True,cached_h50,,,,
cached_h50,5,,234,239,4,4,True,cached_h50,,,,
cached_h50,5,,235,240,4,4,True,cached_h50,,,,
cached_h50,5,,236,241,4,4,True,cached_h50,,,,
cached_h50,5,,237,242,4,4,True,cached_h50,,,,
cached_h50,5,,238,243,4,4,True,cached_h50,,,,
cached_h50,5,,239,244,4,4,True,cached_h50,,,,
cached_h50,5,,240,245,4,4,True,cached_h50,,,,
cached_h50,5,,241,246,4,4,True,cached_h50,,,,
cached_h50,5,,242,247,4,4,True,cached_h50,,,,
cached_h50,5,,243,248,4,4,True,cached_h50,,,,
cached_h50,5,,244,249,4,4,True,cached_h50,,,,
cached_h50,5,,245,250,4,4,True,cached_h50,,,,
cached_h50,5,,246,251,4,4,True,cached_h50,,,,
cached_h50,5,,247,252,4,4,True,cached_h50,,,,
cached_h50,5,,248,253,4,4,True,cached_h50,,,,
cached_h50,5,,249,254,4,4,True,cached_h50,,,,
cached_h50,5,,250,255,4,4,True,cached_h50,,,,
cached_h50,5,,251,256,4,4,True,cached_h50,,,,
cached_h50,5,,252,257,4,4,True,cached_h50,,,,
cached_h50,5,,253,258,4,4,True,cached_h50,,,,
cached_h50,5,,254,259,4,4,True,cached_h50,,,,
cached_h50,5,,255,260,4,4,True,cached_h50,,,,
cached_h50,5,,256,261,4,4,True,cached_h50,,,,
cached_h50,5,,257,262,4,4,True,cached_h50,,,,
cached_h50,5,,258,263,4,4,True,cached_h50,,,,
cached_h50,5,,259,264,4,4,True,cached_h50,,,,
cached_h50,5,,260,265,4,4,True,cached_h50,,,,
cached_h50,5,,261,266,4,4,True,cached_h50,,,,
cached_h50,5,,262,267,4,4,True,cached_h50,,,,
cached_h50,5,,263,268,4,4,True,cached_h50,,,,
cached_h50,5,,264,269,4,4,True,cached_h50,,,,
cached_h50,5,,265,270,4,4,True,cached_h50,,,,
cached_h50,5,,266,271,4,4,True,cached_h50,,,,
cached_h50,5,,267,272,4,4,True,cached_h50,,,,
cached_h50,5,,268,273,4,4,True,cached_h50,,,,
cached_h50,5,,269,274,4,4,True,cached_h50,,,,
cached_h50,5,,270,275,4,4,True,cached_h50,,,,
cached_h50,5,,271,276,4,4,True,cached_h50,,,,
cached_h50,5,,272,277,4,4,True,cached_h50,,,,
cached_h50,5,,273,278,4,4,True,cached_h50,,,,
cached_h50,5,,274,279,4,4,True,cached_h50,,,,
cached_h50,5,,275,280,4,4,True,cached_h50,,,,
cached_h50,5,,276,281,4,4,True,cached_h50,,,,
cached_h50,5,,277,282,4,4,True,cached_h50,,,,
cached_h50,5,,278,283,4,4,True,cached_h50,,,,
cached_h50,5,,279,284,4,4,True,cached_h50,,,,
cached_h50,5,,280,285,4,4,True,cached_h50,,,,
cached_h50,5,,281,286,4,4,True,cached_h50,,,,
cached_h50,5,,282,287,4,4,True,cached_h50,,,,
cached_h50,5,,283,288,4,4,True,cached_h50,,,,
cached_h50,5,,284,289,4,4,True,cached_h50,,,,
cached_h50,5,,285,290,4,4,True,cached_h50,,,,
cached_h50,5,,286,291,4,4,True,cached_h50,,,,
cached_h50,5,,287,292,4,4,True,cached_h50,,,,
cached_h50,5,,288,293,4,4,True,cached_h50,,,,
cached_h50,5,,289,294,4,4,True,cached_h50,,,,
cached_h50,5,,290,295,4,4,True,cached_h50,,,,
cached_h50,5,,291,296,4,4,True,cached_h50,,,,
cached_h50,5,,292,297,4,4,True,cached_h50,,,,
cached_h50,5,,293,298,4,4,True,cached_h50,,,,
cached_h50,5,,294,299,4,4,True,cached_h50,,,,
cached_h50,5,,295,300,4,4,True,cached_h50,,,,
cached_h50,5,,296,301,4,4,True,cached_h50,,,,
cached_h50,5,,297,302,4,4,True,cached_h50,,,,
cached_h50,5,,298,303,4,4,True,cached_h50,,,,
cached_h50,5,,299,304,4,4,True,cached_h50,,,,
cached_h50,5,,300,305,4,4,True,cached_h50,,,,
cached_h50,5,,301,306,4,4,True,cached_h50,,,,
cached_h50,5,,302,307,4,4,True,cached_h50,,,,
cached_h50,5,,303,308,4,4,True,cached_h50,,,,
cached_h50,5,,304,309,4,4,True,cached_h50,,,,
cached_h50,5,,305,310,4,4,True,cached_h50,,,,
cached_h50,5,,306,311,4,4,True,cached_h50,,,,
cached_h50,5,,307,312,4,4,True,cached_h50,,,,
cached_h50,5,,308,313,4,4,True,cached_h50,,,,
cached_h50,5,,309,314,4,4,True,cached_h50,,,,
cached_h50,5,,310,315,4,4,True,cached_h50,,,,
cached_h50,5,,311,316,4,4,True,cached_h50,,,,
cached_h50,5,,312,317,4,4,True,cached_h50,,,,
cached_h50,5,,313,318,4,4,True,cached_h50,,,,
cached_h50,5,,314,319,4,4,True,cached_h50,,,,
cached_h50,5,,315,320,4,4,True,cached_h50,,,,
cached_h50,5,,316,321,4,4,True,cached_h50,,,,
cached_h50,5,,317,322,4,4,True,cached_h50,,,,
cached_h50,5,,318,323,4,4,True,cached_h50,,,,
cached_h50,5,,319,324,4,4,True,cached_h50,,,,
cached_h50,5,,320,325,4,4,True,cached_h50,,,,
cached_h50,5,,321,326,4,4,True,cached_h50,,,,
cached_h50,5,,322,327,4,4,True,cached_h50,,,,
cached_h50,5,,323,328,4,4,True,cached_h50,,,,
cached_h50,5,,324,329,4,4,True,cached_h50,,,,
cached_h50,5,,325,330,4,4,True,cached_h50,,,,
cached_h50,5,,326,331,4,4,True,cached_h50,,,,
cached_h50,5,,327,332,4,4,True,cached_h50,,,,
cached_h50,5,,328,333,4,4,True,cached_h50,,,,
cached_h50,5,,329,334,4,4,True,cached_h50,,,,
cached_h50,5,,330,335,4,4,True,cached_h50,,,,
cached_h50,5,,331,336,4,4,True,cached_h50,,,,
cached_h50,5,,332,337,4,4,True,cached_h50,,,,
cached_h50,5,,333,338,4,4,True,cached_h50,,,,
cached_h50,5,,334,339,4,4,True,cached_h50,,,,
cached_h50,5,,335,340,4,4,True,cached_h50,,,,
cached_h50,5,,336,341,4,4,True,cached_h50,,,,
cached_h50,5,,337,342,4,4,True,cached_h50,,,,
cached_h50,5,,338,343,4,4,True,cached_h50,,,,
cached_h50,5,,339,344,4,4,True,cached_h50,,,,
cached_h50,5,,340,345,4,4,True,cached_h50,,,,
cached_h50,5,,341,346,4,4,True,cached_h50,,,,
cached_h50,5,,342,347,4,4,True,cached_h50,,,,
cached_h50,5,,343,348,4,4,True,cached_h50,,,,
cached_h50,5,,344,349,4,4,True,cached_h50,,,,
cached_h50,5,,345,350,4,4,True,cached_h50,,,,
cached_h50,5,,346,351,4,4,True,cached_h50,,,,
cached_h50,5,,347,352,4,4,True,cached_h50,,,,
cached_h50,5,,348,353,4,4,True,cached_h50,,,,
cached_h50,5,,349,354,4,4,True,cached_h50,,,,
cached_h50,5,,350,355,4,4,True,cached_h50,,,,
cached_h50,5,,351,356,4,4,True,cached_h50,,,,
cached_h50,5,,352,357,4,4,True,cached_h50,,,,
cached_h50,5,,353,358,4,4,True,cached_h50,,,,
cached_h50,5,,354,359,4,4,True,cached_h50,,,,
cached_h50,5,,355,360,4,4,True,cached_h50,,,,
cached_h50,5,,356,361,4,4,True,cached_h50,,,,
cached_h50,5,,357,362,4,4,True,cached_h50,,,,
cached_h50,5,,358,363,4,4,True,cached_h50,,,,
cached_h50,5,,359,364,4,4,True,cached_h50,,,,
cached_h50,5,,360,365,4,4,True,cached_h50,,,,
cached_h50,5,,361,366,4,4,True,cached_h50,,,,
cached_h50,5,,362,367,4,4,True,cached_h50,,,,
cached_h50,5,,363,368,4,4,True,cached_h50,,,,
cached_h50,5,,364,369,4,4,True,cached_h50,,,,
cached_h50,5,,365,370,4,4,True,cached_h50,,,,
cached_h50,5,,366,371,4,4,True,cached_h50,,,,
cached_h50,5,,367,372,4,4,True,cached_h50,,,,
cached_h50,5,,368,373,4,4,True,cached_h50,,,,
cached_h50,5,,369,374,4,4,True,cached_h50,,,,
cached_h50,5,,370,375,4,4,True,cached_h50,,,,
cached_h50,5,,371,376,4,4,True,cached_h50,,,,
cached_h50,5,,372,377,4,4,True,cached_h50,,,,
cached_h50,5,,373,378,4,4,True,cached_h50,,,,
cached_h50,5,,374,379,4,4,True,cached_h50,,,,
cached_h50,5,,375,380,4,4,True,cached_h50,,,,
cached_h50,5,,376,381,4,4,True,cached_h50,,,,
cached_h50,5,,377,382,4,4,True,cached_h50,,,,
cached_h50,5,,378,383,4,4,True,cached_h50,,,,
cached_h50,5,,379,384,4,4,True,cached_h50,,,,
cached_h50,5,,380,385,4,4,True,cached_h50,,,,
cached_h50,5,,381,386,4,4,True,cached_h50,,,,
cached_h50,5,,382,387,4,4,True,cached_h50,,,,
cached_h50,5,,383,388,4,4,True,cached_h50,,,,
cached_h50,5,,384,389,4,4,True,cached_h50,,,,
cached_h50,5,,385,390,4,4,True,cached_h50,,,,
cached_h50,5,,386,391,4,4,True,cached_h50,,,,
cached_h50,5,,387,392,4,4,True,cached_h50,,,,
cached_h50,5,,388,393,4,4,True,cached_h50,,,,
cached_h50,5,,389,394,4,4,True,cached_h50,,,,
cached_h50,5,,390,395,4,4,True,cached_h50,,,,
cached_h50,5,,391,396,4,4,True,cached_h50,,,,
cached_h50,5,,392,397,4,4,True,cached_h50,,,,
cached_h50,5,,393,398,4,4,True,cached_h50,,,,
cached_h50,5,,394,399,4,4,True,cached_h50,,,,
cached_h50,5,,395,400,4,4,True,cached_h50,,,,
cached_h50,5,,396,401,4,4,True,cached_h50,,,,
cached_h50,5,,397,402,4,4,True,cached_h50,,,,
cached_h50,5,,398,403,4,4,True,cached_h50,,,,
cached_h50,5,,399,404,4,4,True,cached_h50,,,,
cached_h50,5,,400,405,4,4,True,cached_h50,,,,
cached_h50,5,,401,406,4,4,True,cached_h50,,,,
cached_h50,5,,402,407,4,4,True,cached_h50,,,,
cached_h50,5,,403,408,4,4,True,cached_h50,,,,
cached_h50,5,,404,409,4,4,True,cached_h50,,,,
cached_h50,5,,405,410,4,4,True,cached_h50,,,,
cached_h50,5,,406,411,4,4,True,cached_h50,,,,
cached_h50,5,,407,412,4,4,True,cached_h50,,,,
cached_h50,5,,408,413,4,4,True,cached_h50,,,,
cached_h50,5,,409,414,4,4,True,cached_h50,,,,
cached_h50,5,,410,415,4,4,True,cached_h50,,,,
cached_h50,5,,411,416,4,4,True,cached_h50,,,,
cached_h50,5,,412,417,4,4,True,cached_h50,,,,
cached_h50,5,,413,418,4,4,True,cached_h50,,,,
cached_h50,5,,414,419,4,4,True,cached_h50,,,,
cached_h50,5,,415,420,4,4,True,cached_h50,,,,
cached_h50,5,,416,421,4,4,True,cached_h50,,,,
cached_h50,5,,417,422,4,4,True,cached_h50,,,,
cached_h50,5,,418,423,4,4,True,cached_h50,,,,
cached_h50,5,,419,424,4,4,True,cached_h50,,,,
cached_h50,5,,420,425,4,4,True,cached_h50,,,,
cached_h50,5,,421,426,4,4,True,cached_h50,,,,
cached_h50,5,,422,427,4,4,True,cached_h50,,,,
cached_h50,5,,423,428,4,4,True,cached_h50,,,,
cached_h50,5,,424,429,4,4,True,cached_h50,,,,
cached_h50,5,,425,430,4,4,True,cached_h50,,,,
cached_h50,5,,426,431,4,4,True,cached_h50,,,,
cached_h50,5,,427,432,4,4,True,cached_h50,,,,
cached_h50,5,,428,433,4,4,True,cached_h50,,,,
cached_h50,5,,429,434,4,4,True,cached_h50,,,,
cached_h50,5,,430,435,4,4,True,cached_h50,,,,
cached_h50,5,,431,436,4,4,True,cached_h50,,,,
cached_h50,5,,432,437,4,4,True,cached_h50,,,,
cached_h50,5,,433,438,4,4,True,cached_h50,,,,
cached_h50,5,,434,439,4,4,True,cached_h50,,,,
cached_h50,5,,435,440,4,4,True,cached_h50,,,,
cached_h50,5,,436,441,4,4,True,cached_h50,,,,
cached_h50,5,,437,442,4,4,True,cached_h50,,,,
cached_h50,5,,438,443,4,4,True,cached_h50,,,,
cached_h50,5,,439,444,4,4,True,cached_h50,,,,
cached_h50,5,,440,445,4,4,True,cached_h50,,,,
cached_h50,5,,441,446,4,4,True,cached_h50,,,,
cached_h50,5,,442,447,4,4,True,cached_h50,,,,
cached_h50,5,,443,448,4,4,True,cached_h50,,,,
cached_h50,5,,444,449,4,4,True,cached_h50,,,,
cached_h50,5,,445,450,4,4,True,cached_h50,,,,
cached_h50,5,,446,451,4,4,True,cached_h50,,,,
cached_h50,5,,447,452,4,4,True,cached_h50,,,,
cached_h50,5,,448,453,4,4,True,cached_h50,,,,
cached_h50,5,,449,454,4,4,True,cached_h50,,,,
cached_h50,5,,450,455,4,4,True,cached_h50,,,,
cached_h50,5,,451,456,4,4,True,cached_h50,,,,
cached_h50,5,,452,457,4,4,True,cached_h50,,,,
cached_h50,5,,453,458,4,4,True,cached_h50,,,,
cached_h50,5,,454,459,4,4,True,cached_h50,,,,
cached_h50,5,,455,460,4,4,True,cached_h50,,,,
cached_h50,5,,456,461,4,4,True,cached_h50,,,,
cached_h50,5,,457,462,4,4,True,cached_h50,,,,
cached_h50,5,,458,463,4,4,True,cached_h50,,,,
cached_h50,5,,459,464,4,4,True,cached_h50,,,,
cached_h50,5,,460,465,4,4,True,cached_h50,,,,
cached_h50,5,,461,466,4,4,True,cached_h50,,,,
cached_h50,5,,462,467,4,4,True,cached_h50,,,,
cached_h50,5,,463,468,4,4,True,cached_h50,,,,
cached_h50,5,,464,469,4,4,True,cached_h50,,,,
cached_h50,5,,465,470,4,4,True,cached_h50,,,,
cached_h50,5,,466,471,4,4,True,cached_h50,,,,
cached_h50,5,,467,472,4,4,True,cached_h50,,,,
cached_h50,5,,468,473,4,4,True,cached_h50,,,,
cached_h50,5,,469,474,4,4,True,cached_h50,,,,
cached_h50,5,,470,475,4,4,True,cached_h50,,,,
cached_h50,5,,471,476,4,4,True,cached_h50,,,,
cached_h50,5,,472,477,4,4,True,cached_h50,,,,
cached_h50,5,,473,478,4,4,True,cached_h50,,,,
cached_h50,5,,474,479,4,4,True,cached_h50,,,,
cached_h50,5,,475,480,4,4,True,cached_h50,,,,
cached_h50,5,,476,481,4,4,True,cached_h50,,,,
cached_h50,5,,477,482,4,4,True,cached_h50,,,,
cached_h50,5,,478,483,4,4,True,cached_h50,,,,
cached_h50,5,,479,484,4,4,True,cached_h50,,,,
cached_h50,5,,480,485,4,4,True,cached_h50,,,,
cached_h50,5,,481,486,4,4,True,cached_h50,,,,
cached_h50,5,,482,487,4,4,True,cached_h50,,,,
cached_h50,5,,483,488,4,4,True,cached_h50,,,,
cached_h50,5,,484,489,4,4,True,cached_h50,,,,
cached_h50,5,,485,490,4,4,True,cached_h50,,,,
cached_h50,5,,486,491,4,4,True,cached_h50,,,,
cached_h50,5,,487,492,4,4,True,cached_h50,,,,
cached_h50,5,,488,493,4,4,True,cached_h50,,,,
cached_h50,5,,489,494,4,4,True,cached_h50,,,,
cached_h50,5,,490,495,4,4,True,cached_h50,,,,
cached_h50,5,,491,496,4,4,True,cached_h50,,,,
cached_h50,5,,492,497,4,4,True,cached_h50,,,,
cached_h50,5,,493,498,4,4,True,cached_h50,,,,
cached_h50,5,,494,499,4,4,True,cached_h50,,,,
cached_h50,5,,495,500,4,4,True,cached_h50,,,,
cached_h50,5,,496,501,4,4,True,cached_h50,,,,
cached_h50,5,,497,502,4,4,True,cached_h50,,,,
cached_h50,5,,498,503,4,4,True,cached_h50,,,,
cached_h50,5,,499,504,4,4,True,cached_h50,,,,
cached_h50,5,,500,505,4,4,True,cached_h50,,,,
cached_h50,5,,501,506,4,4,True,cached_h50,,,,
cached_h50,5,,502,507,4,4,True,cached_h50,,,,
cached_h50,5,,503,508,4,4,True,cached_h50,,,,
cached_h50,5,,504,509,4,4,True,cached_h50,,,,
cached_h50,5,,505,510,4,4,True,cached_h50,,,,
cached_h50,5,,506,511,4,4,True,cached_h50,,,,
cached_h50,5,,507,512,4,4,True,cached_h50,,,,
cached_h50,5,,508,513,4,4,True,cached_h50,,,,
cached_h50,5,,509,514,4,4,True,cached_h50,,,,
cached_h50,5,,510,515,4,4,True,cached_h50,,,,
cached_h50,5,,511,516,4,4,True,cached_h50,,,,
cached_h50,5,,512,517,4,4,True,cached_h50,,,,
cached_h50,5,,513,518,4,4,True,cached_h50,,,,
cached_h50,5,,514,519,4,4,True,cached_h50,,,,
cached_h50,5,,515,520,4,4,True,cached_h50,,,,
cached_h50,5,,516,521,4,4,True,cached_h50,,,,
cached_h50,5,,517,522,4,4,True,cached_h50,,,,
cached_h50,5,,518,523,4,4,True,cached_h50,,,,
cached_h50,5,,519,524,4,4,True,cached_h50,,,,
cached_h50,5,,520,525,4,4,True,cached_h50,,,,
cached_h50,5,,521,526,4,4,True,cached_h50,,,,
cached_h50,5,,522,527,4,4,True,cached_h50,,,,
cached_h50,5,,523,528,4,4,True,cached_h50,,,,
cached_h50,5,,524,529,4,4,True,cached_h50,,,,
cached_h50,5,,525,530,4,4,True,cached_h50,,,,
cached_h50,5,,526,531,4,4,True,cached_h50,,,,
cached_h50,5,,527,532,4,4,True,cached_h50,,,,
cached_h50,5,,528,533,4,4,True,cached_h50,,,,
cached_h50,5,,529,534,4,4,True,cached_h50,,,,
cached_h50,5,,530,535,4,4,True,cached_h50,,,,
cached_h50,5,,531,536,4,4,True,cached_h50,,,,
cached_h50,5,,532,537,4,4,True,cached_h50,,,,
cached_h50,5,,533,538,4,4,True,cached_h50,,,,
cached_h50,5,,534,539,4,4,True,cached_h50,,,,
cached_h50,5,,535,540,4,4,True,cached_h50,,,,
cached_h50,5,,536,541,4,4,True,cached_h50,,,,
cached_h50,5,,537,542,4,4,True,cached_h50,,,,
cached_h50,5,,538,543,4,4,True,cached_h50,,,,
cached_h50,5,,539,544,4,4,True,cached_h50,,,,
cached_h50,5,,540,545,4,4,True,cached_h50,,,,
cached_h50,5,,541,546,4,4,True,cached_h50,,,,
cached_h50,5,,542,547,4,4,True,cached_h50,,,,
cached_h50,5,,543,548,4,4,True,cached_h50,,,,
cached_h50,5,,544,549,4,4,True,cached_h50,,,,
cached_h50,5,,545,550,4,4,True,cached_h50,,,,
cached_h50,5,,546,551,4,4,True,cached_h50,,,,
cached_h50,5,,547,552,4,4,True,cached_h50,,,,
cached_h50,5,,548,553,4,4,True,cached_h50,,,,
cached_h50,5,,549,554,4,4,True,cached_h50,,,,
cached_h50,5,,550,555,4,4,True,cached_h50,,,,
cached_h50,5,,551,556,4,4,True,cached_h50,,,,
cached_h50,5,,552,557,4,4,True,cached_h50,,,,
cached_h50,5,,553,558,4,4,True,cached_h50,,,,
cached_h50,5,,554,559,4,4,True,cached_h50,,,,
cached_h50,5,,555,560,4,4,True,cached_h50,,,,
cached_h50,5,,556,561,4,4,True,cached_h50,,,,
cached_h50,5,,557,562,4,4,True,cached_h50,,,,
cached_h50,5,,558,563,4,4,True,cached_h50,,,,
cached_h50,5,,559,564,4,4,True,cached_h50,,,,
cached_h50,5,,560,565,4,4,True,cached_h50,,,,
cached_h50,5,,561,566,4,4,True,cached_h50,,,,
cached_h50,5,,562,567,4,4,True,cached_h50,,,,
cached_h50,5,,563,568,4,4,True,cached_h50,,,,
cached_h50,5,,564,569,4,4,True,cached_h50,,,,
cached_h50,5,,565,570,4,4,True,cached_h50,,,,
cached_h50,5,,566,571,4,4,True,cached_h50,,,,
cached_h50,5,,567,572,4,4,True,cached_h50,,,,
cached_h50,5,,568,573,4,4,True,cached_h50,,,,
cached_h50,5,,569,574,4,4,True,cached_h50,,,,
cached_h50,5,,570,575,4,4,True,cached_h50,,,,
cached_h50,5,,571,576,4,4,True,cached_h50,,,,
cached_h50,5,,572,577,4,4,True,cached_h50,,,,
cached_h50,5,,573,578,4,4,True,cached_h50,,,,
cached_h50,5,,574,579,4,4,True,cached_h50,,,,
cached_h50,5,,575,580,4,4,True,cached_h50,,,,
cached_h50,5,,576,581,4,4,True,cached_h50,,,,
cached_h50,5,,577,582,4,4,True,cached_h50,,,,
cached_h50,5,,578,583,4,4,True,cached_h50,,,,
cached_h50,5,,579,584,4,4,True,cached_h50,,,,
cached_h50,5,,580,585,4,4,True,cached_h50,,,,
cached_h50,5,,581,586,4,4,True,cached_h50,,,,
cached_h50,5,,582,587,4,4,True,cached_h50,,,,
cached_h50,5,,583,588,4,4,True,cached_h50,,,,
cached_h50,5,,584,589,4,4,True,cached_h50,,,,
cached_h50,5,,585,590,4,4,True,cached_h50,,,,
cached_h50,5,,586,591,4,4,True,cached_h50,,,,
cached_h50,5,,587,592,4,4,True,cached_h50,,,,
cached_h50,5,,588,593,4,4,True,cached_h50,,,,
cached_h50,5,,589,594,4,4,True,cached_h50,,,,
cached_h50,5,,590,595,4,4,True,cached_h50,,,,
cached_h50,5,,591,596,4,4,True,cached_h50,,,,
cached_h50,5,,592,597,4,4,True,cached_h50,,,,
cached_h50,5,,593,598,4,4,True,cached_h50,,,,
cached_h50,5,,594,599,4,4,True,cached_h50,,,,
cached_h50,5,,595,600,4,4,True,cached_h50,,,,
same_rng_h10,5,,1,6,2,4,False,fresh_h10,,,,
same_rng_h10,5,,2,7,2,4,False,fresh_h10,,,,
same_rng_h10,5,,3,8,2,4,False,fresh_h10,,,,
same_rng_h10,5,,4,9,2,4,False,fresh_h10,,,,
same_rng_h10,5,,5,10,2,4,False,fresh_h10,,,,
same_rng_h10,5,,6,11,2,4,False,fresh_h10,,,,
same_rng_h10,5,,7,12,2,4,False,fresh_h10,,,,
same_rng_h10,5,,8,13,2,4,False,fresh_h10,,,,
same_rng_h10,5,,9,14,2,4,False,fresh_h10,,,,
same_rng_h10,5,,10,15,2,4,False,fresh_h10,,,,
same_rng_h10,5,,11,16,2,4,False,fresh_h10,,,,
same_rng_h10,5,,12,17,2,4,False,fresh_h10,,,,
same_rng_h10,5,,13,18,2,4,False,fresh_h10,,,,
same_rng_h10,5,,14,19,2,4,False,fresh_h10,,,,
same_rng_h10,5,,15,20,2,4,False,fresh_h10,,,,
same_rng_h10,5,,16,21,2,4,False,fresh_h10,,,,
same_rng_h10,5,,17,22,2,4,False,fresh_h10,,,,
same_rng_h10,5,,18,23,2,4,False,fresh_h10,,,,
same_rng_h10,5,,19,24,2,4,False,fresh_h10,,,,
same_rng_h10,5,,20,25,2,4,False,fresh_h10,,,,
same_rng_h10,5,,21,26,2,4,False,fresh_h10,,,,
same_rng_h10,5,,22,27,2,4,False,fresh_h10,,,,
same_rng_h10,5,,23,28,2,4,False,fresh_h10,,,,
same_rng_h10,5,,24,29,2,4,False,fresh_h10,,,,
same_rng_h10,5,,25,30,2,4,False,fresh_h10,,,,
same_rng_h10,5,,26,31,2,4,False,fresh_h10,,,,
same_rng_h10,5,,27,32,2,4,False,fresh_h10,,,,
same_rng_h10,5,,28,33,2,4,False,fresh_h10,,,,
same_rng_h10,5,,29,34,2,4,False,fresh_h10,,,,
same_rng_h10,5,,30,35,2,4,False,fresh_h10,,,,
same_rng_h10,5,,31,36,2,4,False,fresh_h10,,,,
same_rng_h10,5,,32,37,2,4,False,fresh_h10,,,,
same_rng_h10,5,,33,38,2,4,False,fresh_h10,,,,
same_rng_h10,5,,34,39,2,4,False,fresh_h10,,,,
same_rng_h10,5,,35,40,2,4,False,fresh_h10,,,,
same_rng_h10,5,,36,41,2,4,False,fresh_h10,,,,
same_rng_h10,5,,37,42,2,4,False,fresh_h10,,,,
same_rng_h10,5,,38,43,2,4,False,fresh_h10,,,,
same_rng_h10,5,,39,44,2,4,False,fresh_h10,,,,
same_rng_h10,5,,40,45,2,4,False,fresh_h10,,,,
same_rng_h10,5,,41,46,2,4,False,fresh_h10,,,,
same_rng_h10,5,,42,47,2,4,False,fresh_h10,,,,
same_rng_h10,5,,43,48,2,4,False,fresh_h10,,,,
same_rng_h10,5,,44,49,2,4,False,fresh_h10,,,,
same_rng_h10,5,,45,50,2,4,False,fresh_h10,,,,
same_rng_h10,5,,46,51,2,4,False,fresh_h10,,,,
same_rng_h10,5,,47,52,2,4,False,fresh_h10,,,,
same_rng_h10,5,,48,53,2,4,False,fresh_h10,,,,
same_rng_h10,5,,49,54,2,4,False,fresh_h10,,,,
same_rng_h10,5,,50,55,2,4,False,fresh_h10,,,,
same_rng_h10,5,,51,56,2,4,False,fresh_h10,,,,
same_rng_h10,5,,52,57,2,4,False,fresh_h10,,,,
same_rng_h10,5,,53,58,2,4,False,fresh_h10,,,,
same_rng_h10,5,,54,59,2,4,False,fresh_h10,,,,
same_rng_h10,5,,55,60,2,4,False,fresh_h10,,,,
same_rng_h10,5,,56,61,2,4,False,fresh_h10,,,,
same_rng_h10,5,,57,62,2,4,False,fresh_h10,,,,
same_rng_h10,5,,58,63,2,4,False,fresh_h10,,,,
same_rng_h10,5,,59,64,2,4,False,fresh_h10,,,,
same_rng_h10,5,,60,65,2,4,False,fresh_h10,,,,
same_rng_h10,5,,61,66,2,4,False,fresh_h10,,,,
same_rng_h10,5,,62,67,2,4,False,fresh_h10,,,,
same_rng_h10,5,,63,68,2,4,False,fresh_h10,,,,
same_rng_h10,5,,64,69,2,4,False,fresh_h10,,,,
same_rng_h10,5,,65,70,2,4,False,fresh_h10,,,,
same_rng_h10,5,,66,71,2,4,False,fresh_h10,,,,
same_rng_h10,5,,67,72,2,4,False,fresh_h10,,,,
same_rng_h10,5,,68,73,2,4,False,fresh_h10,,,,
same_rng_h10,5,,69,74,2,4,False,fresh_h10,,,,
same_rng_h10,5,,70,75,2,4,False,fresh_h10,,,,
same_rng_h10,5,,71,76,2,4,False,fresh_h10,,,,
same_rng_h10,5,,72,77,2,4,False,fresh_h10,,,,
same_rng_h10,5,,73,78,2,4,False,fresh_h10,,,,
same_rng_h10,5,,74,79,2,4,False,fresh_h10,,,,
same_rng_h10,5,,75,80,2,4,False,fresh_h10,,,,
same_rng_h10,5,,76,81,2,4,False,fresh_h10,,,,
same_rng_h10,5,,77,82,2,4,False,fresh_h10,,,,
same_rng_h10,5,,78,83,2,4,False,fresh_h10,,,,
same_rng_h10,5,,79,84,2,4,False,fresh_h10,,,,
same_rng_h10,5,,80,85,2,4,False,fresh_h10,,,,
same_rng_h10,5,,81,86,2,4,False,fresh_h10,,,,
same_rng_h10,5,,82,87,2,4,False,fresh_h10,,,,
same_rng_h10,5,,83,88,2,4,False,fresh_h10,,,,
same_rng_h10,5,,84,89,2,4,False,fresh_h10,,,,
same_rng_h10,5,,85,90,2,4,False,fresh_h10,,,,
same_rng_h10,5,,86,91,2,4,False,fresh_h10,,,,
same_rng_h10,5,,87,92,2,4,False,fresh_h10,,,,
same_rng_h10,5,,88,93,2,4,False,fresh_h10,,,,
same_rng_h10,5,,89,94,2,4,False,fresh_h10,,,,
same_rng_h10,5,,90,95,2,4,False,fresh_h10,,,,
same_rng_h10,5,,91,96,2,4,False,fresh_h10,,,,
same_rng_h10,5,,92,97,2,4,False,fresh_h10,,,,
same_rng_h10,5,,93,98,2,4,False,fresh_h10,,,,
same_rng_h10,5,,94,99,2,4,False,fresh_h10,,,,
same_rng_h10,5,,95,100,2,4,False,fresh_h10,,,,
same_rng_h10,5,,96,101,2,4,False,fresh_h10,,,,
same_rng_h10,5,,97,102,2,4,False,fresh_h10,,,,
same_rng_h10,5,,98,103,2,4,False,fresh_h10,,,,
same_rng_h10,5,,99,104,2,4,False,fresh_h10,,,,
same_rng_h10,5,,100,105,2,4,False,fresh_h10,,,,
same_rng_h10,5,,101,106,2,4,False,fresh_h10,,,,
same_rng_h10,5,,102,107,2,4,False,fresh_h10,,,,
same_rng_h10,5,,103,108,2,4,False,fresh_h10,,,,
same_rng_h10,5,,104,109,2,4,False,fresh_h10,,,,
same_rng_h10,5,,105,110,2,4,False,fresh_h10,,,,
same_rng_h10,5,,106,111,2,4,False,fresh_h10,,,,
same_rng_h10,5,,107,112,2,4,False,fresh_h10,,,,
same_rng_h10,5,,108,113,2,4,False,fresh_h10,,,,
same_rng_h10,5,,109,114,2,4,False,fresh_h10,,,,
same_rng_h10,5,,110,115,2,4,False,fresh_h10,,,,
same_rng_h10,5,,111,116,2,4,False,fresh_h10,,,,
same_rng_h10,5,,112,117,2,4,False,fresh_h10,,,,
same_rng_h10,5,,113,118,2,4,False,fresh_h10,,,,
same_rng_h10,5,,114,119,2,4,False,fresh_h10,,,,
same_rng_h10,5,,115,120,2,4,False,fresh_h10,,,,
same_rng_h10,5,,116,121,2,4,False,fresh_h10,,,,
same_rng_h10,5,,117,122,2,4,False,fresh_h10,,,,
same_rng_h10,5,,118,123,2,4,False,fresh_h10,,,,
same_rng_h10,5,,119,124,2,4,False,fresh_h10,,,,
same_rng_h10,5,,120,125,2,4,False,fresh_h10,,,,
same_rng_h10,5,,121,126,2,4,False,fresh_h10,,,,
same_rng_h10,5,,122,127,2,4,False,fresh_h10,,,,
same_rng_h10,5,,123,128,2,4,False,fresh_h10,,,,
same_rng_h10,5,,124,129,2,4,False,fresh_h10,,,,
same_rng_h10,5,,125,130,2,4,False,fresh_h10,,,,
same_rng_h10,5,,126,131,2,4,False,fresh_h10,,,,
same_rng_h10,5,,127,132,2,4,False,fresh_h10,,,,
same_rng_h10,5,,128,133,2,4,False,fresh_h10,,,,
same_rng_h10,5,,129,134,2,4,False,fresh_h10,,,,
same_rng_h10,5,,130,135,2,4,False,fresh_h10,,,,
same_rng_h10,5,,131,136,2,4,False,fresh_h10,,,,
same_rng_h10,5,,132,137,2,4,False,fresh_h10,,,,
same_rng_h10,5,,133,138,2,4,False,fresh_h10,,,,
same_rng_h10,5,,134,139,2,4,False,fresh_h10,,,,
same_rng_h10,5,,135,140,2,4,False,fresh_h10,,,,
same_rng_h10,5,,136,141,2,4,False,fresh_h10,,,,
same_rng_h10,5,,137,142,2,4,False,fresh_h10,,,,
same_rng_h10,5,,138,143,2,4,False,fresh_h10,,,,
same_rng_h10,5,,139,144,2,4,False,fresh_h10,,,,
same_rng_h10,5,,140,145,2,4,False,fresh_h10,,,,
same_rng_h10,5,,141,146,2,4,False,fresh_h10,,,,
same_rng_h10,5,,142,147,2,4,False,fresh_h10,,,,
same_rng_h10,5,,143,148,2,4,False,fresh_h10,,,,
same_rng_h10,5,,144,149,2,4,False,fresh_h10,,,,
same_rng_h10,5,,145,150,2,4,False,fresh_h10,,,,
same_rng_h10,5,,146,151,2,4,False,fresh_h10,,,,
same_rng_h10,5,,147,152,2,4,False,fresh_h10,,,,
same_rng_h10,5,,148,153,2,4,False,fresh_h10,,,,
same_rng_h10,5,,149,154,2,4,False,fresh_h10,,,,
same_rng_h10,5,,150,155,2,4,False,fresh_h10,,,,
same_rng_h10,5,,151,156,2,4,False,fresh_h10,,,,
same_rng_h10,5,,152,157,2,4,False,fresh_h10,,,,
same_rng_h10,5,,153,158,2,4,False,fresh_h10,,,,
same_rng_h10,5,,154,159,2,4,False,fresh_h10,,,,
same_rng_h10,5,,155,160,2,4,False,fresh_h10,,,,
same_rng_h10,5,,156,161,2,4,False,fresh_h10,,,,
same_rng_h10,5,,157,162,2,4,False,fresh_h10,,,,
same_rng_h10,5,,158,163,2,4,False,fresh_h10,,,,
same_rng_h10,5,,159,164,2,4,False,fresh_h10,,,,
same_rng_h10,5,,160,165,2,4,False,fresh_h10,,,,
same_rng_h10,5,,161,166,2,4,False,fresh_h10,,,,
same_rng_h10,5,,162,167,2,4,False,fresh_h10,,,,
same_rng_h10,5,,163,168,2,4,False,fresh_h10,,,,
same_rng_h10,5,,164,169,2,4,False,fresh_h10,,,,
same_rng_h10,5,,165,170,2,4,False,fresh_h10,,,,
same_rng_h10,5,,166,171,2,4,False,fresh_h10,,,,
same_rng_h10,5,,167,172,2,4,False,fresh_h10,,,,
same_rng_h10,5,,168,173,2,4,False,fresh_h10,,,,
same_rng_h10,5,,169,174,2,4,False,fresh_h10,,,,
same_rng_h10,5,,170,175,2,4,False,fresh_h10,,,,
same_rng_h10,5,,171,176,2,4,False,fresh_h10,,,,
same_rng_h10,5,,172,177,2,4,False,fresh_h10,,,,
same_rng_h10,5,,173,178,2,4,False,fresh_h10,,,,
same_rng_h10,5,,174,179,2,4,False,fresh_h10,,,,
same_rng_h10,5,,175,180,2,4,False,fresh_h10,,,,
same_rng_h10,5,,176,181,2,4,False,fresh_h10,,,,
same_rng_h10,5,,177,182,2,4,False,fresh_h10,,,,
same_rng_h10,5,,178,183,2,4,False,fresh_h10,,,,
same_rng_h10,5,,179,184,2,4,False,fresh_h10,,,,
same_rng_h10,5,,180,185,2,4,False,fresh_h10,,,,
same_rng_h10,5,,181,186,2,4,False,fresh_h10,,,,
same_rng_h10,5,,182,187,2,4,False,fresh_h10,,,,
same_rng_h10,5,,183,188,2,4,False,fresh_h10,,,,
same_rng_h10,5,,184,189,2,4,False,fresh_h10,,,,
same_rng_h10,5,,185,190,2,4,False,fresh_h10,,,,
same_rng_h10,5,,186,191,2,4,False,fresh_h10,,,,
same_rng_h10,5,,187,192,2,4,False,fresh_h10,,,,
same_rng_h10,5,,188,193,2,4,False,fresh_h10,,,,
same_rng_h10,5,,189,194,2,4,False,fresh_h10,,,,
same_rng_h10,5,,190,195,2,4,False,fresh_h10,,,,
same_rng_h10,5,,191,196,2,4,False,fresh_h10,,,,
same_rng_h10,5,,192,197,2,4,False,fresh_h10,,,,
same_rng_h10,5,,193,198,2,4,False,fresh_h10,,,,
same_rng_h10,5,,194,199,2,4,False,fresh_h10,,,,
same_rng_h10,5,,195,200,2,4,False,fresh_h10,,,,
same_rng_h10,5,,196,201,2,4,False,fresh_h10,,,,
same_rng_h10,5,,197,202,2,4,False,fresh_h10,,,,
same_rng_h10,5,,198,203,2,4,False,fresh_h10,,,,
same_rng_h10,5,,199,204,2,4,False,fresh_h10,,,,
same_rng_h10,5,,200,205,2,4,False,fresh_h10,,,,
same_rng_h10,5,,201,206,2,4,False,fresh_h10,,,,
same_rng_h10,5,,202,207,2,4,False,fresh_h10,,,,
same_rng_h10,5,,203,208,2,4,False,fresh_h10,,,,
same_rng_h10,5,,204,209,2,4,False,fresh_h10,,,,
same_rng_h10,5,,205,210,2,4,False,fresh_h10,,,,
same_rng_h10,5,,206,211,2,4,False,fresh_h10,,,,
same_rng_h10,5,,207,212,2,4,False,fresh_h10,,,,
same_rng_h10,5,,208,213,2,4,False,fresh_h10,,,,
same_rng_h10,5,,209,214,2,4,False,fresh_h10,,,,
same_rng_h10,5,,210,215,2,4,False,fresh_h10,,,,
same_rng_h10,5,,211,216,2,4,False,fresh_h10,,,,
same_rng_h10,5,,212,217,2,4,False,fresh_h10,,,,
same_rng_h10,5,,213,218,2,4,False,fresh_h10,,,,
same_rng_h10,5,,214,219,2,4,False,fresh_h10,,,,
same_rng_h10,5,,215,220,2,4,False,fresh_h10,,,,
same_rng_h10,5,,216,221,2,4,False,fresh_h10,,,,
same_rng_h10,5,,217,222,2,4,False,fresh_h10,,,,
same_rng_h10,5,,218,223,2,4,False,fresh_h10,,,,
same_rng_h10,5,,219,224,2,4,False,fresh_h10,,,,
same_rng_h10,5,,220,225,2,4,False,fresh_h10,,,,
same_rng_h10,5,,221,226,2,4,False,fresh_h10,,,,
same_rng_h10,5,,222,227,2,4,False,fresh_h10,,,,
same_rng_h10,5,,223,228,2,4,False,fresh_h10,,,,
same_rng_h10,5,,224,229,2,4,False,fresh_h10,,,,
same_rng_h10,5,,225,230,2,4,False,fresh_h10,,,,
same_rng_h10,5,,226,231,2,4,False,fresh_h10,,,,
same_rng_h10,5,,227,232,2,4,False,fresh_h10,,,,
same_rng_h10,5,,228,233,2,4,False,fresh_h10,,,,
same_rng_h10,5,,229,234,2,4,False,fresh_h10,,,,
same_rng_h10,5,,230,235,2,4,False,fresh_h10,,,,
same_rng_h10,5,,231,236,2,4,False,fresh_h10,,,,
same_rng_h10,5,,232,237,2,4,False,fresh_h10,,,,
same_rng_h10,5,,233,238,2,4,False,fresh_h10,,,,
same_rng_h10,5,,234,239,2,4,False,fresh_h10,,,,
same_rng_h10,5,,235,240,2,4,False,fresh_h10,,,,
same_rng_h10,5,,236,241,2,4,False,fresh_h10,,,,
same_rng_h10,5,,237,242,2,4,False,fresh_h10,,,,
same_rng_h10,5,,238,243,2,4,False,fresh_h10,,,,
same_rng_h10,5,,239,244,2,4,False,fresh_h10,,,,
same_rng_h10,5,,240,245,2,4,False,fresh_h10,,,,
same_rng_h10,5,,241,246,2,4,False,fresh_h10,,,,
same_rng_h10,5,,242,247,2,4,False,fresh_h10,,,,
same_rng_h10,5,,243,248,2,4,False,fresh_h10,,,,
same_rng_h10,5,,244,249,2,4,False,fresh_h10,,,,
same_rng_h10,5,,245,250,2,4,False,fresh_h10,,,,
same_rng_h10,5,,246,251,2,4,False,fresh_h10,,,,
same_rng_h10,5,,247,252,2,4,False,fresh_h10,,,,
same_rng_h10,5,,248,253,2,4,False,fresh_h10,,,,
same_rng_h10,5,,249,254,2,4,False,fresh_h10,,,,
same_rng_h10,5,,250,255,2,4,False,fresh_h10,,,,
same_rng_h10,5,,251,256,2,4,False,fresh_h10,,,,
same_rng_h10,5,,252,257,2,4,False,fresh_h10,,,,
same_rng_h10,5,,253,258,2,4,False,fresh_h10,,,,
same_rng_h10,5,,254,259,2,4,False,fresh_h10,,,,
same_rng_h10,5,,255,260,2,4,False,fresh_h10,,,,
same_rng_h10,5,,256,261,2,4,False,fresh_h10,,,,
same_rng_h10,5,,257,262,2,4,False,fresh_h10,,,,
same_rng_h10,5,,258,263,2,4,False,fresh_h10,,,,
same_rng_h10,5,,259,264,2,4,False,fresh_h10,,,,
same_rng_h10,5,,260,265,2,4,False,fresh_h10,,,,
same_rng_h10,5,,261,266,2,4,False,fresh_h10,,,,
same_rng_h10,5,,262,267,2,4,False,fresh_h10,,,,
same_rng_h10,5,,263,268,2,4,False,fresh_h10,,,,
same_rng_h10,5,,264,269,2,4,False,fresh_h10,,,,
same_rng_h10,5,,265,270,2,4,False,fresh_h10,,,,
same_rng_h10,5,,266,271,2,4,False,fresh_h10,,,,
same_rng_h10,5,,267,272,2,4,False,fresh_h10,,,,
same_rng_h10,5,,268,273,2,4,False,fresh_h10,,,,
same_rng_h10,5,,269,274,2,4,False,fresh_h10,,,,
same_rng_h10,5,,270,275,2,4,False,fresh_h10,,,,
same_rng_h10,5,,271,276,2,4,False,fresh_h10,,,,
same_rng_h10,5,,272,277,2,4,False,fresh_h10,,,,
same_rng_h10,5,,273,278,2,4,False,fresh_h10,,,,
same_rng_h10,5,,274,279,2,4,False,fresh_h10,,,,
same_rng_h10,5,,275,280,2,4,False,fresh_h10,,,,
same_rng_h10,5,,276,281,2,4,False,fresh_h10,,,,
same_rng_h10,5,,277,282,2,4,False,fresh_h10,,,,
same_rng_h10,5,,278,283,2,4,False,fresh_h10,,,,
same_rng_h10,5,,279,284,2,4,False,fresh_h10,,,,
same_rng_h10,5,,280,285,2,4,False,fresh_h10,,,,
same_rng_h10,5,,281,286,2,4,False,fresh_h10,,,,
same_rng_h10,5,,282,287,2,4,False,fresh_h10,,,,
same_rng_h10,5,,283,288,2,4,False,fresh_h10,,,,
same_rng_h10,5,,284,289,2,4,False,fresh_h10,,,,
same_rng_h10,5,,285,290,2,4,False,fresh_h10,,,,
same_rng_h10,5,,286,291,2,4,False,fresh_h10,,,,
same_rng_h10,5,,287,292,2,4,False,fresh_h10,,,,
same_rng_h10,5,,288,293,2,4,False,fresh_h10,,,,
same_rng_h10,5,,289,294,2,4,False,fresh_h10,,,,
same_rng_h10,5,,290,295,2,4,False,fresh_h10,,,,
same_rng_h10,5,,291,296,2,4,False,fresh_h10,,,,
same_rng_h10,5,,292,297,2,4,False,fresh_h10,,,,
same_rng_h10,5,,293,298,2,4,False,fresh_h10,,,,
same_rng_h10,5,,294,299,2,4,False,fresh_h10,,,,
same_rng_h10,5,,295,300,2,4,False,fresh_h10,,,,
same_rng_h10,5,,296,301,2,4,False,fresh_h10,,,,
same_rng_h10,5,,297,302,2,4,False,fresh_h10,,,,
same_rng_h10,5,,298,303,2,4,False,fresh_h10,,,,
same_rng_h10,5,,299,304,2,4,False,fresh_h10,,,,
same_rng_h10,5,,300,305,2,4,False,fresh_h10,,,,
same_rng_h10,5,,301,306,2,4,False,fresh_h10,,,,
same_rng_h10,5,,302,307,2,4,False,fresh_h10,,,,
same_rng_h10,5,,303,308,2,4,False,fresh_h10,,,,
same_rng_h10,5,,304,309,2,4,False,fresh_h10,,,,
same_rng_h10,5,,305,310,2,4,False,fresh_h10,,,,
same_rng_h10,5,,306,311,2,4,False,fresh_h10,,,,
same_rng_h10,5,,307,312,2,4,False,fresh_h10,,,,
same_rng_h10,5,,308,313,2,4,False,fresh_h10,,,,
same_rng_h10,5,,309,314,2,4,False,fresh_h10,,,,
same_rng_h10,5,,310,315,2,4,False,fresh_h10,,,,
same_rng_h10,5,,311,316,2,4,False,fresh_h10,,,,
same_rng_h10,5,,312,317,2,4,False,fresh_h10,,,,
same_rng_h10,5,,313,318,2,4,False,fresh_h10,,,,
same_rng_h10,5,,314,319,2,4,False,fresh_h10,,,,
same_rng_h10,5,,315,320,2,4,False,fresh_h10,,,,
same_rng_h10,5,,316,321,2,4,False,fresh_h10,,,,
same_rng_h10,5,,317,322,2,4,False,fresh_h10,,,,
same_rng_h10,5,,318,323,2,4,False,fresh_h10,,,,
same_rng_h10,5,,319,324,2,4,False,fresh_h10,,,,
same_rng_h10,5,,320,325,2,4,False,fresh_h10,,,,
same_rng_h10,5,,321,326,2,4,False,fresh_h10,,,,
same_rng_h10,5,,322,327,2,4,False,fresh_h10,,,,
same_rng_h10,5,,323,328,2,4,False,fresh_h10,,,,
same_rng_h10,5,,324,329,2,4,False,fresh_h10,,,,
same_rng_h10,5,,325,330,2,4,False,fresh_h10,,,,
same_rng_h10,5,,326,331,2,4,False,fresh_h10,,,,
same_rng_h10,5,,327,332,2,4,False,fresh_h10,,,,
same_rng_h10,5,,328,333,2,4,False,fresh_h10,,,,
same_rng_h10,5,,329,334,2,4,False,fresh_h10,,,,
same_rng_h10,5,,330,335,2,4,False,fresh_h10,,,,
same_rng_h10,5,,331,336,2,4,False,fresh_h10,,,,
same_rng_h10,5,,332,337,2,4,False,fresh_h10,,,,
same_rng_h10,5,,333,338,2,4,False,fresh_h10,,,,
same_rng_h10,5,,334,339,2,4,False,fresh_h10,,,,
same_rng_h10,5,,335,340,2,4,False,fresh_h10,,,,
same_rng_h10,5,,336,341,2,4,False,fresh_h10,,,,
same_rng_h10,5,,337,342,2,4,False,fresh_h10,,,,
same_rng_h10,5,,338,343,2,4,False,fresh_h10,,,,
same_rng_h10,5,,339,344,2,4,False,fresh_h10,,,,
same_rng_h10,5,,340,345,2,4,False,fresh_h10,,,,
same_rng_h10,5,,341,346,2,4,False,fresh_h10,,,,
same_rng_h10,5,,342,347,2,4,False,fresh_h10,,,,
same_rng_h10,5,,343,348,2,4,False,fresh_h10,,,,
same_rng_h10,5,,344,349,2,4,False,fresh_h10,,,,
same_rng_h10,5,,345,350,2,4,False,fresh_h10,,,,
same_rng_h10,5,,346,351,2,4,False,fresh_h10,,,,
same_rng_h10,5,,347,352,3,4,False,fresh_h10,,,,
same_rng_h10,5,,348,353,3,4,False,fresh_h10,,,,
same_rng_h10,5,,349,354,3,4,False,fresh_h10,,,,
same_rng_h10,5,,350,355,3,4,False,fresh_h10,,,,
same_rng_h10,5,,351,356,3,4,False,fresh_h10,,,,
same_rng_h10,5,,352,357,3,4,False,fresh_h10,,,,
same_rng_h10,5,,353,358,3,4,False,fresh_h10,,,,
same_rng_h10,5,,354,359,3,4,False,fresh_h10,,,,
same_rng_h10,5,,355,360,3,4,False,fresh_h10,,,,
same_rng_h10,5,,356,361,3,4,False,fresh_h10,,,,
same_rng_h10,5,,357,362,3,4,False,fresh_h10,,,,
same_rng_h10,5,,358,363,3,4,False,fresh_h10,,,,
same_rng_h10,5,,359,364,3,4,False,fresh_h10,,,,
same_rng_h10,5,,360,365,3,4,False,fresh_h10,,,,
same_rng_h10,5,,361,366,3,4,False,fresh_h10,,,,
same_rng_h10,5,,362,367,3,4,False,fresh_h10,,,,
same_rng_h10,5,,363,368,3,4,False,fresh_h10,,,,
same_rng_h10,5,,364,369,3,4,False,fresh_h10,,,,
same_rng_h10,5,,365,370,3,4,False,fresh_h10,,,,
same_rng_h10,5,,366,371,3,4,False,fresh_h10,,,,
same_rng_h10,5,,367,372,3,4,False,fresh_h10,,,,
same_rng_h10,5,,368,373,3,4,False,fresh_h10,,,,
same_rng_h10,5,,369,374,3,4,False,fresh_h10,,,,
same_rng_h10,5,,370,375,3,4,False,fresh_h10,,,,
same_rng_h10,5,,371,376,3,4,False,fresh_h10,,,,
same_rng_h10,5,,372,377,3,4,False,fresh_h10,,,,
same_rng_h10,5,,373,378,3,4,False,fresh_h10,,,,
same_rng_h10,5,,374,379,3,4,False,fresh_h10,,,,
same_rng_h10,5,,375,380,3,4,False,fresh_h10,,,,
same_rng_h10,5,,376,381,3,4,False,fresh_h10,,,,
same_rng_h10,5,,377,382,3,4,False,fresh_h10,,,,
same_rng_h10,5,,378,383,3,4,False,fresh_h10,,,,
same_rng_h10,5,,379,384,3,4,False,fresh_h10,,,,
same_rng_h10,5,,380,385,3,4,False,fresh_h10,,,,
same_rng_h10,5,,381,386,3,4,False,fresh_h10,,,,
same_rng_h10,5,,382,387,3,4,False,fresh_h10,,,,
same_rng_h10,5,,383,388,3,4,False,fresh_h10,,,,
same_rng_h10,5,,384,389,3,4,False,fresh_h10,,,,
same_rng_h10,5,,385,390,3,4,False,fresh_h10,,,,
same_rng_h10,5,,386,391,3,4,False,fresh_h10,,,,
same_rng_h10,5,,387,392,3,4,False,fresh_h10,,,,
same_rng_h10,5,,388,393,3,4,False,fresh_h10,,,,
same_rng_h10,5,,389,394,3,4,False,fresh_h10,,,,
same_rng_h10,5,,390,395,3,4,False,fresh_h10,,,,
same_rng_h10,5,,391,396,3,4,False,fresh_h10,,,,
same_rng_h10,5,,392,397,3,4,False,fresh_h10,,,,
same_rng_h10,5,,393,398,3,4,False,fresh_h10,,,,
same_rng_h10,5,,394,399,3,4,False,fresh_h10,,,,
same_rng_h10,5,,395,400,3,4,False,fresh_h10,,,,
same_rng_h10,5,,396,401,3,4,False,fresh_h10,,,,
same_rng_h10,5,,397,402,3,4,False,fresh_h10,,,,
same_rng_h10,5,,398,403,3,4,False,fresh_h10,,,,
same_rng_h10,5,,399,404,3,4,False,fresh_h10,,,,
same_rng_h10,5,,400,405,3,4,False,fresh_h10,,,,
same_rng_h10,5,,401,406,3,4,False,fresh_h10,,,,
same_rng_h10,5,,402,407,3,4,False,fresh_h10,,,,
same_rng_h10,5,,403,408,3,4,False,fresh_h10,,,,
same_rng_h10,5,,404,409,3,4,False,fresh_h10,,,,
same_rng_h10,5,,405,410,3,4,False,fresh_h10,,,,
same_rng_h10,5,,406,411,3,4,False,fresh_h10,,,,
same_rng_h10,5,,407,412,3,4,False,fresh_h10,,,,
same_rng_h10,5,,408,413,3,4,False,fresh_h10,,,,
same_rng_h10,5,,409,414,3,4,False,fresh_h10,,,,
same_rng_h10,5,,410,415,3,4,False,fresh_h10,,,,
same_rng_h10,5,,411,416,3,4,False,fresh_h10,,,,
same_rng_h10,5,,412,417,3,4,False,fresh_h10,,,,
same_rng_h10,5,,413,418,3,4,False,fresh_h10,,,,
same_rng_h10,5,,414,419,3,4,False,fresh_h10,,,,
same_rng_h10,5,,415,420,3,4,False,fresh_h10,,,,
same_rng_h10,5,,416,421,3,4,False,fresh_h10,,,,
same_rng_h10,5,,417,422,3,4,False,fresh_h10,,,,
same_rng_h10,5,,418,423,3,4,False,fresh_h10,,,,
same_rng_h10,5,,419,424,3,4,False,fresh_h10,,,,
same_rng_h10,5,,420,425,3,4,False,fresh_h10,,,,
same_rng_h10,5,,421,426,3,4,False,fresh_h10,,,,
same_rng_h10,5,,422,427,3,4,False,fresh_h10,,,,
same_rng_h10,5,,423,428,3,4,False,fresh_h10,,,,
same_rng_h10,5,,424,429,3,4,False,fresh_h10,,,,
same_rng_h10,5,,425,430,3,4,False,fresh_h10,,,,
same_rng_h10,5,,426,431,3,4,False,fresh_h10,,,,
same_rng_h10,5,,427,432,3,4,False,fresh_h10,,,,
same_rng_h10,5,,428,433,3,4,False,fresh_h10,,,,
same_rng_h10,5,,429,434,3,4,False,fresh_h10,,,,
same_rng_h10,5,,430,435,3,4,False,fresh_h10,,,,
same_rng_h10,5,,431,436,3,4,False,fresh_h10,,,,
same_rng_h10,5,,432,437,3,4,False,fresh_h10,,,,
same_rng_h10,5,,433,438,3,4,False,fresh_h10,,,,
same_rng_h10,5,,434,439,3,4,False,fresh_h10,,,,
same_rng_h10,5,,435,440,3,4,False,fresh_h10,,,,
same_rng_h10,5,,436,441,3,4,False,fresh_h10,,,,
same_rng_h10,5,,437,442,3,4,False,fresh_h10,,,,
same_rng_h10,5,,438,443,3,4,False,fresh_h10,,,,
same_rng_h10,5,,439,444,3,4,False,fresh_h10,,,,
same_rng_h10,5,,440,445,3,4,False,fresh_h10,,,,
same_rng_h10,5,,441,446,3,4,False,fresh_h10,,,,
same_rng_h10,5,,442,447,3,4,False,fresh_h10,,,,
same_rng_h10,5,,443,448,3,4,False,fresh_h10,,,,
same_rng_h10,5,,444,449,3,4,False,fresh_h10,,,,
same_rng_h10,5,,445,450,3,4,False,fresh_h10,,,,
same_rng_h10,5,,446,451,3,4,False,fresh_h10,,,,
same_rng_h10,5,,447,452,3,4,False,fresh_h10,,,,
same_rng_h10,5,,448,453,3,4,False,fresh_h10,,,,
same_rng_h10,5,,449,454,3,4,False,fresh_h10,,,,
same_rng_h10,5,,450,455,3,4,False,fresh_h10,,,,
same_rng_h10,5,,451,456,3,4,False,fresh_h10,,,,
same_rng_h10,5,,452,457,3,4,False,fresh_h10,,,,
same_rng_h10,5,,453,458,3,4,False,fresh_h10,,,,
same_rng_h10,5,,454,459,3,4,False,fresh_h10,,,,
same_rng_h10,5,,455,460,3,4,False,fresh_h10,,,,
same_rng_h10,5,,456,461,3,4,False,fresh_h10,,,,
same_rng_h10,5,,457,462,3,4,False,fresh_h10,,,,
same_rng_h10,5,,458,463,3,4,False,fresh_h10,,,,
same_rng_h10,5,,459,464,3,4,False,fresh_h10,,,,
same_rng_h10,5,,460,465,3,4,False,fresh_h10,,,,
same_rng_h10,5,,461,466,3,4,False,fresh_h10,,,,
same_rng_h10,5,,462,467,3,4,False,fresh_h10,,,,
same_rng_h10,5,,463,468,3,4,False,fresh_h10,,,,
same_rng_h10,5,,464,469,3,4,False,fresh_h10,,,,
same_rng_h10,5,,465,470,3,4,False,fresh_h10,,,,
same_rng_h10,5,,466,471,3,4,False,fresh_h10,,,,
same_rng_h10,5,,467,472,3,4,False,fresh_h10,,,,
same_rng_h10,5,,468,473,3,4,False,fresh_h10,,,,
same_rng_h10,5,,469,474,3,4,False,fresh_h10,,,,
same_rng_h10,5,,470,475,3,4,False,fresh_h10,,,,
same_rng_h10,5,,471,476,3,4,False,fresh_h10,,,,
same_rng_h10,5,,472,477,3,4,False,fresh_h10,,,,
same_rng_h10,5,,473,478,3,4,False,fresh_h10,,,,
same_rng_h10,5,,474,479,3,4,False,fresh_h10,,,,
same_rng_h10,5,,475,480,3,4,False,fresh_h10,,,,
same_rng_h10,5,,476,481,3,4,False,fresh_h10,,,,
same_rng_h10,5,,477,482,3,4,False,fresh_h10,,,,
same_rng_h10,5,,478,483,3,4,False,fresh_h10,,,,
same_rng_h10,5,,479,484,3,4,False,fresh_h10,,,,
same_rng_h10,5,,480,485,3,4,False,fresh_h10,,,,
same_rng_h10,5,,481,486,3,4,False,fresh_h10,,,,
same_rng_h10,5,,482,487,3,4,False,fresh_h10,,,,
same_rng_h10,5,,483,488,3,4,False,fresh_h10,,,,
same_rng_h10,5,,484,489,3,4,False,fresh_h10,,,,
same_rng_h10,5,,485,490,3,4,False,fresh_h10,,,,
same_rng_h10,5,,486,491,3,4,False,fresh_h10,,,,
same_rng_h10,5,,487,492,3,4,False,fresh_h10,,,,
same_rng_h10,5,,488,493,3,4,False,fresh_h10,,,,
same_rng_h10,5,,489,494,3,4,False,fresh_h10,,,,
same_rng_h10,5,,490,495,3,4,False,fresh_h10,,,,
same_rng_h10,5,,491,496,3,4,False,fresh_h10,,,,
same_rng_h10,5,,492,497,3,4,False,fresh_h10,,,,
same_rng_h10,5,,493,498,3,4,False,fresh_h10,,,,
same_rng_h10,5,,494,499,3,4,False,fresh_h10,,,,
same_rng_h10,5,,495,500,3,4,False,fresh_h10,,,,
same_rng_h10,5,,496,501,3,4,False,fresh_h10,,,,
same_rng_h10,5,,497,502,3,4,False,fresh_h10,,,,
same_rng_h10,5,,498,503,3,4,False,fresh_h10,,,,
same_rng_h10,5,,499,504,3,4,False,fresh_h10,,,,
same_rng_h10,5,,500,505,3,4,False,fresh_h10,,,,
same_rng_h10,5,,501,506,3,4,False,fresh_h10,,,,
same_rng_h10,5,,502,507,3,4,False,fresh_h10,,,,
same_rng_h10,5,,503,508,3,4,False,fresh_h10,,,,
same_rng_h10,5,,504,509,3,4,False,fresh_h10,,,,
same_rng_h10,5,,505,510,3,4,False,fresh_h10,,,,
same_rng_h10,5,,506,511,3,4,False,fresh_h10,,,,
same_rng_h10,5,,507,512,3,4,False,fresh_h10,,,,
same_rng_h10,5,,508,513,3,4,False,fresh_h10,,,,
same_rng_h10,5,,509,514,3,4,False,fresh_h10,,,,
same_rng_h10,5,,510,515,3,4,False,fresh_h10,,,,
same_rng_h10,5,,511,516,3,4,False,fresh_h10,,,,
same_rng_h10,5,,512,517,3,4,False,fresh_h10,,,,
same_rng_h10,5,,513,518,3,4,False,fresh_h10,,,,
same_rng_h10,5,,514,519,3,4,False,fresh_h10,,,,
same_rng_h10,5,,515,520,3,4,False,fresh_h10,,,,
same_rng_h10,5,,516,521,3,4,False,fresh_h10,,,,
same_rng_h10,5,,517,522,3,4,False,fresh_h10,,,,
same_rng_h10,5,,518,523,3,4,False,fresh_h10,,,,
same_rng_h10,5,,519,524,3,4,False,fresh_h10,,,,
same_rng_h10,5,,520,525,3,4,False,fresh_h10,,,,
same_rng_h10,5,,521,526,3,4,False,fresh_h10,,,,
same_rng_h10,5,,522,527,3,4,False,fresh_h10,,,,
same_rng_h10,5,,523,528,3,4,False,fresh_h10,,,,
same_rng_h10,5,,524,529,3,4,False,fresh_h10,,,,
same_rng_h10,5,,525,530,3,4,False,fresh_h10,,,,
same_rng_h10,5,,526,531,3,4,False,fresh_h10,,,,
same_rng_h10,5,,527,532,3,4,False,fresh_h10,,,,
same_rng_h10,5,,528,533,3,4,False,fresh_h10,,,,
same_rng_h10,5,,529,534,3,4,False,fresh_h10,,,,
same_rng_h10,5,,530,535,3,4,False,fresh_h10,,,,
same_rng_h10,5,,531,536,3,4,False,fresh_h10,,,,
same_rng_h10,5,,532,537,3,4,False,fresh_h10,,,,
same_rng_h10,5,,533,538,3,4,False,fresh_h10,,,,
same_rng_h10,5,,534,539,3,4,False,fresh_h10,,,,
same_rng_h10,5,,535,540,3,4,False,fresh_h10,,,,
same_rng_h10,5,,536,541,3,4,False,fresh_h10,,,,
same_rng_h10,5,,537,542,3,4,False,fresh_h10,,,,
same_rng_h10,5,,538,543,3,4,False,fresh_h10,,,,
same_rng_h10,5,,539,544,3,4,False,fresh_h10,,,,
same_rng_h10,5,,540,545,3,4,False,fresh_h10,,,,
same_rng_h10,5,,541,546,3,4,False,fresh_h10,,,,
same_rng_h10,5,,542,547,3,4,False,fresh_h10,,,,
same_rng_h10,5,,543,548,3,4,False,fresh_h10,,,,
same_rng_h10,5,,544,549,3,4,False,fresh_h10,,,,
same_rng_h10,5,,545,550,3,4,False,fresh_h10,,,,
same_rng_h10,5,,546,551,3,4,False,fresh_h10,,,,
same_rng_h10,5,,547,552,3,4,False,fresh_h10,,,,
same_rng_h10,5,,548,553,3,4,False,fresh_h10,,,,
same_rng_h10,5,,549,554,3,4,False,fresh_h10,,,,
same_rng_h10,5,,550,555,3,4,False,fresh_h10,,,,
same_rng_h10,5,,551,556,3,4,False,fresh_h10,,,,
same_rng_h10,5,,552,557,3,4,False,fresh_h10,,,,
same_rng_h10,5,,553,558,3,4,False,fresh_h10,,,,
same_rng_h10,5,,554,559,3,4,False,fresh_h10,,,,
same_rng_h10,5,,555,560,3,4,False,fresh_h10,,,,
same_rng_h10,5,,556,561,3,4,False,fresh_h10,,,,
same_rng_h10,5,,557,562,3,4,False,fresh_h10,,,,
same_rng_h10,5,,558,563,3,4,False,fresh_h10,,,,
same_rng_h10,5,,559,564,3,4,False,fresh_h10,,,,
same_rng_h10,5,,560,565,3,4,False,fresh_h10,,,,
same_rng_h10,5,,561,566,3,4,False,fresh_h10,,,,
same_rng_h10,5,,562,567,3,4,False,fresh_h10,,,,
same_rng_h10,5,,563,568,3,4,False,fresh_h10,,,,
same_rng_h10,5,,564,569,3,4,False,fresh_h10,,,,
same_rng_h10,5,,565,570,3,4,False,fresh_h10,,,,
same_rng_h10,5,,566,571,3,4,False,fresh_h10,,,,
same_rng_h10,5,,567,572,3,4,False,fresh_h10,,,,
same_rng_h10,5,,568,573,3,4,False,fresh_h10,,,,
same_rng_h10,5,,569,574,3,4,False,fresh_h10,,,,
same_rng_h10,5,,570,575,3,4,False,fresh_h10,,,,
same_rng_h10,5,,571,576,3,4,False,fresh_h10,,,,
same_rng_h10,5,,572,577,3,4,False,fresh_h10,,,,
same_rng_h10,5,,573,578,3,4,False,fresh_h10,,,,
same_rng_h10,5,,574,579,3,4,False,fresh_h10,,,,
same_rng_h10,5,,575,580,3,4,False,fresh_h10,,,,
same_rng_h10,5,,576,581,3,4,False,fresh_h10,,,,
same_rng_h10,5,,577,582,3,4,False,fresh_h10,,,,
same_rng_h10,5,,578,583,3,4,False,fresh_h10,,,,
same_rng_h10,5,,579,584,3,4,False,fresh_h10,,,,
same_rng_h10,5,,580,585,3,4,False,fresh_h10,,,,
same_rng_h10,5,,581,586,3,4,False,fresh_h10,,,,
same_rng_h10,5,,582,587,3,4,False,fresh_h10,,,,
same_rng_h10,5,,583,588,3,4,False,fresh_h10,,,,
same_rng_h10,5,,584,589,3,4,False,fresh_h10,,,,
same_rng_h10,5,,585,590,3,4,False,fresh_h10,,,,
same_rng_h10,5,,586,591,3,4,False,fresh_h10,,,,
same_rng_h10,5,,587,592,3,4,False,fresh_h10,,,,
same_rng_h10,5,,588,593,3,4,False,fresh_h10,,,,
same_rng_h10,5,,589,594,3,4,False,fresh_h10,,,,
same_rng_h10,5,,590,595,3,4,False,fresh_h10,,,,
same_rng_h10,5,,591,596,3,4,False,fresh_h10,,,,
same_rng_h10,5,,592,597,3,4,False,fresh_h10,,,,
same_rng_h10,5,,593,598,3,4,False,fresh_h10,,,,
same_rng_h10,5,,594,599,3,4,False,fresh_h10,,,,
same_rng_h10,5,,595,600,3,4,False,fresh_h10,,,,
same_rng_h10,5,,596,601,3,4,False,fresh_h10,,,,
same_rng_h10,5,,597,602,3,4,False,fresh_h10,,,,
same_rng_h10,5,,598,603,3,4,False,fresh_h10,,,,
same_rng_h10,5,,599,604,3,4,False,fresh_h10,,,,
same_rng_h10,5,,600,605,3,4,False,fresh_h10,,,,
queue,5,2,1,6,2,4,False,previous_plan_remainder,0,5,3.5471856563162873e-08,0.0
queue,5,2,2,7,2,4,False,previous_plan_remainder,1,6,2.107342389479072e-08,0.0
queue,5,2,3,8,2,4,False,fresh_chunk_suffix,2,2,0.0029031734447926283,0.0
queue,5,2,4,9,2,4,False,fresh_chunk_suffix,3,3,0.007904433645308018,0.0
queue,5,2,5,10,2,4,False,fresh_chunk_suffix,4,4,0.013685034587979317,0.0
queue,5,2,6,11,2,4,False,previous_plan_remainder,0,5,0.015253722667694092,0.0
queue,5,2,7,12,2,4,False,previous_plan_remainder,1,6,0.020048290491104126,0.0
queue,5,2,8,13,2,4,False,fresh_chunk_suffix,2,2,0.04458538070321083,0.0
queue,5,2,9,14,2,4,False,fresh_chunk_suffix,3,3,0.07340336591005325,0.0
queue,5,2,10,15,2,4,False,fresh_chunk_suffix,4,4,0.08151205629110336,0.0
queue,5,2,11,16,2,4,False,previous_plan_remainder,0,5,0.11225569248199463,0.0
queue,5,2,12,17,2,4,False,previous_plan_remainder,1,6,0.1473619043827057,0.0
queue,5,2,13,18,2,4,False,fresh_chunk_suffix,2,2,0.16788990795612335,0.0
queue,5,2,14,19,2,4,False,fresh_chunk_suffix,3,3,0.18435877561569214,0.0
queue,5,2,15,20,2,4,False,fresh_chunk_suffix,4,4,0.2059851884841919,0.0
queue,5,2,16,21,2,4,False,previous_plan_remainder,0,5,0.21823307871818542,0.0
queue,5,2,17,22,2,4,False,previous_plan_remainder,1,6,0.2183835506439209,0.0
queue,5,2,18,23,2,4,False,fresh_chunk_suffix,2,2,0.25639429688453674,0.0
queue,5,2,19,24,2,4,False,fresh_chunk_suffix,3,3,0.30090785026550293,0.0
queue,5,2,20,25,2,4,False,fresh_chunk_suffix,4,4,0.34692609310150146,0.0
queue,5,2,21,26,2,4,False,previous_plan_remainder,0,5,0.38311752676963806,0.0
queue,5,2,22,27,2,4,False,previous_plan_remainder,1,6,0.4073464274406433,0.0
queue,5,2,23,28,2,4,False,fresh_chunk_suffix,2,2,0.41965267062187195,0.0
queue,5,2,24,29,2,4,False,fresh_chunk_suffix,3,3,0.4253429174423218,0.0
queue,5,2,25,30,2,4,False,fresh_chunk_suffix,4,4,0.43826019763946533,0.0
queue,5,2,26,31,2,4,False,previous_plan_remainder,0,5,0.4541044533252716,0.0
queue,5,2,27,32,2,4,False,previous_plan_remainder,1,6,0.47457727789878845,0.0
queue,5,2,28,33,2,4,False,fresh_chunk_suffix,2,2,0.5007305145263672,0.0
queue,5,2,29,34,2,4,False,fresh_chunk_suffix,3,3,0.5261658430099487,0.0
queue,5,2,30,35,2,4,False,fresh_chunk_suffix,4,4,0.5491041541099548,2.856394758055103e-06
queue,5,2,31,36,2,4,False,previous_plan_remainder,0,5,0.5602098703384399,2.0476500139920972e-05
queue,5,2,32,37,2,4,False,previous_plan_remainder,1,6,0.5596372485160828,4.5944430894451216e-05
queue,5,2,33,38,2,4,False,fresh_chunk_suffix,2,2,0.5702396035194397,4.8948008043225855e-05
queue,5,2,34,39,2,4,False,fresh_chunk_suffix,3,3,0.577281653881073,4.371533213998191e-05
queue,5,2,35,40,2,4,False,fresh_chunk_suffix,4,4,0.5794577598571777,3.686700438265689e-05
queue,5,2,36,41,2,4,False,previous_plan_remainder,0,5,0.5849741101264954,3.759715400519781e-05
queue,5,2,37,42,2,4,False,previous_plan_remainder,1,6,0.5713717937469482,3.434649624978192e-05
queue,5,2,38,43,2,4,False,fresh_chunk_suffix,2,2,0.5466650128364563,2.9939308660686947e-05
queue,5,2,39,44,2,4,False,fresh_chunk_suffix,3,3,0.506123423576355,2.878328632505145e-05
queue,5,2,40,45,2,4,False,fresh_chunk_suffix,4,4,0.47587355971336365,2.6993124265572987e-05
queue,5,2,41,46,2,4,False,previous_plan_remainder,0,5,0.4530433118343353,2.494780892448034e-05
queue,5,2,42,47,2,4,False,previous_plan_remainder,1,6,0.4336113929748535,3.0354756745509803e-05
queue,5,2,43,48,2,4,False,fresh_chunk_suffix,2,2,0.4221320152282715,3.2465035474160686e-05
queue,5,2,44,49,2,4,False,fresh_chunk_suffix,3,3,0.41681963205337524,4.4882490328745916e-05
queue,5,2,45,50,2,4,False,fresh_chunk_suffix,4,4,0.392080694437027,6.072358519304544e-05
queue,5,2,46,51,2,4,False,previous_plan_remainder,0,5,0.35949259996414185,8.028693991946056e-05
queue,5,2,47,52,2,4,False,previous_plan_remainder,1,6,0.33490341901779175,0.00010113958705915138
queue,5,2,48,53,2,4,False,fresh_chunk_suffix,2,2,0.31825488805770874,0.00011978048860328272
queue,5,2,49,54,2,4,False,fresh_chunk_suffix,3,3,0.3104889392852783,0.00013149468577466905
queue,5,2,50,55,2,4,False,fresh_chunk_suffix,4,4,0.30976808071136475,0.0001425568771082908
queue,5,2,51,56,2,4,False,previous_plan_remainder,0,5,0.311904639005661,0.00017061740800272673
queue,5,2,52,57,2,4,False,previous_plan_remainder,1,6,0.311747282743454,0.0002058812533505261
queue,5,2,53,58,2,4,False,fresh_chunk_suffix,2,2,0.3123646378517151,0.0002335992903681472
queue,5,2,54,59,2,4,False,fresh_chunk_suffix,3,3,0.31109604239463806,0.00023673065879847854
queue,5,2,55,60,2,4,False,fresh_chunk_suffix,4,4,0.3079778552055359,0.00023471852182410657
queue,5,2,56,61,2,4,False,previous_plan_remainder,0,5,0.3015832006931305,0.0002301902713952586
queue,5,2,57,62,2,4,False,previous_plan_remainder,1,6,0.29746243357658386,0.00022612104658037424
queue,5,2,58,63,2,4,False,fresh_chunk_suffix,2,2,0.29527902603149414,0.00021326696150936186
queue,5,2,59,64,2,4,False,fresh_chunk_suffix,3,3,0.29346591234207153,0.00018745918350759894
queue,5,2,60,65,2,4,False,fresh_chunk_suffix,4,4,0.29053473472595215,0.00017653759277891368
queue,5,2,61,66,2,4,False,previous_plan_remainder,0,5,0.28640925884246826,0.000213462277315557
queue,5,2,62,67,2,4,False,previous_plan_remainder,1,6,0.2822869122028351,0.0002993820235133171
queue,5,2,63,68,2,4,False,fresh_chunk_suffix,2,2,0.28561505675315857,0.0004143850819673389
queue,5,2,64,69,2,4,False,fresh_chunk_suffix,3,3,0.2924274504184723,0.0005036494694650173
queue,5,2,65,70,2,4,False,fresh_chunk_suffix,4,4,0.30068308115005493,0.0005021857796236873
queue,5,2,66,71,2,4,False,previous_plan_remainder,0,5,0.31635430455207825,0.0004767834907397628
queue,5,2,67,72,2,4,False,previous_plan_remainder,1,6,0.3324354887008667,0.0004545917036011815
queue,5,2,68,73,2,4,False,fresh_chunk_suffix,2,2,0.34725049138069153,0.000438060553278774
queue,5,2,69,74,2,4,False,fresh_chunk_suffix,3,3,0.358101487159729,0.0004303671303205192
queue,5,2,70,75,2,4,False,fresh_chunk_suffix,4,4,0.36277103424072266,0.00040349128539673984
queue,5,2,71,76,2,4,False,previous_plan_remainder,0,5,0.3664048910140991,0.0003543557249940932
queue,5,2,72,77,2,4,False,previous_plan_remainder,1,6,0.3709339201450348,0.0002492606290616095
queue,5,2,73,78,2,4,False,fresh_chunk_suffix,2,2,0.37323230504989624,6.247498095035553e-05
queue,5,2,74,79,2,4,False,fresh_chunk_suffix,3,3,0.3764539062976837,0.0002948452311102301
queue,5,2,75,80,2,4,False,fresh_chunk_suffix,4,4,0.375503808259964,0.0007992580067366362
queue,5,2,76,81,2,4,False,previous_plan_remainder,0,5,0.3767615854740143,0.0014774915762245655
queue,5,2,77,82,2,4,False,previous_plan_remainder,1,6,0.3689137399196625,0.002241533948108554
queue,5,2,78,83,2,4,False,fresh_chunk_suffix,2,2,0.3677293360233307,0.0030310500878840685
queue,5,2,79,84,2,4,False,fresh_chunk_suffix,3,3,0.36332234740257263,0.0036366903223097324
queue,5,2,80,85,2,4,False,fresh_chunk_suffix,4,4,0.36636656522750854,0.004135706927627325
queue,5,2,81,86,2,4,False,previous_plan_remainder,0,5,0.3808881342411041,0.004637428559362888
queue,5,2,82,87,2,4,False,previous_plan_remainder,1,6,0.40232905745506287,0.0050779832527041435
queue,5,2,83,88,2,4,False,fresh_chunk_suffix,2,2,0.4177854061126709,0.005350956693291664
queue,5,2,84,89,2,4,False,fresh_chunk_suffix,3,3,0.4469115734100342,0.005362208466976881
queue,5,2,85,90,2,4,False,fresh_chunk_suffix,4,4,0.4779081642627716,0.005170387681573629
queue,5,2,86,91,2,4,False,previous_plan_remainder,0,5,0.5103927850723267,0.004587708506733179
queue,5,2,87,92,2,4,False,previous_plan_remainder,1,6,0.5367136001586914,0.003929619211703539
queue,5,2,88,93,2,4,False,fresh_chunk_suffix,2,2,0.5679004192352295,0.003228576388210058
queue,5,2,89,94,2,4,False,fresh_chunk_suffix,3,3,0.5896908044815063,0.0026314109563827515
queue,5,2,90,95,2,4,False,fresh_chunk_suffix,4,4,0.6112097501754761,0.0023112136404961348
queue,5,2,91,96,2,4,False,previous_plan_remainder,0,5,0.6408080458641052,0.0029049126897007227
queue,5,2,92,97,2,4,False,previous_plan_remainder,1,6,0.6716018915176392,0.004260445944964886
queue,5,2,93,98,2,4,False,fresh_chunk_suffix,2,2,0.7020509839057922,0.005944307427853346
queue,5,2,94,99,2,4,False,fresh_chunk_suffix,3,3,0.7296114563941956,0.007769790943711996
queue,5,2,95,100,2,4,False,fresh_chunk_suffix,4,4,0.7453975081443787,0.009710140526294708
queue,5,2,96,101,2,4,False,previous_plan_remainder,0,5,0.7426356673240662,0.011763228103518486
queue,5,2,97,102,2,4,False,previous_plan_remainder,1,6,0.7331733107566833,0.013926283456385136
queue,5,2,98,103,2,4,False,fresh_chunk_suffix,2,2,0.7288066148757935,0.016256263479590416
queue,5,2,99,104,2,4,False,fresh_chunk_suffix,3,3,0.7032951712608337,0.018718035891652107
queue,5,2,100,105,2,4,False,fresh_chunk_suffix,4,4,0.6761040091514587,0.021178431808948517
queue,5,2,101,106,2,4,False,previous_plan_remainder,0,5,0.654728889465332,0.02349996566772461
queue,5,2,102,107,2,4,False,previous_plan_remainder,1,6,0.6337997317314148,0.025556229054927826
queue,5,2,103,108,2,4,False,fresh_chunk_suffix,2,2,0.6439079642295837,0.02734798938035965
queue,5,2,104,109,2,4,False,fresh_chunk_suffix,3,3,0.6547126173973083,0.028849782422184944
queue,5,2,105,110,2,4,False,fresh_chunk_suffix,4,4,0.6472933888435364,0.03010236658155918
queue,5,2,106,111,2,4,False,previous_plan_remainder,0,5,0.63592928647995,0.031092824414372444
queue,5,2,107,112,2,4,False,previous_plan_remainder,1,6,0.6165544986724854,0.031777024269104004
queue,5,2,108,113,2,4,False,fresh_chunk_suffix,2,2,0.6101343035697937,0.03225235641002655
queue,5,2,109,114,2,4,False,fresh_chunk_suffix,3,3,0.5994633436203003,0.03261084109544754
queue,5,2,110,115,2,4,False,fresh_chunk_suffix,4,4,0.5956060886383057,0.0330042839050293
queue,5,2,111,116,2,4,False,previous_plan_remainder,0,5,0.5823807716369629,0.03345628082752228
queue,5,2,112,117,2,4,False,previous_plan_remainder,1,6,0.5499716997146606,0.03404798358678818
queue,5,2,113,118,2,4,False,fresh_chunk_suffix,2,2,0.47938650846481323,0.034804072231054306
queue,5,2,114,119,2,4,False,fresh_chunk_suffix,3,3,0.4203167259693146,0.03548795357346535
queue,5,2,115,120,2,4,False,fresh_chunk_suffix,4,4,0.3749263286590576,0.03585924580693245
queue,5,2,116,121,2,4,False,previous_plan_remainder,0,5,0.337889701128006,0.03600260242819786
queue,5,2,117,122,2,4,False,previous_plan_remainder,1,6,0.3063752055168152,0.036162540316581726
queue,5,2,118,123,2,4,False,fresh_chunk_suffix,2,2,0.29917675256729126,0.036528971046209335
queue,5,2,119,124,2,4,False,fresh_chunk_suffix,3,3,0.31634482741355896,0.03715391829609871
queue,5,2,120,125,2,4,False,fresh_chunk_suffix,4,4,0.3467004895210266,0.03792295977473259
queue,5,2,121,126,2,4,False,previous_plan_remainder,0,5,0.3903129994869232,0.03857993334531784
queue,5,2,122,127,2,4,False,previous_plan_remainder,1,6,0.444611519575119,0.03895778954029083
queue,5,2,123,128,2,4,False,fresh_chunk_suffix,2,2,0.4980984032154083,0.03916269913315773
queue,5,2,124,129,2,4,False,fresh_chunk_suffix,3,3,0.5534704327583313,0.039254654198884964
queue,5,2,125,130,2,4,False,fresh_chunk_suffix,4,4,0.5938069224357605,0.0393500030040741
queue,5,2,126,131,2,4,False,previous_plan_remainder,0,5,0.6226380467414856,0.03942304477095604
queue,5,2,127,132,2,4,False,previous_plan_remainder,1,6,0.6441991329193115,0.03950085490942001
queue,5,2,128,133,2,4,False,fresh_chunk_suffix,2,2,0.6602160334587097,0.039548859000205994
queue,5,2,129,134,2,4,False,fresh_chunk_suffix,3,3,0.6553341150283813,0.03958085924386978
queue,5,2,130,135,2,4,False,fresh_chunk_suffix,4,4,0.650751531124115,0.03960207477211952
queue,5,2,131,136,2,4,False,previous_plan_remainder,0,5,0.6261259913444519,0.03964069113135338
queue,5,2,132,137,2,4,False,previous_plan_remainder,1,6,0.6033146381378174,0.039661955088377
queue,5,2,133,138,2,4,False,fresh_chunk_suffix,2,2,0.5798258185386658,0.03968348354101181
queue,5,2,134,139,2,4,False,fresh_chunk_suffix,3,3,0.5518041253089905,0.03969414532184601
queue,5,2,135,140,2,4,False,fresh_chunk_suffix,4,4,0.51811683177948,0.03971530869603157
queue,5,2,136,141,2,4,False,previous_plan_remainder,0,5,0.48219192028045654,0.0397406630218029
queue,5,2,137,142,2,4,False,previous_plan_remainder,1,6,0.4528321623802185,0.039763424545526505
queue,5,2,138,143,2,4,False,fresh_chunk_suffix,2,2,0.4174245297908783,0.03979427367448807
queue,5,2,139,144,2,4,False,fresh_chunk_suffix,3,3,0.3871624767780304,0.03981395438313484
queue,5,2,140,145,2,4,False,fresh_chunk_suffix,4,4,0.3592321574687958,0.03983750194311142
queue,5,2,141,146,2,4,False,previous_plan_remainder,0,5,0.32480424642562866,0.03984309360384941
queue,5,2,142,147,2,4,False,previous_plan_remainder,1,6,0.28127503395080566,0.039856720715761185
queue,5,2,143,148,2,4,False,fresh_chunk_suffix,2,2,0.2264384776353836,0.03986426442861557
queue,5,2,144,149,2,4,False,fresh_chunk_suffix,3,3,0.1795457899570465,0.03988940641283989
queue,5,2,145,150,2,4,False,fresh_chunk_suffix,4,4,0.14603067934513092,0.03990238904953003
queue,5,2,146,151,2,4,False,previous_plan_remainder,0,5,0.12581950426101685,0.039919860661029816
queue,5,2,147,152,2,4,False,previous_plan_remainder,1,6,0.11081933230161667,0.03992703557014465
queue,5,2,148,153,2,4,False,fresh_chunk_suffix,2,2,0.10494476556777954,0.039935700595378876
queue,5,2,149,154,2,4,False,fresh_chunk_suffix,3,3,0.10538996756076813,0.0399307906627655
queue,5,2,150,155,2,4,False,fresh_chunk_suffix,4,4,0.10549290478229523,0.03993775323033333
queue,5,2,151,156,2,4,False,previous_plan_remainder,0,5,0.10943539440631866,0.03993958607316017
queue,5,2,152,157,2,4,False,previous_plan_remainder,1,6,0.11388064175844193,0.03996328264474869
queue,5,2,153,158,2,4,False,fresh_chunk_suffix,2,2,0.12471440434455872,0.03998076543211937
queue,5,2,154,159,2,4,False,fresh_chunk_suffix,3,3,0.13951005041599274,0.0399949811398983
queue,5,2,155,160,2,4,False,fresh_chunk_suffix,4,4,0.16334258019924164,0.04001602903008461
queue,5,2,156,161,2,4,False,previous_plan_remainder,0,5,0.1896708756685257,0.0400213822722435
queue,5,2,157,162,2,4,False,previous_plan_remainder,1,6,0.22150267660617828,0.04002848267555237
queue,5,2,158,163,2,4,False,fresh_chunk_suffix,2,2,0.26514682173728943,0.04003447666764259
queue,5,2,159,164,2,4,False,fresh_chunk_suffix,3,3,0.31841278076171875,0.04004134610295296
queue,5,2,160,165,2,4,False,fresh_chunk_suffix,4,4,0.36982056498527527,0.04004409536719322
queue,5,2,161,166,2,4,False,previous_plan_remainder,0,5,0.4136923849582672,0.04005141928792
queue,5,2,162,167,2,4,False,previous_plan_remainder,1,6,0.4507148861885071,0.040073782205581665
queue,5,2,163,168,2,4,False,fresh_chunk_suffix,2,2,0.4723629653453827,0.04009970277547836
queue,5,2,164,169,2,4,False,fresh_chunk_suffix,3,3,0.4952849745750427,0.04012215510010719
queue,5,2,165,170,2,4,False,fresh_chunk_suffix,4,4,0.5158597826957703,0.04014058783650398
queue,5,2,166,171,2,4,False,previous_plan_remainder,0,5,0.5338618159294128,0.04016461968421936
queue,5,2,167,172,2,4,False,previous_plan_remainder,1,6,0.5497115850448608,0.04018763080239296
queue,5,2,168,173,2,4,False,fresh_chunk_suffix,2,2,0.5842726826667786,0.04020984098315239
queue,5,2,169,174,2,4,False,fresh_chunk_suffix,3,3,0.61824631690979,0.040241360664367676
queue,5,2,170,175,2,4,False,fresh_chunk_suffix,4,4,0.6508494019508362,0.04027029499411583
queue,5,2,171,176,2,4,False,previous_plan_remainder,0,5,0.6733382940292358,0.04030153527855873
queue,5,2,172,177,2,4,False,previous_plan_remainder,1,6,0.6904027462005615,0.040314991027116776
queue,5,2,173,178,2,4,False,fresh_chunk_suffix,2,2,0.7095971703529358,0.04031755402684212
queue,5,2,174,179,2,4,False,fresh_chunk_suffix,3,3,0.7263712286949158,0.04034578800201416
queue,5,2,175,180,2,4,False,fresh_chunk_suffix,4,4,0.7395693063735962,0.04036266729235649
queue,5,2,176,181,2,4,False,previous_plan_remainder,0,5,0.7516062259674072,0.04037948325276375
queue,5,2,177,182,2,4,False,previous_plan_remainder,1,6,0.763576090335846,0.04037876054644585
queue,5,2,178,183,2,4,False,fresh_chunk_suffix,2,2,0.7694735527038574,0.040405455976724625
queue,5,2,179,184,2,4,False,fresh_chunk_suffix,3,3,0.7738189697265625,0.04042796418070793
queue,5,2,180,185,2,4,False,fresh_chunk_suffix,4,4,0.779795229434967,0.04044220224022865
queue,5,2,181,186,2,4,False,previous_plan_remainder,0,5,0.7792571187019348,0.04046361520886421
queue,5,2,182,187,2,4,False,previous_plan_remainder,1,6,0.7787546515464783,0.040485117584466934
queue,5,2,183,188,2,4,False,fresh_chunk_suffix,2,2,0.7897793650627136,0.04050181433558464
queue,5,2,184,189,2,4,False,fresh_chunk_suffix,3,3,0.8031612634658813,0.04051414132118225
queue,5,2,185,190,2,4,False,fresh_chunk_suffix,4,4,0.81318199634552,0.04052088037133217
queue,5,2,186,191,2,4,False,previous_plan_remainder,0,5,0.8225299119949341,0.040518566966056824
queue,5,2,187,192,2,4,False,previous_plan_remainder,1,6,0.8289567828178406,0.040532853454351425
queue,5,2,188,193,2,4,False,fresh_chunk_suffix,2,2,0.8449748754501343,0.040549714118242264
queue,5,2,189,194,2,4,False,fresh_chunk_suffix,3,3,0.8644671440124512,0.04053717479109764
queue,5,2,190,195,2,4,False,fresh_chunk_suffix,4,4,0.8749603033065796,0.040494829416275024
queue,5,2,191,196,2,4,False,previous_plan_remainder,0,5,0.8797640204429626,0.040425125509500504
queue,5,2,192,197,2,4,False,previous_plan_remainder,1,6,0.884497880935669,0.040314629673957825
queue,5,2,193,198,2,4,False,fresh_chunk_suffix,2,2,0.914383053779602,0.04017350450158119
queue,5,2,194,199,2,4,False,fresh_chunk_suffix,3,3,0.9415084719657898,0.039931297302246094
queue,5,2,195,200,2,4,False,fresh_chunk_suffix,4,4,0.9646213054656982,0.039586327970027924
queue,5,2,196,201,2,4,False,previous_plan_remainder,0,5,0.9901442527770996,0.039159148931503296
queue,5,2,197,202,2,4,False,previous_plan_remainder,1,6,1.0046192407608032,0.038779210299253464
queue,5,2,198,203,2,4,False,fresh_chunk_suffix,2,2,1.0103590488433838,0.03850141167640686
queue,5,2,199,204,2,4,False,fresh_chunk_suffix,3,3,1.0179165601730347,0.03837946057319641
queue,5,2,200,205,2,4,False,fresh_chunk_suffix,4,4,1.0307090282440186,0.038363780826330185
queue,5,2,201,206,2,4,False,previous_plan_remainder,0,5,1.0463899374008179,0.038435034453868866
queue,5,2,202,207,2,4,False,previous_plan_remainder,1,6,1.0663692951202393,0.038557760417461395
queue,5,2,203,208,2,4,False,fresh_chunk_suffix,2,2,1.1011756658554077,0.03870629146695137
queue,5,2,204,209,2,4,False,fresh_chunk_suffix,3,3,1.1332954168319702,0.03887535631656647
queue,5,2,205,210,2,4,False,fresh_chunk_suffix,4,4,1.1627379655838013,0.03905443474650383
queue,5,2,206,211,2,4,False,previous_plan_remainder,0,5,1.1958863735198975,0.03924424573779106
queue,5,2,207,212,2,4,False,previous_plan_remainder,1,6,1.2276360988616943,0.03942588344216347
queue,5,2,208,213,2,4,False,fresh_chunk_suffix,2,2,1.2585015296936035,0.03960442170500755
queue,5,2,209,214,2,4,False,fresh_chunk_suffix,3,3,1.2905795574188232,0.039780762046575546
queue,5,2,210,215,2,4,False,fresh_chunk_suffix,4,4,1.3128265142440796,0.039939045906066895
queue,5,2,211,216,2,4,False,previous_plan_remainder,0,5,1.3522018194198608,0.04008673503994942
queue,5,2,212,217,2,4,False,previous_plan_remainder,1,6,1.4002902507781982,0.04022102802991867
queue,5,2,213,218,2,4,False,fresh_chunk_suffix,2,2,1.434410810470581,0.04034287482500076
queue,5,2,214,219,2,4,False,fresh_chunk_suffix,3,3,1.4615392684936523,0.040426358580589294
queue,5,2,215,220,2,4,False,fresh_chunk_suffix,4,4,1.4795790910720825,0.04046747460961342
queue,5,2,216,221,2,4,False,previous_plan_remainder,0,5,1.4978328943252563,0.040496088564395905
queue,5,2,217,222,2,4,False,previous_plan_remainder,1,6,1.5149660110473633,0.04051310196518898
queue,5,2,218,223,2,4,False,fresh_chunk_suffix,2,2,1.548266887664795,0.0405479371547699
queue,5,2,219,224,2,4,False,fresh_chunk_suffix,3,3,1.56082022190094,0.04059490188956261
queue,5,2,220,225,2,4,False,fresh_chunk_suffix,4,4,1.5549886226654053,0.040625784546136856
queue,5,2,221,226,2,4,False,previous_plan_remainder,0,5,1.5445586442947388,0.04065914824604988
queue,5,2,222,227,2,4,False,previous_plan_remainder,1,6,1.511916160583496,0.040681496262550354
queue,5,2,223,228,2,4,False,fresh_chunk_suffix,2,2,1.5060161352157593,0.04070987179875374
queue,5,2,224,229,2,4,False,fresh_chunk_suffix,3,3,1.4791884422302246,0.0407460518181324
queue,5,2,225,230,2,4,False,fresh_chunk_suffix,4,4,1.4287530183792114,0.040762901306152344
queue,5,2,226,231,2,4,False,previous_plan_remainder,0,5,1.363796353340149,0.04077562689781189
queue,5,2,227,232,2,4,False,previous_plan_remainder,1,6,1.2992770671844482,0.04077807813882828
queue,5,2,228,233,2,4,False,fresh_chunk_suffix,2,2,1.2328883409500122,0.0407990925014019
queue,5,2,229,234,2,4,False,fresh_chunk_suffix,3,3,1.172002911567688,0.04080997407436371
queue,5,2,230,235,2,4,False,fresh_chunk_suffix,4,4,1.1135531663894653,0.040820758789777756
queue,5,2,231,236,2,4,False,previous_plan_remainder,0,5,1.0493944883346558,0.04084237664937973
queue,5,2,232,237,2,4,False,previous_plan_remainder,1,6,0.9892504811286926,0.040858980268239975
queue,5,2,233,238,2,4,False,fresh_chunk_suffix,2,2,0.9189416766166687,0.040865931659936905
queue,5,2,234,239,2,4,False,fresh_chunk_suffix,3,3,0.8520182371139526,0.040869858115911484
queue,5,2,235,240,2,4,False,fresh_chunk_suffix,4,4,0.78814297914505,0.04087558761239052
queue,5,2,236,241,2,4,False,previous_plan_remainder,0,5,0.7271628975868225,0.04088453948497772
queue,5,2,237,242,2,4,False,previous_plan_remainder,1,6,0.6683325171470642,0.04089707136154175
queue,5,2,238,243,2,4,False,fresh_chunk_suffix,2,2,0.6111922264099121,0.04091448336839676
queue,5,2,239,244,2,4,False,fresh_chunk_suffix,3,3,0.5556482076644897,0.040928032249212265
queue,5,2,240,245,2,4,False,fresh_chunk_suffix,4,4,0.5004174709320068,0.04094524309039116
queue,5,2,241,246,2,4,False,previous_plan_remainder,0,5,0.44628971815109253,0.040958840399980545
queue,5,2,242,247,2,4,False,previous_plan_remainder,1,6,0.392522394657135,0.04097922891378403
queue,5,2,243,248,2,4,False,fresh_chunk_suffix,2,2,0.3410705626010895,0.04099170118570328
queue,5,2,244,249,2,4,False,fresh_chunk_suffix,3,3,0.2925279140472412,0.041012827306985855
queue,5,2,245,250,2,4,False,fresh_chunk_suffix,4,4,0.24887734651565552,0.041023168712854385
queue,5,2,246,251,2,4,False,previous_plan_remainder,0,5,0.20976799726486206,0.0410400927066803
queue,5,2,247,252,2,4,False,previous_plan_remainder,1,6,0.1746242791414261,0.041055504232645035
queue,5,2,248,253,2,4,False,fresh_chunk_suffix,2,2,0.1441093385219574,0.04108181223273277
queue,5,2,249,254,2,4,False,fresh_chunk_suffix,3,3,0.11711843311786652,0.04110943153500557
queue,5,2,250,255,2,4,False,fresh_chunk_suffix,4,4,0.09524515271186829,0.04113999754190445
queue,5,2,251,256,2,4,False,previous_plan_remainder,0,5,0.08043956756591797,0.04116405174136162
queue,5,2,252,257,2,4,False,previous_plan_remainder,1,6,0.07031649351119995,0.04119212180376053
queue,5,2,253,258,2,4,False,fresh_chunk_suffix,2,2,0.06597726047039032,0.04121752455830574
queue,5,2,254,259,2,4,False,fresh_chunk_suffix,3,3,0.06491763889789581,0.04124639183282852
queue,5,2,255,260,2,4,False,fresh_chunk_suffix,4,4,0.06461170315742493,0.04127182438969612
queue,5,2,256,261,2,4,False,previous_plan_remainder,0,5,0.06526274979114532,0.04130106046795845
queue,5,2,257,262,2,4,False,previous_plan_remainder,1,6,0.06561022996902466,0.041327860206365585
queue,5,2,258,263,2,4,False,fresh_chunk_suffix,2,2,0.06354056298732758,0.04135773703455925
queue,5,2,259,264,2,4,False,fresh_chunk_suffix,3,3,0.06206608936190605,0.04138600453734398
queue,5,2,260,265,2,4,False,fresh_chunk_suffix,4,4,0.06184624135494232,0.04141255468130112
queue,5,2,261,266,2,4,False,previous_plan_remainder,0,5,0.06224704533815384,0.041440773755311966
queue,5,2,262,267,2,4,False,previous_plan_remainder,1,6,0.06265266239643097,0.0414632223546505
queue,5,2,263,268,2,4,False,fresh_chunk_suffix,2,2,0.0626925528049469,0.0414913110435009
queue,5,2,264,269,2,4,False,fresh_chunk_suffix,3,3,0.0628550723195076,0.04151545464992523
queue,5,2,265,270,2,4,False,fresh_chunk_suffix,4,4,0.06364337354898453,0.0415366031229496
queue,5,2,266,271,2,4,False,previous_plan_remainder,0,5,0.06394882500171661,0.04155581817030907
queue,5,2,267,272,2,4,False,previous_plan_remainder,1,6,0.06380496174097061,0.04158207029104233
queue,5,2,268,273,2,4,False,fresh_chunk_suffix,2,2,0.0648512989282608,0.04161234572529793
queue,5,2,269,274,2,4,False,fresh_chunk_suffix,3,3,0.06633483618497849,0.041627246886491776
queue,5,2,270,275,2,4,False,fresh_chunk_suffix,4,4,0.06779132783412933,0.04164678230881691
queue,5,2,271,276,2,4,False,previous_plan_remainder,0,5,0.06903686374425888,0.041670504957437515
queue,5,2,272,277,2,4,False,previous_plan_remainder,1,6,0.07033292204141617,0.04168331250548363
queue,5,2,273,278,2,4,False,fresh_chunk_suffix,2,2,0.07091543823480606,0.041703592985868454
queue,5,2,274,279,2,4,False,fresh_chunk_suffix,3,3,0.07104159891605377,0.041729386895895004
queue,5,2,275,280,2,4,False,fresh_chunk_suffix,4,4,0.07117370516061783,0.04174771532416344
queue,5,2,276,281,2,4,False,previous_plan_remainder,0,5,0.07144414633512497,0.0417599231004715
queue,5,2,277,282,2,4,False,previous_plan_remainder,1,6,0.07202167809009552,0.04176934435963631
queue,5,2,278,283,2,4,False,fresh_chunk_suffix,2,2,0.07255660742521286,0.041783299297094345
queue,5,2,279,284,2,4,False,fresh_chunk_suffix,3,3,0.07323430478572845,0.0417933352291584
queue,5,2,280,285,2,4,False,fresh_chunk_suffix,4,4,0.07390689849853516,0.04180941730737686
queue,5,2,281,286,2,4,False,previous_plan_remainder,0,5,0.07445883750915527,0.04182686656713486
queue,5,2,282,287,2,4,False,previous_plan_remainder,1,6,0.07472851872444153,0.04183128476142883
queue,5,2,283,288,2,4,False,fresh_chunk_suffix,2,2,0.07508338242769241,0.04185064136981964
queue,5,2,284,289,2,4,False,fresh_chunk_suffix,3,3,0.07555852085351944,0.041866544634103775
queue,5,2,285,290,2,4,False,fresh_chunk_suffix,4,4,0.07641031593084335,0.04188833758234978
queue,5,2,286,291,2,4,False,previous_plan_remainder,0,5,0.07727881520986557,0.0419030487537384
queue,5,2,287,292,2,4,False,previous_plan_remainder,1,6,0.07792845368385315,0.04191962257027626
queue,5,2,288,293,2,4,False,fresh_chunk_suffix,2,2,0.07899556308984756,0.041923824697732925
queue,5,2,289,294,2,4,False,fresh_chunk_suffix,3,3,0.08023667335510254,0.0419350229203701
queue,5,2,290,295,2,4,False,fresh_chunk_suffix,4,4,0.08241711556911469,0.04194560647010803
queue,5,2,291,296,2,4,False,previous_plan_remainder,0,5,0.08413834124803543,0.04195442050695419
queue,5,2,292,297,2,4,False,previous_plan_remainder,1,6,0.08473305404186249,0.041960570961236954
queue,5,2,293,298,2,4,False,fresh_chunk_suffix,2,2,0.085325226187706,0.04196956381201744
queue,5,2,294,299,2,4,False,fresh_chunk_suffix,3,3,0.08614011108875275,0.04197818040847778
queue,5,2,295,300,2,4,False,fresh_chunk_suffix,4,4,0.08689320832490921,0.041987836360931396
queue,5,2,296,301,2,4,False,previous_plan_remainder,0,5,0.08861223608255386,0.04199572652578354
queue,5,2,297,302,2,4,False,previous_plan_remainder,1,6,0.08937779068946838,0.04200322553515434
queue,5,2,298,303,2,4,False,fresh_chunk_suffix,2,2,0.09048578143119812,0.042010724544525146
queue,5,2,299,304,2,4,False,fresh_chunk_suffix,3,3,0.09144329279661179,0.04202211648225784
queue,5,2,300,305,2,4,False,fresh_chunk_suffix,4,4,0.09181005507707596,0.04202901944518089
queue,5,2,301,306,2,4,False,previous_plan_remainder,0,5,0.09142126888036728,0.04203867167234421
queue,5,2,302,307,2,4,False,previous_plan_remainder,1,6,0.09056549519300461,0.042049720883369446
queue,5,2,303,308,2,4,False,fresh_chunk_suffix,2,2,0.0911954939365387,0.04205948859453201
queue,5,2,304,309,2,4,False,fresh_chunk_suffix,3,3,0.0922553688287735,0.04206957668066025
queue,5,2,305,310,2,4,False,fresh_chunk_suffix,4,4,0.09330925345420837,0.04208089038729668
queue,5,2,306,311,2,4,False,previous_plan_remainder,0,5,0.09546727687120438,0.042089734226465225
queue,5,2,307,312,2,4,False,previous_plan_remainder,1,6,0.09685414284467697,0.042101144790649414
queue,5,2,308,313,2,4,False,fresh_chunk_suffix,2,2,0.09804733842611313,0.04210894927382469
queue,5,2,309,314,2,4,False,fresh_chunk_suffix,3,3,0.09932450950145721,0.042116593569517136
queue,5,2,310,315,2,4,False,fresh_chunk_suffix,4,4,0.10024673491716385,0.042116161435842514
queue,5,2,311,316,2,4,False,previous_plan_remainder,0,5,0.10172568261623383,0.042122047394514084
queue,5,2,312,317,2,4,False,previous_plan_remainder,1,6,0.10370156913995743,0.04213900864124298
queue,5,2,313,318,2,4,False,fresh_chunk_suffix,2,2,0.10539736598730087,0.042147357016801834
queue,5,2,314,319,2,4,False,fresh_chunk_suffix,3,3,0.10669367760419846,0.04215870425105095
queue,5,2,315,320,2,4,False,fresh_chunk_suffix,4,4,0.10799504816532135,0.0421685092151165
queue,5,2,316,321,2,4,False,previous_plan_remainder,0,5,0.10880683362483978,0.042175550013780594
queue,5,2,317,322,2,4,False,previous_plan_remainder,1,6,0.10916251689195633,0.04218791797757149
queue,5,2,318,323,2,4,False,fresh_chunk_suffix,2,2,0.11168494820594788,0.04219025373458862
queue,5,2,319,324,2,4,False,fresh_chunk_suffix,3,3,0.11478803306818008,0.04220585897564888
queue,5,2,320,325,2,4,False,fresh_chunk_suffix,4,4,0.11779257655143738,0.04221728444099426
queue,5,2,321,326,2,4,False,previous_plan_remainder,0,5,0.12023206800222397,0.04223114624619484
queue,5,2,322,327,2,4,False,previous_plan_remainder,1,6,0.12136059254407883,0.04224039986729622
queue,5,2,323,328,2,4,False,fresh_chunk_suffix,2,2,0.12324128299951553,0.04225447028875351
queue,5,2,324,329,2,4,False,fresh_chunk_suffix,3,3,0.12493383884429932,0.04226893559098244
queue,5,2,325,330,2,4,False,fresh_chunk_suffix,4,4,0.12660127878189087,0.04229119420051575
queue,5,2,326,331,2,4,False,previous_plan_remainder,0,5,0.12816692888736725,0.042302560061216354
queue,5,2,327,332,2,4,False,previous_plan_remainder,1,6,0.1292341947555542,0.04231194406747818
queue,5,2,328,333,2,4,False,fresh_chunk_suffix,2,2,0.1338415890932083,0.0423198938369751
queue,5,2,329,334,2,4,False,fresh_chunk_suffix,3,3,0.14099395275115967,0.042329225689172745
queue,5,2,330,335,2,4,False,fresh_chunk_suffix,4,4,0.14746101200580597,0.042334556579589844
queue,5,2,331,336,2,4,False,previous_plan_remainder,0,5,0.15310072898864746,0.042343202978372574
queue,5,2,332,337,2,4,False,previous_plan_remainder,1,6,0.1574571132659912,0.04235037416219711
queue,5,2,333,338,2,4,False,fresh_chunk_suffix,2,2,0.16104814410209656,0.04235805943608284
queue,5,2,334,339,2,4,False,fresh_chunk_suffix,3,3,0.16969749331474304,0.042369771748781204
queue,5,2,335,340,2,4,False,fresh_chunk_suffix,4,4,0.1810683310031891,0.042370446026325226
queue,5,2,336,341,2,4,False,previous_plan_remainder,0,5,0.19291952252388,0.04238537698984146
queue,5,2,337,342,2,4,False,previous_plan_remainder,1,6,0.1980600506067276,0.04239695891737938
queue,5,2,338,343,2,4,False,fresh_chunk_suffix,2,2,0.20755256712436676,0.04240330308675766
queue,5,2,339,344,2,4,False,fresh_chunk_suffix,3,3,0.21580082178115845,0.04241158440709114
queue,5,2,340,345,2,4,False,fresh_chunk_suffix,4,4,0.22355595231056213,0.04242192953824997
queue,5,2,341,346,2,4,False,previous_plan_remainder,0,5,0.2355591058731079,0.04243115335702896
queue,5,2,342,347,2,4,False,previous_plan_remainder,1,6,0.24343501031398773,0.0424489863216877
queue,5,2,343,348,2,4,False,fresh_chunk_suffix,2,2,0.27184101939201355,0.04246663674712181
queue,5,2,344,349,2,4,False,fresh_chunk_suffix,3,3,0.2970918118953705,0.04247065261006355
queue,5,2,345,350,2,4,False,fresh_chunk_suffix,4,4,0.3140500783920288,0.04247894510626793
queue,5,2,346,351,2,4,False,previous_plan_remainder,0,5,0.32486027479171753,0.04249360412359238
queue,5,2,347,352,2,4,False,previous_plan_remainder,1,6,0.33593177795410156,0.04249703884124756
queue,5,2,348,353,2,4,False,fresh_chunk_suffix,2,2,0.3584713041782379,0.04250120744109154
queue,5,2,349,354,2,4,False,fresh_chunk_suffix,3,3,0.38200297951698303,0.04251380264759064
queue,5,2,350,355,2,4,False,fresh_chunk_suffix,4,4,0.40525752305984497,0.04252244904637337
queue,5,2,351,356,2,4,False,previous_plan_remainder,0,5,0.4213831126689911,0.04252949357032776
queue,5,2,352,357,2,4,False,previous_plan_remainder,1,6,0.43244704604148865,0.042539194226264954
queue,5,2,353,358,2,4,False,fresh_chunk_suffix,2,2,0.443779855966568,0.0425560437142849
queue,5,2,354,359,2,4,False,fresh_chunk_suffix,3,3,0.45152443647384644,0.04256642982363701
queue,5,2,355,360,2,4,False,fresh_chunk_suffix,4,4,0.4608915448188782,0.04257582128047943
queue,5,2,356,361,2,4,False,previous_plan_remainder,0,5,0.47207507491111755,0.0425838939845562
queue,5,2,357,362,2,4,False,previous_plan_remainder,1,6,0.48448067903518677,0.04258640855550766
queue,5,2,358,363,2,4,False,fresh_chunk_suffix,2,2,0.5003432631492615,0.04260028526186943
queue,5,2,359,364,2,4,False,fresh_chunk_suffix,3,3,0.5164095759391785,0.042608730494976044
queue,5,2,360,365,2,4,False,fresh_chunk_suffix,4,4,0.5323938131332397,0.04262445494532585
queue,5,2,361,366,2,4,False,previous_plan_remainder,0,5,0.5444877743721008,0.042628660798072815
queue,5,2,362,367,2,4,False,previous_plan_remainder,1,6,0.552086591720581,0.04263826459646225
queue,5,2,363,368,2,4,False,fresh_chunk_suffix,2,2,0.57135409116745,0.04265046492218971
queue,5,2,364,369,2,4,False,fresh_chunk_suffix,3,3,0.5950580835342407,0.04266468435525894
queue,5,2,365,370,2,4,False,fresh_chunk_suffix,4,4,0.6157190799713135,0.04267263039946556
queue,5,2,366,371,2,4,False,previous_plan_remainder,0,5,0.636232316493988,0.04268854111433029
queue,5,2,367,372,2,4,False,previous_plan_remainder,1,6,0.6588922739028931,0.04269608482718468
queue,5,2,368,373,2,4,False,fresh_chunk_suffix,2,2,0.6847840547561646,0.04270198196172714
queue,5,2,369,374,2,4,False,fresh_chunk_suffix,3,3,0.7053804397583008,0.042705122381448746
queue,5,2,370,375,2,4,False,fresh_chunk_suffix,4,4,0.7211574912071228,0.04271489381790161
queue,5,2,371,376,2,4,False,previous_plan_remainder,0,5,0.7318000793457031,0.042720478028059006
queue,5,2,372,377,2,4,False,previous_plan_remainder,1,6,0.7423290610313416,0.042728837579488754
queue,5,2,373,378,2,4,False,fresh_chunk_suffix,2,2,0.758976399898529,0.04274803400039673
queue,5,2,374,379,2,4,False,fresh_chunk_suffix,3,3,0.7787718772888184,0.04275444522500038
queue,5,2,375,380,2,4,False,fresh_chunk_suffix,4,4,0.792816162109375,0.04276837036013603
queue,5,2,376,381,2,4,False,previous_plan_remainder,0,5,0.8062697052955627,0.042780373245477676
queue,5,2,377,382,2,4,False,previous_plan_remainder,1,6,0.812423050403595,0.04279040917754173
queue,5,2,378,383,2,4,False,fresh_chunk_suffix,2,2,0.8206597566604614,0.042807336896657944
queue,5,2,379,384,2,4,False,fresh_chunk_suffix,3,3,0.8273505568504333,0.042821791023015976
queue,5,2,380,385,2,4,False,fresh_chunk_suffix,4,4,0.8363302946090698,0.04282968118786812
queue,5,2,381,386,2,4,False,previous_plan_remainder,0,5,0.8438510894775391,0.04283718392252922
queue,5,2,382,387,2,4,False,previous_plan_remainder,1,6,0.8519342541694641,0.04284623637795448
queue,5,2,383,388,2,4,False,fresh_chunk_suffix,2,2,0.8607995510101318,0.04285569116473198
queue,5,2,384,389,2,4,False,fresh_chunk_suffix,3,3,0.8695510029792786,0.04287094995379448
queue,5,2,385,390,2,4,False,fresh_chunk_suffix,4,4,0.8793479204177856,0.04288622736930847
queue,5,2,386,391,2,4,False,previous_plan_remainder,0,5,0.8908756375312805,0.04289456829428673
queue,5,2,387,392,2,4,False,previous_plan_remainder,1,6,0.9019078016281128,0.042901597917079926
queue,5,2,388,393,2,4,False,fresh_chunk_suffix,2,2,0.9056613445281982,0.042904045432806015
queue,5,2,389,394,2,4,False,fresh_chunk_suffix,3,3,0.9082108736038208,0.04290835186839104
queue,5,2,390,395,2,4,False,fresh_chunk_suffix,4,4,0.9108837246894836,0.04289819672703743
queue,5,2,391,396,2,4,False,previous_plan_remainder,0,5,0.9169342517852783,0.04289818927645683
queue,5,2,392,397,2,4,False,previous_plan_remainder,1,6,0.9273098707199097,0.04287952184677124
queue,5,2,393,398,2,4,False,fresh_chunk_suffix,2,2,0.9395084977149963,0.042869336903095245
queue,5,2,394,399,2,4,False,fresh_chunk_suffix,3,3,0.9593091011047363,0.04284098744392395
queue,5,2,395,400,2,4,False,fresh_chunk_suffix,4,4,0.9776709675788879,0.04283113032579422
queue,5,2,396,401,2,4,False,previous_plan_remainder,0,5,0.9935726523399353,0.0428348034620285
queue,5,2,397,402,2,4,False,previous_plan_remainder,1,6,0.9960604906082153,0.04286975786089897
queue,5,2,398,403,2,4,False,fresh_chunk_suffix,2,2,0.9973742961883545,0.04293384775519371
queue,5,2,399,404,2,4,False,fresh_chunk_suffix,3,3,1.0081313848495483,0.04301989823579788
queue,5,2,400,405,2,4,False,fresh_chunk_suffix,4,4,1.0297092199325562,0.04309661313891411
queue,5,2,401,406,2,4,False,previous_plan_remainder,0,5,1.0560890436172485,0.04313410073518753
queue,5,2,402,407,2,4,False,previous_plan_remainder,1,6,1.0817471742630005,0.04315412789583206
queue,5,2,403,408,2,4,False,fresh_chunk_suffix,2,2,1.1153972148895264,0.043164048343896866
queue,5,2,404,409,2,4,False,fresh_chunk_suffix,3,3,1.1412079334259033,0.043184053152799606
queue,5,2,405,410,2,4,False,fresh_chunk_suffix,4,4,1.1711214780807495,0.043199677020311356
queue,5,2,406,411,2,4,False,previous_plan_remainder,0,5,1.1987813711166382,0.043223097920417786
queue,5,2,407,412,2,4,False,previous_plan_remainder,1,6,1.2225477695465088,0.04323848709464073
queue,5,2,408,413,2,4,False,fresh_chunk_suffix,2,2,1.2589083909988403,0.04326240345835686
queue,5,2,409,414,2,4,False,fresh_chunk_suffix,3,3,1.296435832977295,0.043286360800266266
queue,5,2,410,415,2,4,False,fresh_chunk_suffix,4,4,1.3355804681777954,0.043294746428728104
queue,5,2,411,416,2,4,False,previous_plan_remainder,0,5,1.3718081712722778,0.043313704431056976
queue,5,2,412,417,2,4,False,previous_plan_remainder,1,6,1.3932732343673706,0.04332352802157402
queue,5,2,413,418,2,4,False,fresh_chunk_suffix,2,2,1.4234801530838013,0.04333343729376793
queue,5,2,414,419,2,4,False,fresh_chunk_suffix,3,3,1.4499058723449707,0.04335818812251091
queue,5,2,415,420,2,4,False,fresh_chunk_suffix,4,4,1.469693660736084,0.04337230324745178
queue,5,2,416,421,2,4,False,previous_plan_remainder,0,5,1.4873894453048706,0.04337947070598602
queue,5,2,417,422,2,4,False,previous_plan_remainder,1,6,1.499442219734192,0.043392326682806015
queue,5,2,418,423,2,4,False,fresh_chunk_suffix,2,2,1.5136680603027344,0.043412625789642334
queue,5,2,419,424,2,4,False,fresh_chunk_suffix,3,3,1.5308549404144287,0.04341994971036911
queue,5,2,420,425,2,4,False,fresh_chunk_suffix,4,4,1.537163257598877,0.04344143718481064
queue,5,2,421,426,2,4,False,previous_plan_remainder,0,5,1.5402038097381592,0.04345308989286423
queue,5,2,422,427,2,4,False,previous_plan_remainder,1,6,1.5399411916732788,0.04345544055104256
queue,5,2,423,428,2,4,False,fresh_chunk_suffix,2,2,1.517411231994629,0.043466754257678986
queue,5,2,424,429,2,4,False,fresh_chunk_suffix,3,3,1.4875810146331787,0.04345809295773506
queue,5,2,425,430,2,4,False,fresh_chunk_suffix,4,4,1.4398263692855835,0.043475568294525146
queue,5,2,426,431,2,4,False,previous_plan_remainder,0,5,1.3722236156463623,0.04349812865257263
queue,5,2,427,432,2,4,False,previous_plan_remainder,1,6,1.3040260076522827,0.04350780323147774
queue,5,2,428,433,2,4,False,fresh_chunk_suffix,2,2,1.2543959617614746,0.04352305084466934
queue,5,2,429,434,2,4,False,fresh_chunk_suffix,3,3,1.1946202516555786,0.04353022575378418
queue,5,2,430,435,2,4,False,fresh_chunk_suffix,4,4,1.1314603090286255,0.04354119300842285
queue,5,2,431,436,2,4,False,previous_plan_remainder,0,5,1.0635595321655273,0.04355641454458237
queue,5,2,432,437,2,4,False,previous_plan_remainder,1,6,0.9964823722839355,0.04357890039682388
queue,5,2,433,438,2,4,False,fresh_chunk_suffix,2,2,0.9370338916778564,0.043581992387771606
queue,5,2,434,439,2,4,False,fresh_chunk_suffix,3,3,0.8772991299629211,0.04359125718474388
queue,5,2,435,440,2,4,False,fresh_chunk_suffix,4,4,0.816673755645752,0.04360335320234299
queue,5,2,436,441,2,4,False,previous_plan_remainder,0,5,0.7560805082321167,0.04361933469772339
queue,5,2,437,442,2,4,False,previous_plan_remainder,1,6,0.6954379081726074,0.04362877830862999
queue,5,2,438,443,2,4,False,fresh_chunk_suffix,2,2,0.6348434686660767,0.04363895580172539
queue,5,2,439,444,2,4,False,fresh_chunk_suffix,3,3,0.5754551291465759,0.04365299642086029
queue,5,2,440,445,2,4,False,fresh_chunk_suffix,4,4,0.5197426080703735,0.04366397485136986
queue,5,2,441,446,2,4,False,previous_plan_remainder,0,5,0.46693119406700134,0.04367465153336525
queue,5,2,442,447,2,4,False,previous_plan_remainder,1,6,0.41662296652793884,0.04368530586361885
queue,5,2,443,448,2,4,False,fresh_chunk_suffix,2,2,0.3668712377548218,0.043704431504011154
queue,5,2,444,449,2,4,False,fresh_chunk_suffix,3,3,0.31961363554000854,0.04372268542647362
queue,5,2,445,450,2,4,False,fresh_chunk_suffix,4,4,0.276162713766098,0.04373463615775108
queue,5,2,446,451,2,4,False,previous_plan_remainder,0,5,0.23642809689044952,0.04375380277633667
queue,5,2,447,452,2,4,False,previous_plan_remainder,1,6,0.2008524239063263,0.0437636636197567
queue,5,2,448,453,2,4,False,fresh_chunk_suffix,2,2,0.1691550314426422,0.0437677726149559
queue,5,2,449,454,2,4,False,fresh_chunk_suffix,3,3,0.14035704731941223,0.04377693310379982
queue,5,2,450,455,2,4,False,fresh_chunk_suffix,4,4,0.11642707139253616,0.043791286647319794
queue,5,2,451,456,2,4,False,previous_plan_remainder,0,5,0.09828480333089828,0.04379601031541824
queue,5,2,452,457,2,4,False,previous_plan_remainder,1,6,0.08737678825855255,0.04381042718887329
queue,5,2,453,458,2,4,False,fresh_chunk_suffix,2,2,0.07971561700105667,0.04381193965673447
queue,5,2,454,459,2,4,False,fresh_chunk_suffix,3,3,0.07570791244506836,0.04382028058171272
queue,5,2,455,460,2,4,False,fresh_chunk_suffix,4,4,0.07399479299783707,0.04382713511586189
queue,5,2,456,461,2,4,False,previous_plan_remainder,0,5,0.07299365848302841,0.043832018971443176
queue,5,2,457,462,2,4,False,previous_plan_remainder,1,6,0.07225323468446732,0.04383139684796333
queue,5,2,458,463,2,4,False,fresh_chunk_suffix,2,2,0.0711764395236969,0.04384363442659378
queue,5,2,459,464,2,4,False,fresh_chunk_suffix,3,3,0.07096542418003082,0.043852798640728
queue,5,2,460,465,2,4,False,fresh_chunk_suffix,4,4,0.07163194566965103,0.043866030871868134
queue,5,2,461,466,2,4,False,previous_plan_remainder,0,5,0.07173888385295868,0.04387572780251503
queue,5,2,462,467,2,4,False,previous_plan_remainder,1,6,0.07203923165798187,0.04388977587223053
queue,5,2,463,468,2,4,False,fresh_chunk_suffix,2,2,0.07096470147371292,0.04389891400933266
queue,5,2,464,469,2,4,False,fresh_chunk_suffix,3,3,0.07096206396818161,0.04391266033053398
queue,5,2,465,470,2,4,False,fresh_chunk_suffix,4,4,0.07151160389184952,0.04392239823937416
queue,5,2,466,471,2,4,False,previous_plan_remainder,0,5,0.07179228961467743,0.04393362998962402
queue,5,2,467,472,2,4,False,previous_plan_remainder,1,6,0.0719309002161026,0.04394003376364708
queue,5,2,468,473,2,4,False,fresh_chunk_suffix,2,2,0.07087180763483047,0.04394929111003876
queue,5,2,469,474,2,4,False,fresh_chunk_suffix,3,3,0.0690259262919426,0.04396195337176323
queue,5,2,470,475,2,4,False,fresh_chunk_suffix,4,4,0.06774856895208359,0.0439804308116436
queue,5,2,471,476,2,4,False,previous_plan_remainder,0,5,0.0668950229883194,0.04399336874485016
queue,5,2,472,477,2,4,False,previous_plan_remainder,1,6,0.06648419052362442,0.04401601850986481
queue,5,2,473,478,2,4,False,fresh_chunk_suffix,2,2,0.06669536232948303,0.04402334243059158
queue,5,2,474,479,2,4,False,fresh_chunk_suffix,3,3,0.067756287753582,0.0440419465303421
queue,5,2,475,480,2,4,False,fresh_chunk_suffix,4,4,0.06888365745544434,0.04404834657907486
queue,5,2,476,481,2,4,False,previous_plan_remainder,0,5,0.07046139240264893,0.04405587539076805
queue,5,2,477,482,2,4,False,previous_plan_remainder,1,6,0.07286304980516434,0.044063106179237366
queue,5,2,478,483,2,4,False,fresh_chunk_suffix,2,2,0.07253523170948029,0.044070445001125336
queue,5,2,479,484,2,4,False,fresh_chunk_suffix,3,3,0.07120612263679504,0.04408366233110428
queue,5,2,480,485,2,4,False,fresh_chunk_suffix,4,4,0.07030004262924194,0.04408208653330803
queue,5,2,481,486,2,4,False,previous_plan_remainder,0,5,0.06950416415929794,0.044102080166339874
queue,5,2,482,487,2,4,False,previous_plan_remainder,1,6,0.06877482682466507,0.044106289744377136
queue,5,2,483,488,2,4,False,fresh_chunk_suffix,2,2,0.06926289200782776,0.044119298458099365
queue,5,2,484,489,2,4,False,fresh_chunk_suffix,3,3,0.06997084617614746,0.04412798583507538
queue,5,2,485,490,2,4,False,fresh_chunk_suffix,4,4,0.07686609774827957,0.04414241015911102
queue,5,2,486,491,2,4,False,previous_plan_remainder,0,5,0.07731366902589798,0.044137436896562576
queue,5,2,487,492,2,4,False,previous_plan_remainder,1,6,0.07385846227407455,0.0441506952047348
queue,5,2,488,493,2,4,False,fresh_chunk_suffix,2,2,0.07285485416650772,0.044156379997730255
queue,5,2,489,494,2,4,False,fresh_chunk_suffix,3,3,0.07300695776939392,0.04416808858513832
queue,5,2,490,495,2,4,False,fresh_chunk_suffix,4,4,0.07223248481750488,0.04417197406291962
queue,5,2,491,496,2,4,False,previous_plan_remainder,0,5,0.07341888546943665,0.04418499022722244
queue,5,2,492,497,2,4,False,previous_plan_remainder,1,6,0.07365330308675766,0.04419093579053879
queue,5,2,493,498,2,4,False,fresh_chunk_suffix,2,2,0.07235771417617798,0.044212788343429565
queue,5,2,494,499,2,4,False,fresh_chunk_suffix,3,3,0.07113511860370636,0.04421813413500786
queue,5,2,495,500,2,4,False,fresh_chunk_suffix,4,4,0.07051213085651398,0.0442328006029129
queue,5,2,496,501,2,4,False,previous_plan_remainder,0,5,0.07898300886154175,0.044243257492780685
queue,5,2,497,502,2,4,False,previous_plan_remainder,1,6,0.08808324486017227,0.04426253214478493
queue,5,2,498,503,2,4,False,fresh_chunk_suffix,2,2,0.09359042346477509,0.04427115246653557
queue,5,2,499,504,2,4,False,fresh_chunk_suffix,3,3,0.09886164218187332,0.04428296908736229
queue,5,2,500,505,2,4,False,fresh_chunk_suffix,4,4,0.09999313950538635,0.04429405927658081
queue,5,2,501,506,2,4,False,previous_plan_remainder,0,5,0.10606183856725693,0.044304244220256805
queue,5,2,502,507,2,4,False,previous_plan_remainder,1,6,0.1353955715894699,0.04431132227182388
queue,5,2,503,508,2,4,False,fresh_chunk_suffix,2,2,0.1346210241317749,0.04433383420109749
queue,5,2,504,509,2,4,False,fresh_chunk_suffix,3,3,0.12336983531713486,0.0443509966135025
queue,5,2,505,510,2,4,False,fresh_chunk_suffix,4,4,0.11105169355869293,0.04436971992254257
queue,5,2,506,511,2,4,False,previous_plan_remainder,0,5,0.0942954272031784,0.04437718912959099
queue,5,2,507,512,2,4,False,previous_plan_remainder,1,6,0.07273923605680466,0.044390495866537094
queue,5,2,508,513,2,4,False,fresh_chunk_suffix,2,2,0.06368817389011383,0.044411998242139816
queue,5,2,509,514,2,4,False,fresh_chunk_suffix,3,3,0.05926988273859024,0.04442925378680229
queue,5,2,510,515,2,4,False,fresh_chunk_suffix,4,4,0.058805666863918304,0.04444602504372597
queue,5,2,511,516,2,4,False,previous_plan_remainder,0,5,0.06128110736608505,0.04446563124656677
queue,5,2,512,517,2,4,False,previous_plan_remainder,1,6,0.06223084032535553,0.0444829985499382
queue,5,2,513,518,2,4,False,fresh_chunk_suffix,2,2,0.05768350884318352,0.04449008032679558
queue,5,2,514,519,2,4,False,fresh_chunk_suffix,3,3,0.052844155579805374,0.0444963164627552
queue,5,2,515,520,2,4,False,fresh_chunk_suffix,4,4,0.0484650582075119,0.044506046921014786
queue,5,2,516,521,2,4,False,previous_plan_remainder,0,5,0.044461674988269806,0.044519174844026566
queue,5,2,517,522,2,4,False,previous_plan_remainder,1,6,0.04732346162199974,0.04452453553676605
queue,5,2,518,523,2,4,False,fresh_chunk_suffix,2,2,0.04577363654971123,0.04453286528587341
queue,5,2,519,524,2,4,False,fresh_chunk_suffix,3,3,0.03929203003644943,0.04454127699136734
queue,5,2,520,525,2,4,False,fresh_chunk_suffix,4,4,0.03664370998740196,0.04455556347966194
queue,5,2,521,526,2,4,False,previous_plan_remainder,0,5,0.03894519805908203,0.04456770420074463
queue,5,2,522,527,2,4,False,previous_plan_remainder,1,6,0.04027016833424568,0.04458218812942505
queue,5,2,523,528,2,4,False,fresh_chunk_suffix,2,2,0.05145832523703575,0.04459771513938904
queue,5,2,524,529,2,4,False,fresh_chunk_suffix,3,3,0.061115264892578125,0.04461207613348961
queue,5,2,525,530,2,4,False,fresh_chunk_suffix,4,4,0.07165324687957764,0.04462229833006859
queue,5,2,526,531,2,4,False,previous_plan_remainder,0,5,0.07760774344205856,0.04463101550936699
queue,5,2,527,532,2,4,False,previous_plan_remainder,1,6,0.07942439615726471,0.04464224353432655
queue,5,2,528,533,2,4,False,fresh_chunk_suffix,2,2,0.13045373558998108,0.044654905796051025
queue,5,2,529,534,2,4,False,fresh_chunk_suffix,3,3,0.18853449821472168,0.044668056070804596
queue,5,2,530,535,2,4,False,fresh_chunk_suffix,4,4,0.23575569689273834,0.04467642307281494
queue,5,2,531,536,2,4,False,previous_plan_remainder,0,5,0.279381662607193,0.04468970745801926
queue,5,2,532,537,2,4,False,previous_plan_remainder,1,6,0.3160145878791809,0.044708721339702606
queue,5,2,533,538,2,4,False,fresh_chunk_suffix,2,2,0.33466190099716187,0.04472118243575096
queue,5,2,534,539,2,4,False,fresh_chunk_suffix,3,3,0.34662213921546936,0.044735174626111984
queue,5,2,535,540,2,4,False,fresh_chunk_suffix,4,4,0.356722891330719,0.044752344489097595
queue,5,2,536,541,2,4,False,previous_plan_remainder,0,5,0.3630863428115845,0.04477235674858093
queue,5,2,537,542,2,4,False,previous_plan_remainder,1,6,0.3704749643802643,0.04478715732693672
queue,5,2,538,543,2,4,False,fresh_chunk_suffix,2,2,0.3878135085105896,0.04480138048529625
queue,5,2,539,544,2,4,False,fresh_chunk_suffix,3,3,0.40574029088020325,0.04481666535139084
queue,5,2,540,545,2,4,False,fresh_chunk_suffix,4,4,0.4235270023345947,0.04484041780233383
queue,5,2,541,546,2,4,False,previous_plan_remainder,0,5,0.43604612350463867,0.04485410079360008
queue,5,2,542,547,2,4,False,previous_plan_remainder,1,6,0.4480692148208618,0.04488265514373779
queue,5,2,543,548,2,4,False,fresh_chunk_suffix,2,2,0.4671967923641205,0.044909559190273285
queue,5,2,544,549,2,4,False,fresh_chunk_suffix,3,3,0.4839281439781189,0.04493299499154091
queue,5,2,545,550,2,4,False,fresh_chunk_suffix,4,4,0.49916109442710876,0.044950466603040695
queue,5,2,546,551,2,4,False,previous_plan_remainder,0,5,0.5105863213539124,0.04498521238565445
queue,5,2,547,552,2,4,False,previous_plan_remainder,1,6,0.5062423348426819,0.04501360282301903
queue,5,2,548,553,2,4,False,fresh_chunk_suffix,2,2,0.5052383542060852,0.045042362064123154
queue,5,2,549,554,2,4,False,fresh_chunk_suffix,3,3,0.49272283911705017,0.045059461146593094
queue,5,2,550,555,2,4,False,fresh_chunk_suffix,4,4,0.4816143214702606,0.04507899656891823
queue,5,2,551,556,2,4,False,previous_plan_remainder,0,5,0.4836621880531311,0.045097943395376205
queue,5,2,552,557,2,4,False,previous_plan_remainder,1,6,0.49502328038215637,0.04511609673500061
queue,5,2,553,558,2,4,False,fresh_chunk_suffix,2,2,0.5279191732406616,0.04513314738869667
queue,5,2,554,559,2,4,False,fresh_chunk_suffix,3,3,0.5620052218437195,0.04515261575579643
queue,5,2,555,560,2,4,False,fresh_chunk_suffix,4,4,0.590935468673706,0.04517558589577675
queue,5,2,556,561,2,4,False,previous_plan_remainder,0,5,0.6167452931404114,0.045211561024188995
queue,5,2,557,562,2,4,False,previous_plan_remainder,1,6,0.6388728618621826,0.0452425554394722
queue,5,2,558,563,2,4,False,fresh_chunk_suffix,2,2,0.6652790307998657,0.045263033360242844
queue,5,2,559,564,2,4,False,fresh_chunk_suffix,3,3,0.6884985566139221,0.045278094708919525
queue,5,2,560,565,2,4,False,fresh_chunk_suffix,4,4,0.7006917595863342,0.045296307653188705
queue,5,2,561,566,2,4,False,previous_plan_remainder,0,5,0.7096883058547974,0.04531067982316017
queue,5,2,562,567,2,4,False,previous_plan_remainder,1,6,0.7185376882553101,0.045320987701416016
queue,5,2,563,568,2,4,False,fresh_chunk_suffix,2,2,0.7230319976806641,0.04533175006508827
queue,5,2,564,569,2,4,False,fresh_chunk_suffix,3,3,0.7267404198646545,0.045348361134529114
queue,5,2,565,570,2,4,False,fresh_chunk_suffix,4,4,0.7346141934394836,0.045358169823884964
queue,5,2,566,571,2,4,False,previous_plan_remainder,0,5,0.7497629523277283,0.045372672379016876
queue,5,2,567,572,2,4,False,previous_plan_remainder,1,6,0.7690421342849731,0.0453827865421772
queue,5,2,568,573,2,4,False,fresh_chunk_suffix,2,2,0.7775591611862183,0.04540245234966278
queue,5,2,569,574,2,4,False,fresh_chunk_suffix,3,3,0.7848982810974121,0.04540984705090523
queue,5,2,570,575,2,4,False,fresh_chunk_suffix,4,4,0.7964401245117188,0.04540761932730675
queue,5,2,571,576,2,4,False,previous_plan_remainder,0,5,0.8132690787315369,0.045417141169309616
queue,5,2,572,577,2,4,False,previous_plan_remainder,1,6,0.8312669396400452,0.04542618244886398
queue,5,2,573,578,2,4,False,fresh_chunk_suffix,2,2,0.8463529944419861,0.0454028882086277
queue,5,2,574,579,2,4,False,fresh_chunk_suffix,3,3,0.8590712547302246,0.04535001888871193
queue,5,2,575,580,2,4,False,fresh_chunk_suffix,4,4,0.8635371923446655,0.0452619269490242
queue,5,2,576,581,2,4,False,previous_plan_remainder,0,5,0.8679224848747253,0.04516113921999931
queue,5,2,577,582,2,4,False,previous_plan_remainder,1,6,0.874974250793457,0.045043740421533585
queue,5,2,578,583,2,4,False,fresh_chunk_suffix,2,2,0.8879074454307556,0.04491128399968147
queue,5,2,579,584,2,4,False,fresh_chunk_suffix,3,3,0.9092438220977783,0.04474874958395958
queue,5,2,580,585,2,4,False,fresh_chunk_suffix,4,4,0.9337899684906006,0.04459301009774208
queue,5,2,581,586,2,4,False,previous_plan_remainder,0,5,0.955878496170044,0.044481415301561356
queue,5,2,582,587,2,4,False,previous_plan_remainder,1,6,0.9788446426391602,0.04443284869194031
queue,5,2,583,588,2,4,False,fresh_chunk_suffix,2,2,1.0094962120056152,0.04443419724702835
queue,5,2,584,589,2,4,False,fresh_chunk_suffix,3,3,1.040643334388733,0.04447494074702263
queue,5,2,585,590,2,4,False,fresh_chunk_suffix,4,4,1.0590177774429321,0.044558584690093994
queue,5,2,586,591,2,4,False,previous_plan_remainder,0,5,1.0708659887313843,0.04466116800904274
queue,5,2,587,592,2,4,False,previous_plan_remainder,1,6,1.0826539993286133,0.04477855563163757
queue,5,2,588,593,2,4,False,fresh_chunk_suffix,2,2,1.1344581842422485,0.044892821460962296
queue,5,2,589,594,2,4,False,fresh_chunk_suffix,3,3,1.192939043045044,0.045024506747722626
queue,5,2,590,595,2,4,False,fresh_chunk_suffix,4,4,1.243393898010254,0.04515437036752701
queue,5,2,591,596,2,4,False,previous_plan_remainder,0,5,1.2846969366073608,0.04528869315981865
queue,5,2,592,597,2,4,False,previous_plan_remainder,1,6,1.3198058605194092,0.045434653759002686
queue,5,2,593,598,2,4,False,fresh_chunk_suffix,2,2,1.3599745035171509,0.045583732426166534
queue,5,2,594,599,2,4,False,fresh_chunk_suffix,3,3,1.3925303220748901,0.045724183320999146
queue,5,2,595,600,2,4,False,fresh_chunk_suffix,4,4,1.407801866531372,0.04584761708974838
queue,5,5,1,6,2,4,False,previous_plan_remainder,0,5,3.5471856563162873e-08,0.0
queue,5,5,2,7,2,4,False,previous_plan_remainder,1,6,2.107342389479072e-08,0.0
queue,5,5,3,8,2,4,False,previous_plan_remainder,2,7,3.942476567431186e-08,0.0
queue,5,5,4,9,2,4,False,previous_plan_remainder,3,8,3.942476567431186e-08,0.0
queue,5,5,5,10,2,4,False,previous_plan_remainder,4,9,3.6752840770759576e-08,0.0
queue,5,5,6,11,2,4,False,previous_plan_remainder,0,5,0.004760030657052994,0.0
queue,5,5,7,12,2,4,False,previous_plan_remainder,1,6,0.01253246609121561,0.0
queue,5,5,8,13,2,4,False,previous_plan_remainder,2,7,0.04673042148351669,0.0
queue,5,5,9,14,2,4,False,previous_plan_remainder,3,8,0.08673018217086792,0.0
queue,5,5,10,15,2,4,False,previous_plan_remainder,4,9,0.11048691719770432,0.0
queue,5,5,11,16,2,4,False,previous_plan_remainder,0,5,0.10629434883594513,0.0
queue,5,5,12,17,2,4,False,previous_plan_remainder,1,6,0.1012997031211853,0.0
queue,5,5,13,18,2,4,False,previous_plan_remainder,2,7,0.115819051861763,0.0
queue,5,5,14,19,2,4,False,previous_plan_remainder,3,8,0.15135453641414642,0.0
queue,5,5,15,20,2,4,False,previous_plan_remainder,4,9,0.19627341628074646,0.0
queue,5,5,16,21,2,4,False,previous_plan_remainder,0,5,0.23601900041103363,0.0
queue,5,5,17,22,2,4,False,previous_plan_remainder,1,6,0.2744099497795105,0.0
queue,5,5,18,23,2,4,False,previous_plan_remainder,2,7,0.3131280541419983,0.0
queue,5,5,19,24,2,4,False,previous_plan_remainder,3,8,0.3496178388595581,0.0
queue,5,5,20,25,2,4,False,previous_plan_remainder,4,9,0.3827512562274933,0.0
queue,5,5,21,26,2,4,False,previous_plan_remainder,0,5,0.39567089080810547,0.0
queue,5,5,22,27,2,4,False,previous_plan_remainder,1,6,0.4097285568714142,0.0
queue,5,5,23,28,2,4,False,previous_plan_remainder,2,7,0.42813849449157715,0.0
queue,5,5,24,29,2,4,False,previous_plan_remainder,3,8,0.4466251730918884,0.0
queue,5,5,25,30,2,4,False,previous_plan_remainder,4,9,0.46651121973991394,0.0
queue,5,5,26,31,2,4,False,previous_plan_remainder,0,5,0.4621790051460266,0.0
queue,5,5,27,32,2,4,False,previous_plan_remainder,1,6,0.4600900411605835,0.0
queue,5,5,28,33,2,4,False,previous_plan_remainder,2,7,0.4715765416622162,0.0
queue,5,5,29,34,2,4,False,previous_plan_remainder,3,8,0.4997500777244568,0.0
queue,5,5,30,35,2,4,False,previous_plan_remainder,4,9,0.5289080739021301,0.0
queue,5,5,31,36,2,4,False,previous_plan_remainder,0,5,0.5272682905197144,1.000261249828327e-06
queue,5,5,32,37,2,4,False,previous_plan_remainder,1,6,0.5313105583190918,8.456685463897884e-05
queue,5,5,33,38,2,4,False,previous_plan_remainder,2,7,0.5434632897377014,0.00038645919994451106
queue,5,5,34,39,2,4,False,previous_plan_remainder,3,8,0.5576402544975281,0.0005532472277991474
queue,5,5,35,40,2,4,False,previous_plan_remainder,4,9,0.5764400362968445,0.0005949917831458151
queue,5,5,36,41,2,4,False,previous_plan_remainder,0,5,0.5633664131164551,0.0005606352933682501
queue,5,5,37,42,2,4,False,previous_plan_remainder,1,6,0.5198069214820862,0.0005304808146320283
queue,5,5,38,43,2,4,False,previous_plan_remainder,2,7,0.47959035634994507,0.0005035228095948696
queue,5,5,39,44,2,4,False,previous_plan_remainder,3,8,0.44185128808021545,0.0004864252114202827
queue,5,5,40,45,2,4,False,previous_plan_remainder,4,9,0.42692330479621887,0.0004741224111057818
queue,5,5,41,46,2,4,False,previous_plan_remainder,0,5,0.3780990242958069,0.00046410824870690703
queue,5,5,42,47,2,4,False,previous_plan_remainder,1,6,0.3398899734020233,0.00047831551637500525
queue,5,5,43,48,2,4,False,previous_plan_remainder,2,7,0.33079370856285095,0.0007609367021359503
queue,5,5,44,49,2,4,False,previous_plan_remainder,3,8,0.3485669493675232,0.0019616736099123955
queue,5,5,45,50,3,4,False,previous_plan_remainder,4,9,0.36313262581825256,0.003513399278745055
queue,5,5,46,51,3,4,False,previous_plan_remainder,0,5,0.34418776631355286,0.004629963077604771
queue,5,5,47,52,3,4,False,previous_plan_remainder,1,6,0.3185907006263733,0.004922537598758936
queue,5,5,48,53,3,4,False,previous_plan_remainder,2,7,0.30124399065971375,0.0046217553317546844
queue,5,5,49,54,3,4,False,previous_plan_remainder,3,8,0.28971436619758606,0.004209776408970356
queue,5,5,50,55,3,4,False,previous_plan_remainder,4,9,0.29624882340431213,0.003964426927268505
queue,5,5,51,56,3,4,False,previous_plan_remainder,0,5,0.30061909556388855,0.0037722920533269644
queue,5,5,52,57,3,4,False,previous_plan_remainder,1,6,0.3186356723308563,0.0035911391023546457
queue,5,5,53,58,3,4,False,previous_plan_remainder,2,7,0.3413242995738983,0.0035718660801649094
queue,5,5,54,59,3,4,False,previous_plan_remainder,3,8,0.35691171884536743,0.003980448003858328
queue,5,5,55,60,3,4,False,previous_plan_remainder,4,9,0.3788219690322876,0.004665675573050976
queue,5,5,56,61,3,4,False,previous_plan_remainder,0,5,0.35032907128334045,0.005549498833715916
queue,5,5,57,62,3,4,False,previous_plan_remainder,1,6,0.3221023976802826,0.00625313026830554
queue,5,5,58,63,3,4,False,previous_plan_remainder,2,7,0.297390341758728,0.006618616171181202
queue,5,5,59,64,3,4,False,previous_plan_remainder,3,8,0.2810032069683075,0.006749666295945644
queue,5,5,60,65,3,4,False,previous_plan_remainder,4,9,0.27274295687675476,0.006752911023795605
queue,5,5,61,66,3,4,False,previous_plan_remainder,0,5,0.2842937409877777,0.006689386907964945
queue,5,5,62,67,3,4,False,previous_plan_remainder,1,6,0.3126485049724579,0.006663138046860695
queue,5,5,63,68,3,4,False,previous_plan_remainder,2,7,0.3563868999481201,0.006707874592393637
queue,5,5,64,69,3,4,False,previous_plan_remainder,3,8,0.4014490246772766,0.0068031554110348225
queue,5,5,65,70,3,4,False,previous_plan_remainder,4,9,0.4277866780757904,0.006986559368669987
queue,5,5,66,71,3,4,False,previous_plan_remainder,0,5,0.4123748242855072,0.0072350455448031425
queue,5,5,67,72,3,4,False,previous_plan_remainder,1,6,0.39671215415000916,0.007542256731539965
queue,5,5,68,73,3,4,False,previous_plan_remainder,2,7,0.38565775752067566,0.00784632284194231
queue,5,5,69,74,3,4,False,previous_plan_remainder,3,8,0.3798849582672119,0.008073114790022373
queue,5,5,70,75,3,4,False,previous_plan_remainder,4,9,0.3751731514930725,0.008209890685975552
queue,5,5,71,76,3,4,False,previous_plan_remainder,0,5,0.3649006187915802,0.008123409934341908
queue,5,5,72,77,3,4,False,previous_plan_remainder,1,6,0.38091132044792175,0.007833202369511127
queue,5,5,73,78,3,4,False,previous_plan_remainder,2,7,0.3999941349029541,0.007485726848244667
queue,5,5,74,79,3,4,False,previous_plan_remainder,3,8,0.40980005264282227,0.0071881553158164024
queue,5,5,75,80,3,4,False,previous_plan_remainder,4,9,0.4181118905544281,0.006941014900803566
queue,5,5,76,81,3,4,False,previous_plan_remainder,0,5,0.40818142890930176,0.006785661447793245
queue,5,5,77,82,3,4,False,previous_plan_remainder,1,6,0.3909915089607239,0.0066733574494719505
queue,5,5,78,83,3,4,False,previous_plan_remainder,2,7,0.3707515597343445,0.006530211307108402
queue,5,5,79,84,3,4,False,previous_plan_remainder,3,8,0.3419821858406067,0.006496466230601072
queue,5,5,80,85,3,4,False,previous_plan_remainder,4,9,0.3142271041870117,0.006598996464163065
queue,5,5,81,86,3,4,False,previous_plan_remainder,0,5,0.3091380298137665,0.006682931445538998
queue,5,5,82,87,3,4,False,previous_plan_remainder,1,6,0.34212377667427063,0.006759893149137497
queue,5,5,83,88,3,4,False,previous_plan_remainder,2,7,0.37792348861694336,0.0068563721142709255
queue,5,5,84,89,3,4,False,previous_plan_remainder,3,8,0.4105640649795532,0.00700218603014946
queue,5,5,85,90,3,4,False,previous_plan_remainder,4,9,0.4346414804458618,0.007109188474714756
queue,5,5,86,91,3,4,False,previous_plan_remainder,0,5,0.40490132570266724,0.007395801600068808
queue,5,5,87,92,3,4,False,previous_plan_remainder,1,6,0.3658525347709656,0.007860984653234482
queue,5,5,88,93,3,4,False,previous_plan_remainder,2,7,0.3343145549297333,0.008359543047845364
queue,5,5,89,94,3,4,False,previous_plan_remainder,3,8,0.3129287660121918,0.008763294667005539
queue,5,5,90,95,3,4,False,previous_plan_remainder,4,9,0.2941780686378479,0.009103463962674141
queue,5,5,91,96,3,4,False,previous_plan_remainder,0,5,0.30994024872779846,0.009483381174504757
queue,5,5,92,97,3,4,False,previous_plan_remainder,1,6,0.3403591215610504,0.010058436542749405
queue,5,5,93,98,3,4,False,previous_plan_remainder,2,7,0.36842796206474304,0.01085870061069727
queue,5,5,94,99,3,4,False,previous_plan_remainder,3,8,0.3893352448940277,0.011869672685861588
queue,5,5,95,100,3,4,False,previous_plan_remainder,4,9,0.4116463363170624,0.013108819723129272
queue,5,5,96,101,3,4,False,previous_plan_remainder,0,5,0.38739168643951416,0.01462087593972683
queue,5,5,97,102,3,4,False,previous_plan_remainder,1,6,0.35879749059677124,0.016355717554688454
queue,5,5,98,103,3,4,False,previous_plan_remainder,2,7,0.3350546360015869,0.01829824596643448
queue,5,5,99,104,3,4,False,previous_plan_remainder,3,8,0.3169471025466919,0.020397638902068138
queue,5,5,100,105,3,4,False,previous_plan_remainder,4,9,0.3179485499858856,0.02253776602447033
queue,5,5,101,106,3,4,False,previous_plan_remainder,0,5,0.33940407633781433,0.02458232082426548
queue,5,5,102,107,3,4,False,previous_plan_remainder,1,6,0.376956969499588,0.02639709785580635
queue,5,5,103,108,3,4,False,previous_plan_remainder,2,7,0.42076727747917175,0.027990231290459633
queue,5,5,104,109,3,4,False,previous_plan_remainder,3,8,0.4574193060398102,0.029346197843551636
queue,5,5,105,110,3,4,False,previous_plan_remainder,4,9,0.49583399295806885,0.030452542006969452
queue,5,5,106,111,3,4,False,previous_plan_remainder,0,5,0.4567214846611023,0.031248748302459717
queue,5,5,107,112,3,4,False,previous_plan_remainder,1,6,0.4182076156139374,0.03166814520955086
queue,5,5,108,113,3,4,False,previous_plan_remainder,2,7,0.380372554063797,0.03173670545220375
queue,5,5,109,114,3,4,False,previous_plan_remainder,3,8,0.3507387042045593,0.031578484922647476
queue,5,5,110,115,3,4,False,previous_plan_remainder,4,9,0.3399982452392578,0.031357672065496445
queue,5,5,111,116,3,4,False,previous_plan_remainder,0,5,0.36229243874549866,0.03125886246562004
queue,5,5,112,117,3,4,False,previous_plan_remainder,1,6,0.39270684123039246,0.03152167424559593
queue,5,5,113,118,3,4,False,previous_plan_remainder,2,7,0.4120640754699707,0.03219364583492279
queue,5,5,114,119,3,4,False,previous_plan_remainder,3,8,0.4233957827091217,0.03302345052361488
queue,5,5,115,120,3,4,False,previous_plan_remainder,4,9,0.44541212916374207,0.03388805687427521
queue,5,5,116,121,3,4,False,previous_plan_remainder,0,5,0.44194602966308594,0.034923698753118515
queue,5,5,117,122,2,4,False,previous_plan_remainder,1,6,0.4369310736656189,0.03558177873492241
queue,5,5,118,123,2,4,False,previous_plan_remainder,2,7,0.4309655725955963,0.0358680784702301
queue,5,5,119,124,2,4,False,previous_plan_remainder,3,8,0.42846113443374634,0.03613279014825821
queue,5,5,120,125,2,4,False,previous_plan_remainder,4,9,0.43634214997291565,0.03651820123195648
queue,5,5,121,126,3,4,False,previous_plan_remainder,0,5,0.46242958307266235,0.036851197481155396
queue,5,5,122,127,3,4,False,previous_plan_remainder,1,6,0.48971807956695557,0.03706805408000946
queue,5,5,123,128,3,4,False,previous_plan_remainder,2,7,0.5039194226264954,0.03721309453248978
queue,5,5,124,129,3,4,False,previous_plan_remainder,3,8,0.507572591304779,0.0372883602976799
queue,5,5,125,130,3,4,False,previous_plan_remainder,4,9,0.4938807487487793,0.037361569702625275
queue,5,5,126,131,3,4,False,previous_plan_remainder,0,5,0.4758028984069824,0.03741450980305672
queue,5,5,127,132,3,4,False,previous_plan_remainder,1,6,0.4542642831802368,0.03745410591363907
queue,5,5,128,133,3,4,False,previous_plan_remainder,2,7,0.43554002046585083,0.0374617874622345
queue,5,5,129,134,3,4,False,previous_plan_remainder,3,8,0.4118545651435852,0.03745187819004059
queue,5,5,130,135,3,4,False,previous_plan_remainder,4,9,0.4035159945487976,0.03743697702884674
queue,5,5,131,136,3,4,False,previous_plan_remainder,0,5,0.394307017326355,0.03744425252079964
queue,5,5,132,137,3,4,False,previous_plan_remainder,1,6,0.41899535059928894,0.03744707256555557
queue,5,5,133,138,3,4,False,previous_plan_remainder,2,7,0.46766555309295654,0.03744693845510483
queue,5,5,134,139,3,4,False,previous_plan_remainder,3,8,0.5256356000900269,0.03745035082101822
queue,5,5,135,140,3,4,False,previous_plan_remainder,4,9,0.5827120542526245,0.0374634712934494
queue,5,5,136,141,3,4,False,previous_plan_remainder,0,5,0.6586470007896423,0.03747716546058655
queue,5,5,137,142,3,4,False,previous_plan_remainder,1,6,0.7333142757415771,0.03749541565775871
queue,5,5,138,143,3,4,False,previous_plan_remainder,2,7,0.8091751337051392,0.037519074976444244
queue,5,5,139,144,3,4,False,previous_plan_remainder,3,8,0.87822026014328,0.037534140050411224
queue,5,5,140,145,3,4,False,previous_plan_remainder,4,9,0.9245598316192627,0.03755216673016548
queue,5,5,141,146,3,4,False,previous_plan_remainder,0,5,0.9979802370071411,0.03756149485707283
queue,5,5,142,147,3,4,False,previous_plan_remainder,1,6,1.075238585472107,0.037562161684036255
queue,5,5,143,148,3,4,False,previous_plan_remainder,2,7,1.150833249092102,0.037560541182756424
queue,5,5,144,149,3,4,False,previous_plan_remainder,3,8,1.2105737924575806,0.03757419437170029
queue,5,5,145,150,3,4,False,previous_plan_remainder,4,9,1.2516230344772339,0.03758317977190018
queue,5,5,146,151,3,4,False,previous_plan_remainder,0,5,1.2892334461212158,0.03759896382689476
queue,5,5,147,152,3,4,False,previous_plan_remainder,1,6,1.3260877132415771,0.03760663419961929
queue,5,5,148,153,3,4,False,previous_plan_remainder,2,7,1.3567732572555542,0.03760811313986778
queue,5,5,149,154,3,4,False,previous_plan_remainder,3,8,1.3748128414154053,0.03760034590959549
queue,5,5,150,155,3,4,False,previous_plan_remainder,4,9,1.3827502727508545,0.037599239498376846
queue,5,5,151,156,3,4,False,previous_plan_remainder,0,5,1.3449723720550537,0.037600040435791016
queue,5,5,152,157,3,4,False,previous_plan_remainder,1,6,1.2898534536361694,0.037610337138175964
queue,5,5,153,158,3,4,False,previous_plan_remainder,2,7,1.2363649606704712,0.03762581944465637
queue,5,5,154,159,3,4,False,previous_plan_remainder,3,8,1.1963772773742676,0.03764178976416588
queue,5,5,155,160,3,4,False,previous_plan_remainder,4,9,1.1592198610305786,0.03765770420432091
queue,5,5,156,161,3,4,False,previous_plan_remainder,0,5,1.1782227754592896,0.03766066953539848
queue,5,5,157,162,3,4,False,previous_plan_remainder,1,6,1.2034006118774414,0.03766020014882088
queue,5,5,158,163,3,4,False,previous_plan_remainder,2,7,1.209298849105835,0.037665046751499176
queue,5,5,159,164,3,4,False,previous_plan_remainder,3,8,1.2026855945587158,0.03767124190926552
queue,5,5,160,165,3,4,False,previous_plan_remainder,4,9,1.1938871145248413,0.0376756377518177
queue,5,5,161,166,3,4,False,previous_plan_remainder,0,5,1.1292283535003662,0.037684839218854904
queue,5,5,162,167,3,4,False,previous_plan_remainder,1,6,1.0676617622375488,0.03770529106259346
queue,5,5,163,168,3,4,False,previous_plan_remainder,2,7,1.004387378692627,0.037727370858192444
queue,5,5,164,169,3,4,False,previous_plan_remainder,3,8,0.9404176473617554,0.03774026781320572
queue,5,5,165,170,3,4,False,previous_plan_remainder,4,9,0.8773574829101562,0.037747129797935486
queue,5,5,166,171,3,4,False,previous_plan_remainder,0,5,0.8141884207725525,0.03775494918227196
queue,5,5,167,172,3,4,False,previous_plan_remainder,1,6,0.7536714673042297,0.03776322677731514
queue,5,5,168,173,3,4,False,previous_plan_remainder,2,7,0.694657564163208,0.03777514025568962
queue,5,5,169,174,3,4,False,previous_plan_remainder,3,8,0.6363459229469299,0.03779255226254463
queue,5,5,170,175,3,4,False,previous_plan_remainder,4,9,0.5798312425613403,0.0378095842897892
queue,5,5,171,176,3,4,False,previous_plan_remainder,0,5,0.5223235487937927,0.03783451020717621
queue,5,5,172,177,3,4,False,previous_plan_remainder,1,6,0.46695804595947266,0.03784310072660446
queue,5,5,173,178,3,4,False,previous_plan_remainder,2,7,0.41383975744247437,0.037846896797418594
queue,5,5,174,179,3,4,False,previous_plan_remainder,3,8,0.36378151178359985,0.03786325454711914
queue,5,5,175,180,3,4,False,previous_plan_remainder,4,9,0.3164021372795105,0.03787831589579582
queue,5,5,176,181,3,4,False,previous_plan_remainder,0,5,0.27406880259513855,0.037895917892456055
queue,5,5,177,182,3,4,False,previous_plan_remainder,1,6,0.2373083382844925,0.03789709880948067
queue,5,5,178,183,3,4,False,previous_plan_remainder,2,7,0.20460404455661774,0.037916384637355804
queue,5,5,179,184,3,4,False,previous_plan_remainder,3,8,0.1763857752084732,0.0379350446164608
queue,5,5,180,185,3,4,False,previous_plan_remainder,4,9,0.1512163281440735,0.03794124349951744
queue,5,5,181,186,3,4,False,previous_plan_remainder,0,5,0.12428706884384155,0.03795229643583298
queue,5,5,182,187,3,4,False,previous_plan_remainder,1,6,0.10169889032840729,0.037961557507514954
queue,5,5,183,188,3,4,False,previous_plan_remainder,2,7,0.08929014205932617,0.03797357156872749
queue,5,5,184,189,3,4,False,previous_plan_remainder,3,8,0.08274921029806137,0.0379834808409214
queue,5,5,185,190,3,4,False,previous_plan_remainder,4,9,0.08043177425861359,0.03799336031079292
queue,5,5,186,191,3,4,False,previous_plan_remainder,0,5,0.07951420545578003,0.03799646347761154
queue,5,5,187,192,3,4,False,previous_plan_remainder,1,6,0.07949858903884888,0.03800300881266594
queue,5,5,188,193,3,4,False,previous_plan_remainder,2,7,0.07994423061609268,0.03801495581865311
queue,5,5,189,194,3,4,False,previous_plan_remainder,3,8,0.0799664780497551,0.0380205437541008
queue,5,5,190,195,3,4,False,previous_plan_remainder,4,9,0.08023689687252045,0.03802722319960594
queue,5,5,191,196,3,4,False,previous_plan_remainder,0,5,0.07796581089496613,0.038040149956941605
queue,5,5,192,197,3,4,False,previous_plan_remainder,1,6,0.07513120025396347,0.03804916515946388
queue,5,5,193,198,3,4,False,previous_plan_remainder,2,7,0.07376435399055481,0.038047753274440765
queue,5,5,194,199,3,4,False,previous_plan_remainder,3,8,0.0724647045135498,0.038050953298807144
queue,5,5,195,200,3,4,False,previous_plan_remainder,4,9,0.07329993695020676,0.03805653378367424
queue,5,5,196,201,3,4,False,previous_plan_remainder,0,5,0.07069142162799835,0.03805555775761604
queue,5,5,197,202,3,4,False,previous_plan_remainder,1,6,0.07039947807788849,0.03805476799607277
queue,5,5,198,203,3,4,False,previous_plan_remainder,2,7,0.0707339495420456,0.038058798760175705
queue,5,5,199,204,3,4,False,previous_plan_remainder,3,8,0.07044542580842972,0.03806712478399277
queue,5,5,200,205,3,4,False,previous_plan_remainder,4,9,0.06992952525615692,0.03807152435183525
queue,5,5,201,206,3,4,False,previous_plan_remainder,0,5,0.06727654486894608,0.03807447478175163
queue,5,5,202,207,3,4,False,previous_plan_remainder,1,6,0.0657319575548172,0.038073424249887466
queue,5,5,203,208,3,4,False,previous_plan_remainder,2,7,0.06478077173233032,0.0380752868950367
queue,5,5,204,209,3,4,False,previous_plan_remainder,3,8,0.06470376998186111,0.03808210417628288
queue,5,5,205,210,3,4,False,previous_plan_remainder,4,9,0.06413265317678452,0.03808963671326637
queue,5,5,206,211,3,4,False,previous_plan_remainder,0,5,0.06507711112499237,0.0380982905626297
queue,5,5,207,212,3,4,False,previous_plan_remainder,1,6,0.06649715453386307,0.038104090839624405
queue,5,5,208,213,3,4,False,previous_plan_remainder,2,7,0.06727520376443863,0.03810883313417435
queue,5,5,209,214,3,4,False,previous_plan_remainder,3,8,0.06845782697200775,0.038114894181489944
queue,5,5,210,215,3,4,False,previous_plan_remainder,4,9,0.07010717689990997,0.038123615086078644
queue,5,5,211,216,3,4,False,previous_plan_remainder,0,5,0.06949012726545334,0.03813304007053375
queue,5,5,212,217,3,4,False,previous_plan_remainder,1,6,0.06846272200345993,0.03813695162534714
queue,5,5,213,218,3,4,False,previous_plan_remainder,2,7,0.067758709192276,0.03815135732293129
queue,5,5,214,219,3,4,False,previous_plan_remainder,3,8,0.06696631014347076,0.03814990073442459
queue,5,5,215,220,3,4,False,previous_plan_remainder,4,9,0.06671985238790512,0.03816218674182892
queue,5,5,216,221,3,4,False,previous_plan_remainder,0,5,0.06767301261425018,0.03818272054195404
queue,5,5,217,222,3,4,False,previous_plan_remainder,1,6,0.06850004196166992,0.03819490969181061
queue,5,5,218,223,3,4,False,previous_plan_remainder,2,7,0.06911350041627884,0.03822384402155876
queue,5,5,219,224,3,4,False,previous_plan_remainder,3,8,0.07007154822349548,0.03826216235756874
queue,5,5,220,225,3,4,False,previous_plan_remainder,4,9,0.07082017511129379,0.038283322006464005
queue,5,5,221,226,3,4,False,previous_plan_remainder,0,5,0.07217495888471603,0.038303080946207047
queue,5,5,222,227,3,4,False,previous_plan_remainder,1,6,0.07268460094928741,0.03832186758518219
queue,5,5,223,228,3,4,False,previous_plan_remainder,2,7,0.07293973118066788,0.038341570645570755
queue,5,5,224,229,3,4,False,previous_plan_remainder,3,8,0.07314908504486084,0.038375455886125565
queue,5,5,225,230,3,4,False,previous_plan_remainder,4,9,0.07333321124315262,0.038386356085538864
queue,5,5,226,231,3,4,False,previous_plan_remainder,0,5,0.07429509609937668,0.038391564041376114
queue,5,5,227,232,3,4,False,previous_plan_remainder,1,6,0.07528522610664368,0.038391489535570145
queue,5,5,228,233,3,4,False,previous_plan_remainder,2,7,0.07742162048816681,0.03840188682079315
queue,5,5,229,234,3,4,False,previous_plan_remainder,3,8,0.07975595444440842,0.03841174766421318
queue,5,5,230,235,3,4,False,previous_plan_remainder,4,9,0.0829186663031578,0.038418304175138474
queue,5,5,231,236,3,4,False,previous_plan_remainder,0,5,0.08894078433513641,0.038426320999860764
queue,5,5,232,237,3,4,False,previous_plan_remainder,1,6,0.09147331863641739,0.03842999041080475
queue,5,5,233,238,3,4,False,previous_plan_remainder,2,7,0.09231686592102051,0.03843503072857857
queue,5,5,234,239,3,4,False,previous_plan_remainder,3,8,0.09367305040359497,0.03843850642442703
queue,5,5,235,240,3,4,False,previous_plan_remainder,4,9,0.09424826502799988,0.0384371280670166
queue,5,5,236,241,3,4,False,previous_plan_remainder,0,5,0.09430311620235443,0.03843873366713524
queue,5,5,237,242,3,4,False,previous_plan_remainder,1,6,0.09280181676149368,0.03844251483678818
queue,5,5,238,243,3,4,False,previous_plan_remainder,2,7,0.09102607518434525,0.03844956308603287
queue,5,5,239,244,3,4,False,previous_plan_remainder,3,8,0.09080427885055542,0.03845774382352829
queue,5,5,240,245,3,4,False,previous_plan_remainder,4,9,0.09052274376153946,0.03846422955393791
queue,5,5,241,246,3,4,False,previous_plan_remainder,0,5,0.09111429005861282,0.03846657648682594
queue,5,5,242,247,3,4,False,previous_plan_remainder,1,6,0.09264910221099854,0.03847634419798851
queue,5,5,243,248,3,4,False,previous_plan_remainder,2,7,0.09236166626214981,0.038485996425151825
queue,5,5,244,249,3,4,False,previous_plan_remainder,3,8,0.09316492825746536,0.03849480301141739
queue,5,5,245,250,3,4,False,previous_plan_remainder,4,9,0.09303375333547592,0.038496315479278564
queue,5,5,246,251,3,4,False,previous_plan_remainder,0,5,0.09279618412256241,0.038503870368003845
queue,5,5,247,252,3,4,False,previous_plan_remainder,1,6,0.09178584814071655,0.03851320594549179
queue,5,5,248,253,3,4,False,previous_plan_remainder,2,7,0.09026484936475754,0.03852975741028786
queue,5,5,249,254,3,4,False,previous_plan_remainder,3,8,0.08932048827409744,0.038548849523067474
queue,5,5,250,255,3,4,False,previous_plan_remainder,4,9,0.08879422396421432,0.03856939077377319
queue,5,5,251,256,3,4,False,previous_plan_remainder,0,5,0.0882098451256752,0.03859006613492966
queue,5,5,252,257,3,4,False,previous_plan_remainder,1,6,0.08809271454811096,0.038610272109508514
queue,5,5,253,258,3,4,False,previous_plan_remainder,2,7,0.08807786554098129,0.03862842172384262
queue,5,5,254,259,3,4,False,previous_plan_remainder,3,8,0.08861780166625977,0.03865524008870125
queue,5,5,255,260,3,4,False,previous_plan_remainder,4,9,0.08893483132123947,0.03867623209953308
queue,5,5,256,261,3,4,False,previous_plan_remainder,0,5,0.08790162205696106,0.03869880363345146
queue,5,5,257,262,3,4,False,previous_plan_remainder,1,6,0.08664125204086304,0.038720082491636276
queue,5,5,258,263,3,4,False,previous_plan_remainder,2,7,0.08571037650108337,0.038742657750844955
queue,5,5,259,264,3,4,False,previous_plan_remainder,3,8,0.0856996700167656,0.038763657212257385
queue,5,5,260,265,3,4,False,previous_plan_remainder,4,9,0.08577325195074081,0.0387846902012825
queue,5,5,261,266,3,4,False,previous_plan_remainder,0,5,0.08700814843177795,0.0388055145740509
queue,5,5,262,267,3,4,False,previous_plan_remainder,1,6,0.08855713903903961,0.03882204368710518
queue,5,5,263,268,3,4,False,previous_plan_remainder,2,7,0.09015115350484848,0.038841962814331055
queue,5,5,264,269,3,4,False,previous_plan_remainder,3,8,0.09187164902687073,0.03885795921087265
queue,5,5,265,270,3,4,False,previous_plan_remainder,4,9,0.09292840212583542,0.038867488503456116
queue,5,5,266,271,3,4,False,previous_plan_remainder,0,5,0.09270539879798889,0.0388750396668911
queue,5,5,267,272,3,4,False,previous_plan_remainder,1,6,0.0920930951833725,0.03889308497309685
queue,5,5,268,273,3,4,False,previous_plan_remainder,2,7,0.09190802276134491,0.038912586867809296
queue,5,5,269,274,3,4,False,previous_plan_remainder,3,8,0.09150730818510056,0.038921087980270386
queue,5,5,270,275,3,4,False,previous_plan_remainder,4,9,0.09104454517364502,0.038931816816329956
queue,5,5,271,276,3,4,False,previous_plan_remainder,0,5,0.09245627373456955,0.0389484167098999
queue,5,5,272,277,3,4,False,previous_plan_remainder,1,6,0.09528536349534988,0.03895064443349838
queue,5,5,273,278,3,4,False,previous_plan_remainder,2,7,0.09669392555952072,0.03896051272749901
queue,5,5,274,279,3,4,False,previous_plan_remainder,3,8,0.09732995182275772,0.03897405415773392
queue,5,5,275,280,3,4,False,previous_plan_remainder,4,9,0.09850293397903442,0.03898349031805992
queue,5,5,276,281,3,4,False,previous_plan_remainder,0,5,0.0962967574596405,0.03898843377828598
queue,5,5,277,282,3,4,False,previous_plan_remainder,1,6,0.09271126985549927,0.03898625075817108
queue,5,5,278,283,3,4,False,previous_plan_remainder,2,7,0.0904296487569809,0.038988467305898666
queue,5,5,279,284,3,4,False,previous_plan_remainder,3,8,0.08934634178876877,0.038989726454019547
queue,5,5,280,285,3,4,False,previous_plan_remainder,4,9,0.08854472637176514,0.038999274373054504
queue,5,5,281,286,3,4,False,previous_plan_remainder,0,5,0.0918693095445633,0.039008595049381256
queue,5,5,282,287,3,4,False,previous_plan_remainder,1,6,0.09523951262235641,0.03900187835097313
queue,5,5,283,288,3,4,False,previous_plan_remainder,2,7,0.09639293700456619,0.03901083022356033
queue,5,5,284,289,3,4,False,previous_plan_remainder,3,8,0.09712609648704529,0.03901766613125801
queue,5,5,285,290,3,4,False,previous_plan_remainder,4,9,0.09794382005929947,0.039031367748975754
queue,5,5,286,291,3,4,False,previous_plan_remainder,0,5,0.09883672744035721,0.03903646767139435
queue,5,5,287,292,3,4,False,previous_plan_remainder,1,6,0.09918437153100967,0.03904407098889351
queue,5,5,288,293,3,4,False,previous_plan_remainder,2,7,0.09885697066783905,0.039038438349962234
queue,5,5,289,294,3,4,False,previous_plan_remainder,3,8,0.09885922819375992,0.039044126868247986
queue,5,5,290,295,3,4,False,previous_plan_remainder,4,9,0.09938517957925797,0.039045318961143494
queue,5,5,291,296,3,4,False,previous_plan_remainder,0,5,0.1026221215724945,0.03905293345451355
queue,5,5,292,297,3,4,False,previous_plan_remainder,1,6,0.10470299422740936,0.03906139358878136
queue,5,5,293,298,3,4,False,previous_plan_remainder,2,7,0.10608109831809998,0.03906873241066933
queue,5,5,294,299,3,4,False,previous_plan_remainder,3,8,0.10719779878854752,0.03907046839594841
queue,5,5,295,300,3,4,False,previous_plan_remainder,4,9,0.10811107605695724,0.03907259181141853
queue,5,5,296,301,3,4,False,previous_plan_remainder,0,5,0.10732589662075043,0.03907261788845062
queue,5,5,297,302,3,4,False,previous_plan_remainder,1,6,0.10709981620311737,0.039073262363672256
queue,5,5,298,303,3,4,False,previous_plan_remainder,2,7,0.10753008723258972,0.039075855165719986
queue,5,5,299,304,3,4,False,previous_plan_remainder,3,8,0.10717049986124039,0.03908029571175575
queue,5,5,300,305,3,4,False,previous_plan_remainder,4,9,0.1071496307849884,0.03908530995249748
queue,5,5,301,306,3,4,False,previous_plan_remainder,0,5,0.10878559201955795,0.039090510457754135
queue,5,5,302,307,3,4,False,previous_plan_remainder,1,6,0.10987870395183563,0.039096713066101074
queue,5,5,303,308,3,4,False,previous_plan_remainder,2,7,0.11127172410488129,0.039103806018829346
queue,5,5,304,309,3,4,False,previous_plan_remainder,3,8,0.1142541766166687,0.039111990481615067
queue,5,5,305,310,3,4,False,previous_plan_remainder,4,9,0.11633500456809998,0.03911590203642845
queue,5,5,306,311,3,4,False,previous_plan_remainder,0,5,0.11285765469074249,0.03912532702088356
queue,5,5,307,312,3,4,False,previous_plan_remainder,1,6,0.10977870225906372,0.039127662777900696
queue,5,5,308,313,3,4,False,previous_plan_remainder,2,7,0.10812634974718094,0.039125408977270126
queue,5,5,309,314,3,4,False,previous_plan_remainder,3,8,0.1083524078130722,0.03912261500954628
queue,5,5,310,315,3,4,False,previous_plan_remainder,4,9,0.10935977101325989,0.0391179658472538
queue,5,5,311,316,3,4,False,previous_plan_remainder,0,5,0.12035404145717621,0.03912243992090225
queue,5,5,312,317,3,4,False,previous_plan_remainder,1,6,0.13697144389152527,0.0391400083899498
queue,5,5,313,318,3,4,False,previous_plan_remainder,2,7,0.15341836214065552,0.03913809731602669
queue,5,5,314,319,3,4,False,previous_plan_remainder,3,8,0.17006081342697144,0.03914208337664604
queue,5,5,315,320,3,4,False,previous_plan_remainder,4,9,0.1833643615245819,0.03914342448115349
queue,5,5,316,321,3,4,False,previous_plan_remainder,0,5,0.16380400955677032,0.03914527967572212
queue,5,5,317,322,3,4,False,previous_plan_remainder,1,6,0.1449657529592514,0.039152681827545166
queue,5,5,318,323,3,4,False,previous_plan_remainder,2,7,0.13413363695144653,0.03915103152394295
queue,5,5,319,324,3,4,False,previous_plan_remainder,3,8,0.12867964804172516,0.039160650223493576
queue,5,5,320,325,3,4,False,previous_plan_remainder,4,9,0.12601347267627716,0.039172571152448654
queue,5,5,321,326,3,4,False,previous_plan_remainder,0,5,0.13707077503204346,0.03918367251753807
queue,5,5,322,327,3,4,False,previous_plan_remainder,1,6,0.15589183568954468,0.03919412940740585
queue,5,5,323,328,3,4,False,previous_plan_remainder,2,7,0.16114388406276703,0.03920640051364899
queue,5,5,324,329,3,4,False,previous_plan_remainder,3,8,0.17564058303833008,0.03921576961874962
queue,5,5,325,330,3,4,False,previous_plan_remainder,4,9,0.1957976222038269,0.03922698274254799
queue,5,5,326,331,3,4,False,previous_plan_remainder,0,5,0.17358149588108063,0.03923321142792702
queue,5,5,327,332,3,4,False,previous_plan_remainder,1,6,0.1581343710422516,0.03923746943473816
queue,5,5,328,333,3,4,False,previous_plan_remainder,2,7,0.14928725361824036,0.03923897072672844
queue,5,5,329,334,3,4,False,previous_plan_remainder,3,8,0.14481998980045319,0.039239656180143356
queue,5,5,330,335,3,4,False,previous_plan_remainder,4,9,0.14338257908821106,0.03923965245485306
queue,5,5,331,336,3,4,False,previous_plan_remainder,0,5,0.16238804161548615,0.03924202919006348
queue,5,5,332,337,3,4,False,previous_plan_remainder,1,6,0.19822563230991364,0.0392443910241127
queue,5,5,333,338,3,4,False,previous_plan_remainder,2,7,0.23903962969779968,0.03924216702580452
queue,5,5,334,339,3,4,False,previous_plan_remainder,3,8,0.27921661734580994,0.0392424613237381
queue,5,5,335,340,3,4,False,previous_plan_remainder,4,9,0.3185672163963318,0.03924652561545372
queue,5,5,336,341,3,4,False,previous_plan_remainder,0,5,0.31782618165016174,0.03925007954239845
queue,5,5,337,342,3,4,False,previous_plan_remainder,1,6,0.3066686987876892,0.03925355151295662
queue,5,5,338,343,3,4,False,previous_plan_remainder,2,7,0.30479225516319275,0.03925300016999245
queue,5,5,339,344,3,4,False,previous_plan_remainder,3,8,0.3077409267425537,0.03925332427024841
queue,5,5,340,345,3,4,False,previous_plan_remainder,4,9,0.3174712657928467,0.03925558179616928
queue,5,5,341,346,3,4,False,previous_plan_remainder,0,5,0.34791818261146545,0.03925871104001999
queue,5,5,342,347,3,4,False,previous_plan_remainder,1,6,0.3839859664440155,0.03926527872681618
queue,5,5,343,348,3,4,False,previous_plan_remainder,2,7,0.4229273498058319,0.039275314658880234
queue,5,5,344,349,3,4,False,previous_plan_remainder,3,8,0.46431824564933777,0.03927244991064072
queue,5,5,345,350,3,4,False,previous_plan_remainder,4,9,0.5008551478385925,0.03927169367671013
queue,5,5,346,351,3,4,False,previous_plan_remainder,0,5,0.5073699951171875,0.03927827626466751
queue,5,5,347,352,3,4,False,previous_plan_remainder,1,6,0.5024279952049255,0.03927822783589363
queue,5,5,348,353,3,4,False,previous_plan_remainder,2,7,0.505725622177124,0.039277683943510056
queue,5,5,349,354,3,4,False,previous_plan_remainder,3,8,0.5148627161979675,0.03928200900554657
queue,5,5,350,355,3,4,False,previous_plan_remainder,4,9,0.5270383358001709,0.03928334638476372
queue,5,5,351,356,3,4,False,previous_plan_remainder,0,5,0.5470700860023499,0.03928370773792267
queue,5,5,352,357,3,4,False,previous_plan_remainder,1,6,0.5656387209892273,0.039283134043216705
queue,5,5,353,358,3,4,False,previous_plan_remainder,2,7,0.5888359546661377,0.03929105028510094
queue,5,5,354,359,3,4,False,previous_plan_remainder,3,8,0.6011290550231934,0.03929998353123665
queue,5,5,355,360,3,4,False,previous_plan_remainder,4,9,0.6054030060768127,0.039305299520492554
queue,5,5,356,361,3,4,False,previous_plan_remainder,0,5,0.5955555438995361,0.039303313940763474
queue,5,5,357,362,3,4,False,previous_plan_remainder,1,6,0.5847181677818298,0.039309218525886536
queue,5,5,358,363,3,4,False,previous_plan_remainder,2,7,0.5826228260993958,0.03932974487543106
queue,5,5,359,364,3,4,False,previous_plan_remainder,3,8,0.5809390544891357,0.03934597596526146
queue,5,5,360,365,3,4,False,previous_plan_remainder,4,9,0.5801064968109131,0.03937094658613205
queue,5,5,361,366,3,4,False,previous_plan_remainder,0,5,0.5985681414604187,0.03938724845647812
queue,5,5,362,367,3,4,False,previous_plan_remainder,1,6,0.6166614890098572,0.039397239685058594
queue,5,5,363,368,3,4,False,previous_plan_remainder,2,7,0.6343337893486023,0.03939888998866081
queue,5,5,364,369,3,4,False,previous_plan_remainder,3,8,0.6521585583686829,0.03940334916114807
queue,5,5,365,370,3,4,False,previous_plan_remainder,4,9,0.6669020056724548,0.039403561502695084
queue,5,5,366,371,3,4,False,previous_plan_remainder,0,5,0.6791033148765564,0.03941122815012932
queue,5,5,367,372,3,4,False,previous_plan_remainder,1,6,0.6899617314338684,0.03941101208329201
queue,5,5,368,373,3,4,False,previous_plan_remainder,2,7,0.6989821791648865,0.03940582647919655
queue,5,5,369,374,3,4,False,previous_plan_remainder,3,8,0.7077481746673584,0.039400890469551086
queue,5,5,370,375,3,4,False,previous_plan_remainder,4,9,0.7186771631240845,0.03940499201416969
queue,5,5,371,376,3,4,False,previous_plan_remainder,0,5,0.7162085771560669,0.039404820650815964
queue,5,5,372,377,3,4,False,previous_plan_remainder,1,6,0.7054858207702637,0.03941178321838379
queue,5,5,373,378,3,4,False,previous_plan_remainder,2,7,0.7039773464202881,0.03942476585507393
queue,5,5,374,379,3,4,False,previous_plan_remainder,3,8,0.7053014636039734,0.03942950814962387
queue,5,5,375,380,3,4,False,previous_plan_remainder,4,9,0.7138145565986633,0.0394384041428566
queue,5,5,376,381,3,4,False,previous_plan_remainder,0,5,0.7523558735847473,0.03944301977753639
queue,5,5,377,382,3,4,False,previous_plan_remainder,1,6,0.7935876846313477,0.039450399577617645
queue,5,5,378,383,3,4,False,previous_plan_remainder,2,7,0.8265684247016907,0.03946443274617195
queue,5,5,379,384,3,4,False,previous_plan_remainder,3,8,0.8513460755348206,0.039475202560424805
queue,5,5,380,385,3,4,False,previous_plan_remainder,4,9,0.8678792715072632,0.0394807830452919
queue,5,5,381,386,3,4,False,previous_plan_remainder,0,5,0.8803533315658569,0.039488524198532104
queue,5,5,382,387,3,4,False,previous_plan_remainder,1,6,0.8911298513412476,0.03949419781565666
queue,5,5,383,388,3,4,False,previous_plan_remainder,2,7,0.9069036841392517,0.039501339197158813
queue,5,5,384,389,3,4,False,previous_plan_remainder,3,8,0.9243693947792053,0.03950991481542587
queue,5,5,385,390,3,4,False,previous_plan_remainder,4,9,0.9376340508460999,0.039519116282463074
queue,5,5,386,391,3,4,False,previous_plan_remainder,0,5,0.9353215098381042,0.03952215984463692
queue,5,5,387,392,3,4,False,previous_plan_remainder,1,6,0.9352898001670837,0.0395294651389122
queue,5,5,388,393,3,4,False,previous_plan_remainder,2,7,0.9290163516998291,0.039539892226457596
queue,5,5,389,394,3,4,False,previous_plan_remainder,3,8,0.9277080297470093,0.03955015540122986
queue,5,5,390,395,3,4,False,previous_plan_remainder,4,9,0.9300305843353271,0.039557818323373795
queue,5,5,391,396,3,4,False,previous_plan_remainder,0,5,0.9323851466178894,0.039569687098264694
queue,5,5,392,397,3,4,False,previous_plan_remainder,1,6,0.9401340484619141,0.039569925516843796
queue,5,5,393,398,3,4,False,previous_plan_remainder,2,7,0.9335962533950806,0.03958754613995552
queue,5,5,394,399,3,4,False,previous_plan_remainder,3,8,0.9238483905792236,0.03959708660840988
queue,5,5,395,400,3,4,False,previous_plan_remainder,4,9,0.9073958396911621,0.03961202874779701
queue,5,5,396,401,3,4,False,previous_plan_remainder,0,5,0.8998801112174988,0.03962627053260803
queue,5,5,397,402,3,4,False,previous_plan_remainder,1,6,0.83526611328125,0.03963340073823929
queue,5,5,398,403,3,4,False,previous_plan_remainder,2,7,0.7754003405570984,0.03964632749557495
queue,5,5,399,404,3,4,False,previous_plan_remainder,3,8,0.7205144762992859,0.03966119512915611
queue,5,5,400,405,3,4,False,previous_plan_remainder,4,9,0.6716194748878479,0.039676912128925323
queue,5,5,401,406,3,4,False,previous_plan_remainder,0,5,0.6259573698043823,0.03968420997262001
queue,5,5,402,407,3,4,False,previous_plan_remainder,1,6,0.584489107131958,0.03970487788319588
queue,5,5,403,408,3,4,False,previous_plan_remainder,2,7,0.5437764525413513,0.039717186242341995
queue,5,5,404,409,3,4,False,previous_plan_remainder,3,8,0.5022517442703247,0.03973391279578209
queue,5,5,405,410,3,4,False,previous_plan_remainder,4,9,0.46144726872444153,0.03973972797393799
queue,5,5,406,411,3,4,False,previous_plan_remainder,0,5,0.41953086853027344,0.039757706224918365
queue,5,5,407,412,3,4,False,previous_plan_remainder,1,6,0.37770819664001465,0.039763763546943665
queue,5,5,408,413,3,4,False,previous_plan_remainder,2,7,0.3353133797645569,0.03978247568011284
queue,5,5,409,414,3,4,False,previous_plan_remainder,3,8,0.2952001988887787,0.03979700058698654
queue,5,5,410,415,3,4,False,previous_plan_remainder,4,9,0.25686049461364746,0.03979939967393875
queue,5,5,411,416,3,4,False,previous_plan_remainder,0,5,0.22199808061122894,0.03981361538171768
queue,5,5,412,417,3,4,False,previous_plan_remainder,1,6,0.19243045151233673,0.03982075676321983
queue,5,5,413,418,3,4,False,previous_plan_remainder,2,7,0.16579793393611908,0.03982491046190262
queue,5,5,414,419,3,4,False,previous_plan_remainder,3,8,0.14082351326942444,0.03984405845403671
queue,5,5,415,420,3,4,False,previous_plan_remainder,4,9,0.11850946396589279,0.039853159338235855
queue,5,5,416,421,3,4,False,previous_plan_remainder,0,5,0.10466112941503525,0.03985707461833954
queue,5,5,417,422,3,4,False,previous_plan_remainder,1,6,0.09970119595527649,0.03986476734280586
queue,5,5,418,423,3,4,False,previous_plan_remainder,2,7,0.10004211217164993,0.03988247737288475
queue,5,5,419,424,3,4,False,previous_plan_remainder,3,8,0.10105190426111221,0.039890941232442856
queue,5,5,420,425,3,4,False,previous_plan_remainder,4,9,0.1005626991391182,0.039907101541757584
queue,5,5,421,426,3,4,False,previous_plan_remainder,0,5,0.09711961448192596,0.03990841656923294
queue,5,5,422,427,3,4,False,previous_plan_remainder,1,6,0.0953836441040039,0.03990383818745613
queue,5,5,423,428,3,4,False,previous_plan_remainder,2,7,0.09651371836662292,0.03991672769188881
queue,5,5,424,429,3,4,False,previous_plan_remainder,3,8,0.09813834726810455,0.03991106525063515
queue,5,5,425,430,3,4,False,previous_plan_remainder,4,9,0.09914842247962952,0.03992437198758125
queue,5,5,426,431,3,4,False,previous_plan_remainder,0,5,0.1010880172252655,0.03994106128811836
queue,5,5,427,432,3,4,False,previous_plan_remainder,1,6,0.10366097092628479,0.039947424083948135
queue,5,5,428,433,3,4,False,previous_plan_remainder,2,7,0.1045474112033844,0.03996194899082184
queue,5,5,429,434,3,4,False,previous_plan_remainder,3,8,0.10577365010976791,0.03997074440121651
queue,5,5,430,435,3,4,False,previous_plan_remainder,4,9,0.10542448610067368,0.039980001747608185
queue,5,5,431,436,3,4,False,previous_plan_remainder,0,5,0.10468931496143341,0.03998478502035141
queue,5,5,432,437,3,4,False,previous_plan_remainder,1,6,0.10358604043722153,0.03999798744916916
queue,5,5,433,438,3,4,False,previous_plan_remainder,2,7,0.1025424674153328,0.039999160915613174
queue,5,5,434,439,3,4,False,previous_plan_remainder,3,8,0.10074928402900696,0.040007952600717545
queue,5,5,435,440,3,4,False,previous_plan_remainder,4,9,0.0995807945728302,0.04001642391085625
queue,5,5,436,441,3,4,False,previous_plan_remainder,0,5,0.09922754019498825,0.04002029821276665
queue,5,5,437,442,3,4,False,previous_plan_remainder,1,6,0.09944061189889908,0.040025487542152405
queue,5,5,438,443,3,4,False,previous_plan_remainder,2,7,0.0991801768541336,0.040033385157585144
queue,5,5,439,444,3,4,False,previous_plan_remainder,3,8,0.0996798425912857,0.04003898799419403
queue,5,5,440,445,3,4,False,previous_plan_remainder,4,9,0.09929299354553223,0.040042877197265625
queue,5,5,441,446,3,4,False,previous_plan_remainder,0,5,0.09749191999435425,0.0400460846722126
queue,5,5,442,447,3,4,False,previous_plan_remainder,1,6,0.09692743420600891,0.040057022124528885
queue,5,5,443,448,3,4,False,previous_plan_remainder,2,7,0.09739517420530319,0.04006902500987053
queue,5,5,444,449,3,4,False,previous_plan_remainder,3,8,0.09808006882667542,0.04008462652564049
queue,5,5,445,450,3,4,False,previous_plan_remainder,4,9,0.09810134768486023,0.040096867829561234
queue,5,5,446,451,3,4,False,previous_plan_remainder,0,5,0.09912604093551636,0.0401119664311409
queue,5,5,447,452,3,4,False,previous_plan_remainder,1,6,0.10006800293922424,0.040118079632520676
queue,5,5,448,453,3,4,False,previous_plan_remainder,2,7,0.10077089071273804,0.04012424498796463
queue,5,5,449,454,3,4,False,previous_plan_remainder,3,8,0.10103276371955872,0.04012801870703697
queue,5,5,450,455,3,4,False,previous_plan_remainder,4,9,0.10056615620851517,0.040132440626621246
queue,5,5,451,456,3,4,False,previous_plan_remainder,0,5,0.09983733296394348,0.040133342146873474
queue,5,5,452,457,3,4,False,previous_plan_remainder,1,6,0.09954571723937988,0.04014282673597336
queue,5,5,453,458,3,4,False,previous_plan_remainder,2,7,0.09726744890213013,0.04013914614915848
queue,5,5,454,459,3,4,False,previous_plan_remainder,3,8,0.09581422060728073,0.04014097526669502
queue,5,5,455,460,3,4,False,previous_plan_remainder,4,9,0.09453867375850677,0.040142446756362915
queue,5,5,456,461,3,4,False,previous_plan_remainder,0,5,0.09717684239149094,0.040145616978406906
queue,5,5,457,462,3,4,False,previous_plan_remainder,1,6,0.10175687074661255,0.04014220088720322
queue,5,5,458,463,3,4,False,previous_plan_remainder,2,7,0.1025000587105751,0.040150705724954605
queue,5,5,459,464,3,4,False,previous_plan_remainder,3,8,0.10344623774290085,0.04015633836388588
queue,5,5,460,465,3,4,False,previous_plan_remainder,4,9,0.10477536916732788,0.040166329592466354
queue,5,5,461,466,3,4,False,previous_plan_remainder,0,5,0.10234885662794113,0.040170818567276
queue,5,5,462,467,3,4,False,previous_plan_remainder,1,6,0.10084690898656845,0.04017841815948486
queue,5,5,463,468,3,4,False,previous_plan_remainder,2,7,0.10003164410591125,0.04018785431981087
queue,5,5,464,469,3,4,False,previous_plan_remainder,3,8,0.0999603420495987,0.04019409418106079
queue,5,5,465,470,3,4,False,previous_plan_remainder,4,9,0.10024890303611755,0.0401945486664772
queue,5,5,466,471,3,4,False,previous_plan_remainder,0,5,0.10320839285850525,0.04020097479224205
queue,5,5,467,472,3,4,False,previous_plan_remainder,1,6,0.10609199106693268,0.04020281508564949
queue,5,5,468,473,3,4,False,previous_plan_remainder,2,7,0.10769027471542358,0.04020719975233078
queue,5,5,469,474,3,4,False,previous_plan_remainder,3,8,0.1075029969215393,0.040216658264398575
queue,5,5,470,475,3,4,False,previous_plan_remainder,4,9,0.10677563399076462,0.04023093357682228
queue,5,5,471,476,3,4,False,previous_plan_remainder,0,5,0.10655687004327774,0.04023348167538643
queue,5,5,472,477,3,4,False,previous_plan_remainder,1,6,0.10629219561815262,0.04024506360292435
queue,5,5,473,478,3,4,False,previous_plan_remainder,2,7,0.10601694136857986,0.04024898633360863
queue,5,5,474,479,3,4,False,previous_plan_remainder,3,8,0.10612230747938156,0.04025739058852196
queue,5,5,475,480,3,4,False,previous_plan_remainder,4,9,0.10638448596000671,0.040254976600408554
queue,5,5,476,481,3,4,False,previous_plan_remainder,0,5,0.10963553935289383,0.0402568057179451
queue,5,5,477,482,3,4,False,previous_plan_remainder,1,6,0.11427166312932968,0.040255699306726456
queue,5,5,478,483,3,4,False,previous_plan_remainder,2,7,0.11791199445724487,0.040253836661577225
queue,5,5,479,484,3,4,False,previous_plan_remainder,3,8,0.11883863806724548,0.04025775194168091
queue,5,5,480,485,3,4,False,previous_plan_remainder,4,9,0.11923734843730927,0.04025671258568764
queue,5,5,481,486,3,4,False,previous_plan_remainder,0,5,0.1184203028678894,0.04027118161320686
queue,5,5,482,487,3,4,False,previous_plan_remainder,1,6,0.11725100874900818,0.04026833921670914
queue,5,5,483,488,3,4,False,previous_plan_remainder,2,7,0.11767704039812088,0.0402783565223217
queue,5,5,484,489,3,4,False,previous_plan_remainder,3,8,0.11916013062000275,0.040284376591444016
queue,5,5,485,490,3,4,False,previous_plan_remainder,4,9,0.12059389799833298,0.04029452055692673
queue,5,5,486,491,3,4,False,previous_plan_remainder,0,5,0.12270034104585648,0.04028559848666191
queue,5,5,487,492,3,4,False,previous_plan_remainder,1,6,0.1282079517841339,0.040291063487529755
queue,5,5,488,493,3,4,False,previous_plan_remainder,2,7,0.14189182221889496,0.040289781987667084
queue,5,5,489,494,3,4,False,previous_plan_remainder,3,8,0.15337899327278137,0.04030190035700798
queue,5,5,490,495,3,4,False,previous_plan_remainder,4,9,0.17786747217178345,0.04029957577586174
queue,5,5,491,496,3,4,False,previous_plan_remainder,0,5,0.16329801082611084,0.040308620780706406
queue,5,5,492,497,3,4,False,previous_plan_remainder,1,6,0.1516638696193695,0.0403105765581131
queue,5,5,493,498,3,4,False,previous_plan_remainder,2,7,0.14459343254566193,0.04032772406935692
queue,5,5,494,499,3,4,False,previous_plan_remainder,3,8,0.14132992923259735,0.040328264236450195
queue,5,5,495,500,3,4,False,previous_plan_remainder,4,9,0.14056922495365143,0.04033876955509186
queue,5,5,496,501,3,4,False,previous_plan_remainder,0,5,0.16354654729366302,0.0403502881526947
queue,5,5,497,502,3,4,False,previous_plan_remainder,1,6,0.1983722299337387,0.04036673903465271
queue,5,5,498,503,3,4,False,previous_plan_remainder,2,7,0.23862068355083466,0.04036843776702881
queue,5,5,499,504,3,4,False,previous_plan_remainder,3,8,0.273979514837265,0.04037416726350784
queue,5,5,500,505,3,4,False,previous_plan_remainder,4,9,0.30570101737976074,0.040381986647844315
queue,5,5,501,506,3,4,False,previous_plan_remainder,0,5,0.26754888892173767,0.04038497805595398
queue,5,5,502,507,3,4,False,previous_plan_remainder,1,6,0.21118013560771942,0.04038814827799797
queue,5,5,503,508,3,4,False,previous_plan_remainder,2,7,0.191525399684906,0.0404057614505291
queue,5,5,504,509,3,4,False,previous_plan_remainder,3,8,0.18452417850494385,0.04041309282183647
queue,5,5,505,510,3,4,False,previous_plan_remainder,4,9,0.18062245845794678,0.04042455554008484
queue,5,5,506,511,3,4,False,previous_plan_remainder,0,5,0.19434218108654022,0.040423911064863205
queue,5,5,507,512,3,4,False,previous_plan_remainder,1,6,0.2274196892976761,0.0404287725687027
queue,5,5,508,513,3,4,False,previous_plan_remainder,2,7,0.26756715774536133,0.04044110327959061
queue,5,5,509,514,3,4,False,previous_plan_remainder,3,8,0.30887895822525024,0.04045276716351509
queue,5,5,510,515,3,4,False,previous_plan_remainder,4,9,0.34343087673187256,0.040466733276844025
queue,5,5,511,516,3,4,False,previous_plan_remainder,0,5,0.3448537588119507,0.040479883551597595
queue,5,5,512,517,3,4,False,previous_plan_remainder,1,6,0.33659690618515015,0.04049341380596161
queue,5,5,513,518,3,4,False,previous_plan_remainder,2,7,0.33355140686035156,0.0405011810362339
queue,5,5,514,519,3,4,False,previous_plan_remainder,3,8,0.33719268441200256,0.04050367325544357
queue,5,5,515,520,3,4,False,previous_plan_remainder,4,9,0.34540602564811707,0.04051418602466583
queue,5,5,516,521,3,4,False,previous_plan_remainder,0,5,0.37515950202941895,0.04052095115184784
queue,5,5,517,522,3,4,False,previous_plan_remainder,1,6,0.4106591045856476,0.040525443851947784
queue,5,5,518,523,3,4,False,previous_plan_remainder,2,7,0.4471960961818695,0.040533121675252914
queue,5,5,519,524,3,4,False,previous_plan_remainder,3,8,0.47624847292900085,0.040538281202316284
queue,5,5,520,525,3,4,False,previous_plan_remainder,4,9,0.499286413192749,0.04055044800043106
queue,5,5,521,526,3,4,False,previous_plan_remainder,0,5,0.5000966787338257,0.04056094214320183
queue,5,5,522,527,3,4,False,previous_plan_remainder,1,6,0.4906933307647705,0.04056939110159874
queue,5,5,523,528,3,4,False,previous_plan_remainder,2,7,0.47880133986473083,0.040580619126558304
queue,5,5,524,529,3,4,False,previous_plan_remainder,3,8,0.473378986120224,0.040593165904283524
queue,5,5,525,530,3,4,False,previous_plan_remainder,4,9,0.4762455224990845,0.04059991240501404
queue,5,5,526,531,3,4,False,previous_plan_remainder,0,5,0.47996193170547485,0.04060126841068268
queue,5,5,527,532,3,4,False,previous_plan_remainder,1,6,0.4858328402042389,0.04061514884233475
queue,5,5,528,533,3,4,False,previous_plan_remainder,2,7,0.4960351884365082,0.04062487930059433
queue,5,5,529,534,3,4,False,previous_plan_remainder,3,8,0.4993143677711487,0.0406394824385643
queue,5,5,530,535,3,4,False,previous_plan_remainder,4,9,0.49857261776924133,0.0406445637345314
queue,5,5,531,536,3,4,False,previous_plan_remainder,0,5,0.506889283657074,0.04066174849867821
queue,5,5,532,537,3,4,False,previous_plan_remainder,1,6,0.5191075801849365,0.04067109897732735
queue,5,5,533,538,3,4,False,previous_plan_remainder,2,7,0.5275172591209412,0.04069177433848381
queue,5,5,534,539,3,4,False,previous_plan_remainder,3,8,0.5350339412689209,0.040704190731048584
queue,5,5,535,540,3,4,False,previous_plan_remainder,4,9,0.5392967462539673,0.04072050750255585
queue,5,5,536,541,3,4,False,previous_plan_remainder,0,5,0.5390080213546753,0.040742069482803345
queue,5,5,537,542,3,4,False,previous_plan_remainder,1,6,0.5364935994148254,0.04076734557747841
queue,5,5,538,543,3,4,False,previous_plan_remainder,2,7,0.5393708944320679,0.04078693687915802
queue,5,5,539,544,3,4,False,previous_plan_remainder,3,8,0.5513270497322083,0.040809523314237595
queue,5,5,540,545,3,4,False,previous_plan_remainder,4,9,0.5625419616699219,0.04082168638706207
queue,5,5,541,546,3,4,False,previous_plan_remainder,0,5,0.5553197264671326,0.04083999991416931
queue,5,5,542,547,3,4,False,previous_plan_remainder,1,6,0.5606871843338013,0.040862418711185455
queue,5,5,543,548,3,4,False,previous_plan_remainder,2,7,0.5733548402786255,0.04088238626718521
queue,5,5,544,549,3,4,False,previous_plan_remainder,3,8,0.5797423124313354,0.04090103134512901
queue,5,5,545,550,3,4,False,previous_plan_remainder,4,9,0.5893051028251648,0.04091617465019226
queue,5,5,546,551,3,4,False,previous_plan_remainder,0,5,0.5929985642433167,0.04094400629401207
queue,5,5,547,552,3,4,False,previous_plan_remainder,1,6,0.5761106014251709,0.04096515476703644
queue,5,5,548,553,3,4,False,previous_plan_remainder,2,7,0.5603094100952148,0.040987320244312286
queue,5,5,549,554,3,4,False,previous_plan_remainder,3,8,0.5510585904121399,0.040999721735715866
queue,5,5,550,555,3,4,False,previous_plan_remainder,4,9,0.5644277930259705,0.04101288691163063
queue,5,5,551,556,3,4,False,previous_plan_remainder,0,5,0.5702537894248962,0.041033633053302765
queue,5,5,552,557,3,4,False,previous_plan_remainder,1,6,0.5770716071128845,0.041051946580410004
queue,5,5,553,558,3,4,False,previous_plan_remainder,2,7,0.5935512185096741,0.04106905683875084
queue,5,5,554,559,3,4,False,previous_plan_remainder,3,8,0.6151208281517029,0.04109221696853638
queue,5,5,555,560,3,4,False,previous_plan_remainder,4,9,0.6350260972976685,0.04111333191394806
queue,5,5,556,561,3,4,False,previous_plan_remainder,0,5,0.6712327599525452,0.041143350303173065
queue,5,5,557,562,3,4,False,previous_plan_remainder,1,6,0.7079970836639404,0.04117288067936897
queue,5,5,558,563,3,4,False,previous_plan_remainder,2,7,0.7426026463508606,0.04118909314274788
queue,5,5,559,564,3,4,False,previous_plan_remainder,3,8,0.7756637334823608,0.04121028631925583
queue,5,5,560,565,3,4,False,previous_plan_remainder,4,9,0.8015159964561462,0.04123545438051224
queue,5,5,561,566,3,4,False,previous_plan_remainder,0,5,0.7856125235557556,0.04125778377056122
queue,5,5,562,567,3,4,False,previous_plan_remainder,1,6,0.7718567252159119,0.04127473384141922
queue,5,5,563,568,3,4,False,previous_plan_remainder,2,7,0.7788112759590149,0.041292861104011536
queue,5,5,564,569,3,4,False,previous_plan_remainder,3,8,0.7870891690254211,0.04131564870476723
queue,5,5,565,570,3,4,False,previous_plan_remainder,4,9,0.7946158051490784,0.041339412331581116
queue,5,5,566,571,3,4,False,previous_plan_remainder,0,5,0.8309955596923828,0.04136724770069122
queue,5,5,567,572,3,4,False,previous_plan_remainder,1,6,0.8746653199195862,0.041385408490896225
queue,5,5,568,573,3,4,False,previous_plan_remainder,2,7,0.9141771793365479,0.04141569882631302
queue,5,5,569,574,3,4,False,previous_plan_remainder,3,8,0.942333459854126,0.04143114015460014
queue,5,5,570,575,3,4,False,previous_plan_remainder,4,9,0.9729625582695007,0.04144168645143509
queue,5,5,571,576,3,4,False,previous_plan_remainder,0,5,0.9675889015197754,0.0414622463285923
queue,5,5,572,577,3,4,False,previous_plan_remainder,1,6,0.9460269212722778,0.04148682951927185
queue,5,5,573,578,3,4,False,previous_plan_remainder,2,7,0.9268271327018738,0.04149795323610306
queue,5,5,574,579,3,4,False,previous_plan_remainder,3,8,0.8991070985794067,0.041515085846185684
queue,5,5,575,580,3,4,False,previous_plan_remainder,4,9,0.8641963005065918,0.04153219982981682
queue,5,5,576,581,3,4,False,previous_plan_remainder,0,5,0.8856371641159058,0.041554566472768784
queue,5,5,577,582,3,4,False,previous_plan_remainder,1,6,0.9132295846939087,0.04156724736094475
queue,5,5,578,583,3,4,False,previous_plan_remainder,2,7,0.9350506663322449,0.04158074036240578
queue,5,5,579,584,3,4,False,previous_plan_remainder,3,8,0.9410867691040039,0.041601698845624924
queue,5,5,580,585,3,4,False,previous_plan_remainder,4,9,0.8994611501693726,0.041616033762693405
queue,5,5,581,586,3,4,False,previous_plan_remainder,0,5,0.8590103983879089,0.041623443365097046
queue,5,5,582,587,3,4,False,previous_plan_remainder,1,6,0.8084604144096375,0.04163191840052605
queue,5,5,583,588,3,4,False,previous_plan_remainder,2,7,0.7613152265548706,0.041636399924755096
queue,5,5,584,589,3,4,False,previous_plan_remainder,3,8,0.7080480456352234,0.04164640232920647
queue,5,5,585,590,3,4,False,previous_plan_remainder,4,9,0.6581606864929199,0.0416722372174263
queue,5,5,586,591,3,4,False,previous_plan_remainder,0,5,0.6134098768234253,0.041700057685375214
queue,5,5,587,592,3,4,False,previous_plan_remainder,1,6,0.5688865184783936,0.04173189029097557
queue,5,5,588,593,3,4,False,previous_plan_remainder,2,7,0.528740644454956,0.04175383225083351
queue,5,5,589,594,3,4,False,previous_plan_remainder,3,8,0.49006882309913635,0.04178827628493309
queue,5,5,590,595,3,4,False,previous_plan_remainder,4,9,0.4507594406604767,0.041820891201496124
queue,5,5,591,596,3,4,False,previous_plan_remainder,0,5,0.41331809759140015,0.04185172915458679
queue,5,5,592,597,3,4,False,previous_plan_remainder,1,6,0.3782835304737091,0.04188380762934685
queue,5,5,593,598,3,4,False,previous_plan_remainder,2,7,0.3439961373806,0.04191761463880539
queue,5,5,594,599,3,4,False,previous_plan_remainder,3,8,0.30819061398506165,0.041957009583711624
queue,5,5,595,600,3,4,False,previous_plan_remainder,4,9,0.27271735668182373,0.04199685901403427
queue,5,10,1,6,2,4,False,previous_plan_remainder,0,5,3.5471856563162873e-08,0.0
queue,5,10,2,7,2,4,False,previous_plan_remainder,1,6,2.107342389479072e-08,0.0
queue,5,10,3,8,2,4,False,previous_plan_remainder,2,7,3.942476567431186e-08,0.0
queue,5,10,4,9,2,4,False,previous_plan_remainder,3,8,3.942476567431186e-08,0.0
queue,5,10,5,10,2,4,False,previous_plan_remainder,4,9,3.6752840770759576e-08,0.0
queue,5,10,6,11,2,4,False,previous_plan_remainder,0,5,0.004760030657052994,0.0
queue,5,10,7,12,2,4,False,previous_plan_remainder,1,6,0.01253246609121561,0.0
queue,5,10,8,13,2,4,False,previous_plan_remainder,2,7,0.04673042148351669,0.0
queue,5,10,9,14,2,4,False,previous_plan_remainder,3,8,0.08673018217086792,0.0
queue,5,10,10,15,2,4,False,previous_plan_remainder,4,9,0.11048691719770432,0.0
queue,5,10,11,16,2,4,False,previous_plan_remainder,0,5,0.10629434883594513,0.0
queue,5,10,12,17,2,4,False,previous_plan_remainder,1,6,0.1012997031211853,0.0
queue,5,10,13,18,2,4,False,previous_plan_remainder,2,7,0.115819051861763,0.0
queue,5,10,14,19,2,4,False,previous_plan_remainder,3,8,0.15135453641414642,0.0
queue,5,10,15,20,2,4,False,previous_plan_remainder,4,9,0.19627341628074646,0.0
queue,5,10,16,21,2,4,False,previous_plan_remainder,0,5,0.23601900041103363,0.0
queue,5,10,17,22,2,4,False,previous_plan_remainder,1,6,0.2744099497795105,0.0
queue,5,10,18,23,2,4,False,previous_plan_remainder,2,7,0.3131280541419983,0.0
queue,5,10,19,24,2,4,False,previous_plan_remainder,3,8,0.3496178388595581,0.0
queue,5,10,20,25,2,4,False,previous_plan_remainder,4,9,0.3827512562274933,0.0
queue,5,10,21,26,2,4,False,previous_plan_remainder,0,5,0.39567089080810547,0.0
queue,5,10,22,27,2,4,False,previous_plan_remainder,1,6,0.4097285568714142,0.0
queue,5,10,23,28,2,4,False,previous_plan_remainder,2,7,0.42813849449157715,0.0
queue,5,10,24,29,2,4,False,previous_plan_remainder,3,8,0.4466251730918884,0.0
queue,5,10,25,30,2,4,False,previous_plan_remainder,4,9,0.46651121973991394,0.0
queue,5,10,26,31,2,4,False,previous_plan_remainder,0,5,0.4621790051460266,0.0
queue,5,10,27,32,2,4,False,previous_plan_remainder,1,6,0.4600900411605835,0.0
queue,5,10,28,33,2,4,False,previous_plan_remainder,2,7,0.4715765416622162,0.0
queue,5,10,29,34,2,4,False,previous_plan_remainder,3,8,0.4997500777244568,0.0
queue,5,10,30,35,2,4,False,previous_plan_remainder,4,9,0.5289080739021301,0.0
queue,5,10,31,36,2,4,False,previous_plan_remainder,0,5,0.5272682905197144,1.000261249828327e-06
queue,5,10,32,37,2,4,False,previous_plan_remainder,1,6,0.5313105583190918,8.456685463897884e-05
queue,5,10,33,38,2,4,False,previous_plan_remainder,2,7,0.5434632897377014,0.00038645919994451106
queue,5,10,34,39,2,4,False,previous_plan_remainder,3,8,0.5576402544975281,0.0005532472277991474
queue,5,10,35,40,2,4,False,previous_plan_remainder,4,9,0.5764400362968445,0.0005949917831458151
queue,5,10,36,41,2,4,False,previous_plan_remainder,0,5,0.5633664131164551,0.0005606352933682501
queue,5,10,37,42,2,4,False,previous_plan_remainder,1,6,0.5198069214820862,0.0005304808146320283
queue,5,10,38,43,2,4,False,previous_plan_remainder,2,7,0.47959035634994507,0.0005035228095948696
queue,5,10,39,44,2,4,False,previous_plan_remainder,3,8,0.44185128808021545,0.0004864252114202827
queue,5,10,40,45,2,4,False,previous_plan_remainder,4,9,0.42692330479621887,0.0004741224111057818
queue,5,10,41,46,2,4,False,previous_plan_remainder,0,5,0.3780990242958069,0.00046410824870690703
queue,5,10,42,47,2,4,False,previous_plan_remainder,1,6,0.3398899734020233,0.00047831551637500525
queue,5,10,43,48,2,4,False,previous_plan_remainder,2,7,0.33079370856285095,0.0007609367021359503
queue,5,10,44,49,2,4,False,previous_plan_remainder,3,8,0.3485669493675232,0.0019616736099123955
queue,5,10,45,50,3,4,False,previous_plan_remainder,4,9,0.36313262581825256,0.003513399278745055
queue,5,10,46,51,3,4,False,previous_plan_remainder,0,5,0.34418776631355286,0.004629963077604771
queue,5,10,47,52,3,4,False,previous_plan_remainder,1,6,0.3185907006263733,0.004922537598758936
queue,5,10,48,53,3,4,False,previous_plan_remainder,2,7,0.30124399065971375,0.0046217553317546844
queue,5,10,49,54,3,4,False,previous_plan_remainder,3,8,0.28971436619758606,0.004209776408970356
queue,5,10,50,55,3,4,False,previous_plan_remainder,4,9,0.29624882340431213,0.003964426927268505
queue,5,10,51,56,3,4,False,previous_plan_remainder,0,5,0.30061909556388855,0.0037722920533269644
queue,5,10,52,57,3,4,False,previous_plan_remainder,1,6,0.3186356723308563,0.0035911391023546457
queue,5,10,53,58,3,4,False,previous_plan_remainder,2,7,0.3413242995738983,0.0035718660801649094
queue,5,10,54,59,3,4,False,previous_plan_remainder,3,8,0.35691171884536743,0.003980448003858328
queue,5,10,55,60,3,4,False,previous_plan_remainder,4,9,0.3788219690322876,0.004665675573050976
queue,5,10,56,61,3,4,False,previous_plan_remainder,0,5,0.35032907128334045,0.005549498833715916
queue,5,10,57,62,3,4,False,previous_plan_remainder,1,6,0.3221023976802826,0.00625313026830554
queue,5,10,58,63,3,4,False,previous_plan_remainder,2,7,0.297390341758728,0.006618616171181202
queue,5,10,59,64,3,4,False,previous_plan_remainder,3,8,0.2810032069683075,0.006749666295945644
queue,5,10,60,65,3,4,False,previous_plan_remainder,4,9,0.27274295687675476,0.006752911023795605
queue,5,10,61,66,3,4,False,previous_plan_remainder,0,5,0.2842937409877777,0.006689386907964945
queue,5,10,62,67,3,4,False,previous_plan_remainder,1,6,0.3126485049724579,0.006663138046860695
queue,5,10,63,68,3,4,False,previous_plan_remainder,2,7,0.3563868999481201,0.006707874592393637
queue,5,10,64,69,3,4,False,previous_plan_remainder,3,8,0.4014490246772766,0.0068031554110348225
queue,5,10,65,70,3,4,False,previous_plan_remainder,4,9,0.4277866780757904,0.006986559368669987
queue,5,10,66,71,3,4,False,previous_plan_remainder,0,5,0.4123748242855072,0.0072350455448031425
queue,5,10,67,72,3,4,False,previous_plan_remainder,1,6,0.39671215415000916,0.007542256731539965
queue,5,10,68,73,3,4,False,previous_plan_remainder,2,7,0.38565775752067566,0.00784632284194231
queue,5,10,69,74,3,4,False,previous_plan_remainder,3,8,0.3798849582672119,0.008073118515312672
queue,5,10,70,75,3,4,False,previous_plan_remainder,4,9,0.3751731514930725,0.008210351690649986
queue,5,10,71,76,3,4,False,previous_plan_remainder,0,5,0.3649006187915802,0.008127214387059212
queue,5,10,72,77,3,4,False,previous_plan_remainder,1,6,0.38091132044792175,0.007836323231458664
queue,5,10,73,78,3,4,False,previous_plan_remainder,2,7,0.3999941349029541,0.007479636464267969
queue,5,10,74,79,3,4,False,previous_plan_remainder,3,8,0.40980005264282227,0.007172340527176857
queue,5,10,75,80,3,4,False,previous_plan_remainder,4,9,0.4181118905544281,0.006909491028636694
queue,5,10,76,81,3,4,False,previous_plan_remainder,0,5,0.4081277847290039,0.006747161038219929
queue,5,10,77,82,3,4,False,previous_plan_remainder,1,6,0.39097532629966736,0.006637175567448139
queue,5,10,78,83,3,4,False,previous_plan_remainder,2,7,0.37074312567710876,0.006505753844976425
queue,5,10,79,84,3,4,False,previous_plan_remainder,3,8,0.34191760420799255,0.00649162707850337
queue,5,10,80,85,3,4,False,previous_plan_remainder,4,9,0.31407076120376587,0.006594191305339336
queue,5,10,81,86,3,4,False,previous_plan_remainder,0,5,0.3089195787906647,0.00666586821898818
queue,5,10,82,87,3,4,False,previous_plan_remainder,1,6,0.3418467938899994,0.006731470115482807
queue,5,10,83,88,3,4,False,previous_plan_remainder,2,7,0.3775968551635742,0.0068344417959451675
queue,5,10,84,89,3,4,False,previous_plan_remainder,3,8,0.4103238582611084,0.006976633332669735
queue,5,10,85,90,3,4,False,previous_plan_remainder,4,9,0.43450480699539185,0.007079476956278086
queue,5,10,86,91,3,4,False,previous_plan_remainder,0,5,0.4046515226364136,0.007385490462183952
queue,5,10,87,92,3,4,False,previous_plan_remainder,1,6,0.3655420243740082,0.00787044782191515
queue,5,10,88,93,3,4,False,previous_plan_remainder,2,7,0.3339731991291046,0.008374153636395931
queue,5,10,89,94,3,4,False,previous_plan_remainder,3,8,0.31257736682891846,0.008776357397437096
queue,5,10,90,95,3,4,False,previous_plan_remainder,4,9,0.2938026785850525,0.009100660681724548
queue,5,10,91,96,3,4,False,previous_plan_remainder,0,5,0.30958235263824463,0.009465805254876614
queue,5,10,92,97,3,4,False,previous_plan_remainder,1,6,0.3400147557258606,0.010046235285699368
queue,5,10,93,98,3,4,False,previous_plan_remainder,2,7,0.36811718344688416,0.010848969221115112
queue,5,10,94,99,3,4,False,previous_plan_remainder,3,8,0.389143705368042,0.011865323409438133
queue,5,10,95,100,3,4,False,previous_plan_remainder,4,9,0.4114251136779785,0.01310858316719532
queue,5,10,96,101,3,4,False,previous_plan_remainder,0,5,0.38709908723831177,0.014620272442698479
queue,5,10,97,102,3,4,False,previous_plan_remainder,1,6,0.3584292531013489,0.01635984517633915
queue,5,10,98,103,3,4,False,previous_plan_remainder,2,7,0.33469879627227783,0.01831812784075737
queue,5,10,99,104,3,4,False,previous_plan_remainder,3,8,0.31652405858039856,0.020429302006959915
queue,5,10,100,105,3,4,False,previous_plan_remainder,4,9,0.3174496591091156,0.02256946638226509
queue,5,10,101,106,3,4,False,previous_plan_remainder,0,5,0.33911433815956116,0.02461245097219944
queue,5,10,102,107,3,4,False,previous_plan_remainder,1,6,0.37678661942481995,0.026428882032632828
queue,5,10,103,108,3,4,False,previous_plan_remainder,2,7,0.4207318425178528,0.02804001420736313
queue,5,10,104,109,3,4,False,previous_plan_remainder,3,8,0.4574907422065735,0.029414355754852295
queue,5,10,105,110,3,4,False,previous_plan_remainder,4,9,0.4960011839866638,0.030548982322216034
queue,5,10,106,111,3,4,False,previous_plan_remainder,0,5,0.4567206799983978,0.031355250626802444
queue,5,10,107,112,3,4,False,previous_plan_remainder,1,6,0.4180476665496826,0.03177378699183464
queue,5,10,108,113,3,4,False,previous_plan_remainder,2,7,0.38004782795906067,0.03183235973119736
queue,5,10,109,114,3,4,False,previous_plan_remainder,3,8,0.35024595260620117,0.03164700046181679
queue,5,10,110,115,3,4,False,previous_plan_remainder,4,9,0.3392923176288605,0.03139346465468407
queue,5,10,111,116,3,4,False,previous_plan_remainder,0,5,0.3618983030319214,0.03125147521495819
queue,5,10,112,117,3,4,False,previous_plan_remainder,1,6,0.39277079701423645,0.031476184725761414
queue,5,10,113,118,3,4,False,previous_plan_remainder,2,7,0.41271069645881653,0.0321321040391922
queue,5,10,114,119,3,4,False,previous_plan_remainder,3,8,0.42382827401161194,0.03294987231492996
queue,5,10,115,120,3,4,False,previous_plan_remainder,4,9,0.44571614265441895,0.03377142176032066
queue,5,10,116,121,3,4,False,previous_plan_remainder,0,5,0.441903293132782,0.034754276275634766
queue,5,10,117,122,2,4,False,previous_plan_remainder,1,6,0.4365848898887634,0.035419344902038574
queue,5,10,118,123,2,4,False,previous_plan_remainder,2,7,0.43048664927482605,0.03576093912124634
queue,5,10,119,124,2,4,False,previous_plan_remainder,3,8,0.42773014307022095,0.0360688753426075
queue,5,10,120,125,2,4,False,previous_plan_remainder,4,9,0.4358888566493988,0.036485835909843445
queue,5,10,121,126,2,4,False,previous_plan_remainder,0,5,0.46364226937294006,0.03686792775988579
queue,5,10,122,127,3,4,False,previous_plan_remainder,1,6,0.49272748827934265,0.03711120784282684
queue,5,10,123,128,3,4,False,previous_plan_remainder,2,7,0.5085741877555847,0.037274159491062164
queue,5,10,124,129,3,4,False,previous_plan_remainder,3,8,0.5132745504379272,0.03736355900764465
queue,5,10,125,130,3,4,False,previous_plan_remainder,4,9,0.5003266334533691,0.03744814917445183
queue,5,10,126,131,3,4,False,previous_plan_remainder,0,5,0.48229101300239563,0.03751353174448013
queue,5,10,127,132,3,4,False,previous_plan_remainder,1,6,0.4599896967411041,0.03756897896528244
queue,5,10,128,133,2,4,False,previous_plan_remainder,2,7,0.4396151602268219,0.03759732469916344
queue,5,10,129,134,2,4,False,previous_plan_remainder,3,8,0.41395998001098633,0.03760633245110512
queue,5,10,130,135,3,4,False,previous_plan_remainder,4,9,0.40303853154182434,0.03759865090250969
queue,5,10,131,136,3,4,False,previous_plan_remainder,0,5,0.3925936222076416,0.03760557621717453
queue,5,10,132,137,3,4,False,previous_plan_remainder,1,6,0.4165526032447815,0.03760349750518799
queue,5,10,133,138,3,4,False,previous_plan_remainder,2,7,0.4650295674800873,0.037609051913022995
queue,5,10,134,139,3,4,False,previous_plan_remainder,3,8,0.5231677293777466,0.03761720284819603
queue,5,10,135,140,2,4,False,previous_plan_remainder,4,9,0.5806684494018555,0.037640370428562164
queue,5,10,136,141,2,4,False,previous_plan_remainder,0,5,0.6561019420623779,0.03765900060534477
queue,5,10,137,142,2,4,False,previous_plan_remainder,1,6,0.7302917242050171,0.03767997771501541
queue,5,10,138,143,2,4,False,previous_plan_remainder,2,7,0.8061026334762573,0.03770453482866287
queue,5,10,139,144,2,4,False,previous_plan_remainder,3,8,0.8751598000526428,0.0377255342900753
queue,5,10,140,145,2,4,False,previous_plan_remainder,4,9,0.9211602807044983,0.0377502366900444
queue,5,10,141,146,2,4,False,previous_plan_remainder,0,5,0.9947963953018188,0.037768200039863586
queue,5,10,142,147,2,4,False,previous_plan_remainder,1,6,1.0720133781433105,0.03777946159243584
queue,5,10,143,148,2,4,False,previous_plan_remainder,2,7,1.1474004983901978,0.03778873383998871
queue,5,10,144,149,2,4,False,previous_plan_remainder,3,8,1.2070035934448242,0.0378129780292511
queue,5,10,145,150,2,4,False,previous_plan_remainder,4,9,1.248084545135498,0.03783212974667549
queue,5,10,146,151,2,4,False,previous_plan_remainder,0,5,1.2864058017730713,0.037856314331293106
queue,5,10,147,152,2,4,False,previous_plan_remainder,1,6,1.3238978385925293,0.037869613617658615
queue,5,10,148,153,2,4,False,previous_plan_remainder,2,7,1.3551868200302124,0.03787429258227348
queue,5,10,149,154,2,4,False,previous_plan_remainder,3,8,1.3738971948623657,0.03787105530500412
queue,5,10,150,155,2,4,False,previous_plan_remainder,4,9,1.3823517560958862,0.037870243191719055
queue,5,10,151,156,2,4,False,previous_plan_remainder,0,5,1.3440600633621216,0.03787144273519516
queue,5,10,152,157,2,4,False,previous_plan_remainder,1,6,1.2882319688796997,0.037882257252931595
queue,5,10,153,158,2,4,False,previous_plan_remainder,2,7,1.2341856956481934,0.03790384903550148
queue,5,10,154,159,2,4,False,previous_plan_remainder,3,8,1.19369375705719,0.037925299257040024
queue,5,10,155,160,2,4,False,previous_plan_remainder,4,9,1.1561079025268555,0.037951622158288956
queue,5,10,156,161,2,4,False,previous_plan_remainder,0,5,1.1758469343185425,0.03797059878706932
queue,5,10,157,162,2,4,False,previous_plan_remainder,1,6,1.2018332481384277,0.037986207753419876
queue,5,10,158,163,2,4,False,previous_plan_remainder,2,7,1.208385944366455,0.03799643740057945
queue,5,10,159,164,2,4,False,previous_plan_remainder,3,8,1.2021844387054443,0.0380084291100502
queue,5,10,160,165,2,4,False,previous_plan_remainder,4,9,1.1936454772949219,0.038018155843019485
queue,5,10,161,166,2,4,False,previous_plan_remainder,0,5,1.1288528442382812,0.03803317993879318
queue,5,10,162,167,2,4,False,previous_plan_remainder,1,6,1.0672091245651245,0.038058798760175705
queue,5,10,163,168,2,4,False,previous_plan_remainder,2,7,1.0039401054382324,0.03808581829071045
queue,5,10,164,169,2,4,False,previous_plan_remainder,3,8,0.9399956464767456,0.03811030834913254
queue,5,10,165,170,2,4,False,previous_plan_remainder,4,9,0.8769475817680359,0.03812718763947487
queue,5,10,166,171,2,4,False,previous_plan_remainder,0,5,0.8138139247894287,0.038147084414958954
queue,5,10,167,172,2,4,False,previous_plan_remainder,1,6,0.7533039450645447,0.038165103644132614
queue,5,10,168,173,2,4,False,previous_plan_remainder,2,7,0.6942866444587708,0.038186248391866684
queue,5,10,169,174,2,4,False,previous_plan_remainder,3,8,0.6359679102897644,0.038209788501262665
queue,5,10,170,175,2,4,False,previous_plan_remainder,4,9,0.5794374346733093,0.03823308274149895
queue,5,10,171,176,2,4,False,previous_plan_remainder,0,5,0.5219154357910156,0.03826384246349335
queue,5,10,172,177,2,4,False,previous_plan_remainder,1,6,0.4665452539920807,0.03827892988920212
queue,5,10,173,178,2,4,False,previous_plan_remainder,2,7,0.4134231209754944,0.0382859893143177
queue,5,10,174,179,2,4,False,previous_plan_remainder,3,8,0.36335718631744385,0.03831026703119278
queue,5,10,175,180,2,4,False,previous_plan_remainder,4,9,0.31597134470939636,0.03833511844277382
queue,5,10,176,181,2,4,False,previous_plan_remainder,0,5,0.2735776901245117,0.03835808485746384
queue,5,10,177,182,2,4,False,previous_plan_remainder,1,6,0.23677733540534973,0.03836601972579956
queue,5,10,178,183,2,4,False,previous_plan_remainder,2,7,0.20406053960323334,0.0383908748626709
queue,5,10,179,184,2,4,False,previous_plan_remainder,3,8,0.17584291100502014,0.038416337221860886
queue,5,10,180,185,2,4,False,previous_plan_remainder,4,9,0.15065377950668335,0.038429249078035355
queue,5,10,181,186,2,4,False,previous_plan_remainder,0,5,0.12373150140047073,0.0384470634162426
queue,5,10,182,187,2,4,False,previous_plan_remainder,1,6,0.10116015374660492,0.03846082463860512
queue,5,10,183,188,2,4,False,previous_plan_remainder,2,7,0.08879736065864563,0.03847818449139595
queue,5,10,184,189,2,4,False,previous_plan_remainder,3,8,0.08238454163074493,0.03849516063928604
queue,5,10,185,190,2,4,False,previous_plan_remainder,4,9,0.08012214303016663,0.038510967046022415
queue,5,10,186,191,2,4,False,previous_plan_remainder,0,5,0.07915916293859482,0.038518115878105164
queue,5,10,187,192,2,4,False,previous_plan_remainder,1,6,0.07910212129354477,0.03853486105799675
queue,5,10,188,193,2,4,False,previous_plan_remainder,2,7,0.07953275740146637,0.038551874458789825
queue,5,10,189,194,2,4,False,previous_plan_remainder,3,8,0.07961324602365494,0.038561176508665085
queue,5,10,190,195,2,4,False,previous_plan_remainder,4,9,0.07994284480810165,0.03857332095503807
queue,5,10,191,196,2,4,False,previous_plan_remainder,0,5,0.07766556739807129,0.038592059165239334
queue,5,10,192,197,2,4,False,previous_plan_remainder,1,6,0.07486747205257416,0.038608651608228683
queue,5,10,193,198,2,4,False,previous_plan_remainder,2,7,0.073543019592762,0.038615934550762177
queue,5,10,194,199,2,4,False,previous_plan_remainder,3,8,0.07223090529441833,0.038626935333013535
queue,5,10,195,200,2,4,False,previous_plan_remainder,4,9,0.07304570823907852,0.03863787278532982
queue,5,10,196,201,2,4,False,previous_plan_remainder,0,5,0.07039481401443481,0.038646455854177475
queue,5,10,197,202,2,4,False,previous_plan_remainder,1,6,0.07006964087486267,0.03865785896778107
queue,5,10,198,203,2,4,False,previous_plan_remainder,2,7,0.07037761062383652,0.03866926580667496
queue,5,10,199,204,2,4,False,previous_plan_remainder,3,8,0.07005617767572403,0.03868585824966431
queue,5,10,200,205,2,4,False,previous_plan_remainder,4,9,0.06951668113470078,0.03870183601975441
queue,5,10,201,206,2,4,False,previous_plan_remainder,0,5,0.06681879609823227,0.038716480135917664
queue,5,10,202,207,2,4,False,previous_plan_remainder,1,6,0.06526298820972443,0.0387234166264534
queue,5,10,203,208,2,4,False,previous_plan_remainder,2,7,0.06437284499406815,0.03873768448829651
queue,5,10,204,209,2,4,False,previous_plan_remainder,3,8,0.06440294533967972,0.03875022381544113
queue,5,10,205,210,2,4,False,previous_plan_remainder,4,9,0.06380923092365265,0.03876827284693718
queue,5,10,206,211,2,4,False,previous_plan_remainder,0,5,0.064644455909729,0.03878461942076683
queue,5,10,207,212,2,4,False,previous_plan_remainder,1,6,0.06600364297628403,0.03879363834857941
queue,5,10,208,213,2,4,False,previous_plan_remainder,2,7,0.06669143587350845,0.03880184143781662
queue,5,10,209,214,2,4,False,previous_plan_remainder,3,8,0.06785690039396286,0.038818083703517914
queue,5,10,210,215,2,4,False,previous_plan_remainder,4,9,0.06946288794279099,0.03883206844329834
queue,5,10,211,216,2,4,False,previous_plan_remainder,0,5,0.06880418956279755,0.03885114565491676
queue,5,10,212,217,2,4,False,previous_plan_remainder,1,6,0.06777574867010117,0.03886546939611435
queue,5,10,213,218,2,4,False,previous_plan_remainder,2,7,0.06715865433216095,0.038883715867996216
queue,5,10,214,219,2,4,False,previous_plan_remainder,3,8,0.06641335785388947,0.03889123722910881
queue,5,10,215,220,2,4,False,previous_plan_remainder,4,9,0.0661979392170906,0.03891023248434067
queue,5,10,216,221,2,4,False,previous_plan_remainder,0,5,0.06708332896232605,0.03893817216157913
queue,5,10,217,222,2,4,False,previous_plan_remainder,1,6,0.06787700206041336,0.03895387053489685
queue,5,10,218,223,2,4,False,previous_plan_remainder,2,7,0.06848105788230896,0.038986686617136
queue,5,10,219,224,2,4,False,previous_plan_remainder,3,8,0.06944332271814346,0.0390302836894989
queue,5,10,220,225,2,4,False,previous_plan_remainder,4,9,0.07018337398767471,0.039055999368429184
queue,5,10,221,226,2,4,False,previous_plan_remainder,0,5,0.071509949862957,0.03908086568117142
queue,5,10,222,227,2,4,False,previous_plan_remainder,1,6,0.0720694437623024,0.03910072147846222
queue,5,10,223,228,2,4,False,previous_plan_remainder,2,7,0.07224363833665848,0.039120547473430634
queue,5,10,224,229,2,4,False,previous_plan_remainder,3,8,0.07243884354829788,0.0391550213098526
queue,5,10,225,230,2,4,False,previous_plan_remainder,4,9,0.07259552925825119,0.039169710129499435
queue,5,10,226,231,2,4,False,previous_plan_remainder,0,5,0.0735614001750946,0.039180587977170944
queue,5,10,227,232,2,4,False,previous_plan_remainder,1,6,0.0745014175772667,0.03918413445353508
queue,5,10,228,233,2,4,False,previous_plan_remainder,2,7,0.07663624733686447,0.0392024852335453
queue,5,10,229,234,2,4,False,previous_plan_remainder,3,8,0.07892949134111404,0.03921743482351303
queue,5,10,230,235,2,4,False,previous_plan_remainder,4,9,0.08203725516796112,0.03922450542449951
queue,5,10,231,236,2,4,False,previous_plan_remainder,0,5,0.0880633145570755,0.039237722754478455
queue,5,10,232,237,2,4,False,previous_plan_remainder,1,6,0.09056314826011658,0.039247892796993256
queue,5,10,233,238,2,4,False,previous_plan_remainder,2,7,0.09139353036880493,0.039255835115909576
queue,5,10,234,239,2,4,False,previous_plan_remainder,3,8,0.09279420226812363,0.03926513344049454
queue,5,10,235,240,2,4,False,previous_plan_remainder,4,9,0.0933520644903183,0.03926767036318779
queue,5,10,236,241,2,4,False,previous_plan_remainder,0,5,0.09349203109741211,0.03927590698003769
queue,5,10,237,242,2,4,False,previous_plan_remainder,1,6,0.09212438762187958,0.039286285638809204
queue,5,10,238,243,2,4,False,previous_plan_remainder,2,7,0.09031238406896591,0.03930166736245155
queue,5,10,239,244,2,4,False,previous_plan_remainder,3,8,0.09003738313913345,0.03931417316198349
queue,5,10,240,245,2,4,False,previous_plan_remainder,4,9,0.0897163525223732,0.03932792320847511
queue,5,10,241,246,2,4,False,previous_plan_remainder,0,5,0.09030225872993469,0.0393371507525444
queue,5,10,242,247,2,4,False,previous_plan_remainder,1,6,0.0917959213256836,0.0393509604036808
queue,5,10,243,248,2,4,False,previous_plan_remainder,2,7,0.09150061756372452,0.03936219587922096
queue,5,10,244,249,2,4,False,previous_plan_remainder,3,8,0.09227734804153442,0.039379239082336426
queue,5,10,245,250,2,4,False,previous_plan_remainder,4,9,0.09211623668670654,0.039387162774801254
queue,5,10,246,251,2,4,False,previous_plan_remainder,0,5,0.09189710766077042,0.03939979150891304
queue,5,10,247,252,2,4,False,previous_plan_remainder,1,6,0.0908878967165947,0.039414726197719574
queue,5,10,248,253,2,4,False,previous_plan_remainder,2,7,0.08942055702209473,0.039433952420949936
queue,5,10,249,254,2,4,False,previous_plan_remainder,3,8,0.08847435563802719,0.03945554047822952
queue,5,10,250,255,2,4,False,previous_plan_remainder,4,9,0.08791478723287582,0.039475277066230774
queue,5,10,251,256,2,4,False,previous_plan_remainder,0,5,0.08724496513605118,0.03949424996972084
queue,5,10,252,257,2,4,False,previous_plan_remainder,1,6,0.08706337213516235,0.039514750242233276
queue,5,10,253,258,2,4,False,previous_plan_remainder,2,7,0.08703168481588364,0.0395355261862278
queue,5,10,254,259,2,4,False,previous_plan_remainder,3,8,0.0875733271241188,0.039563026279211044
queue,5,10,255,260,2,4,False,previous_plan_remainder,4,9,0.08786109834909439,0.03958256170153618
queue,5,10,256,261,2,4,False,previous_plan_remainder,0,5,0.08687157928943634,0.039607010781764984
queue,5,10,257,262,2,4,False,previous_plan_remainder,1,6,0.08567195385694504,0.03963003680109978
queue,5,10,258,263,2,4,False,previous_plan_remainder,2,7,0.08480509370565414,0.039658285677433014
queue,5,10,259,264,2,4,False,previous_plan_remainder,3,8,0.08483279496431351,0.039683759212493896
queue,5,10,260,265,2,4,False,previous_plan_remainder,4,9,0.08494044840335846,0.03970756381750107
queue,5,10,261,266,2,4,False,previous_plan_remainder,0,5,0.08614826947450638,0.03973306715488434
queue,5,10,262,267,2,4,False,previous_plan_remainder,1,6,0.08762586861848831,0.03975273296236992
queue,5,10,263,268,2,4,False,previous_plan_remainder,2,7,0.08915618807077408,0.03977781534194946
queue,5,10,264,269,2,4,False,previous_plan_remainder,3,8,0.09080211818218231,0.03979570418596268
queue,5,10,265,270,2,4,False,previous_plan_remainder,4,9,0.09187489748001099,0.039810895919799805
queue,5,10,266,271,2,4,False,previous_plan_remainder,0,5,0.09159581363201141,0.03982239589095116
queue,5,10,267,272,2,4,False,previous_plan_remainder,1,6,0.09103169292211533,0.03984402120113373
queue,5,10,268,273,2,4,False,previous_plan_remainder,2,7,0.09088443964719772,0.03986627236008644
queue,5,10,269,274,2,4,False,previous_plan_remainder,3,8,0.09046778082847595,0.039876654744148254
queue,5,10,270,275,2,4,False,previous_plan_remainder,4,9,0.08999649435281754,0.03989177569746971
queue,5,10,271,276,2,4,False,previous_plan_remainder,0,5,0.09138769656419754,0.03990776464343071
queue,5,10,272,277,2,4,False,previous_plan_remainder,1,6,0.09420062601566315,0.03991486504673958
queue,5,10,273,278,2,4,False,previous_plan_remainder,2,7,0.09565577656030655,0.039928995072841644
queue,5,10,274,279,2,4,False,previous_plan_remainder,3,8,0.09625083953142166,0.03994835168123245
queue,5,10,275,280,2,4,False,previous_plan_remainder,4,9,0.09739716351032257,0.039960362017154694
queue,5,10,276,281,2,4,False,previous_plan_remainder,0,5,0.09508346766233444,0.0399664044380188
queue,5,10,277,282,2,4,False,previous_plan_remainder,1,6,0.09144893288612366,0.03997115045785904
queue,5,10,278,283,2,4,False,previous_plan_remainder,2,7,0.08917918801307678,0.03997734189033508
queue,5,10,279,284,2,4,False,previous_plan_remainder,3,8,0.08813557773828506,0.03998023271560669
queue,5,10,280,285,2,4,False,previous_plan_remainder,4,9,0.08727215230464935,0.039991822093725204
queue,5,10,281,286,2,4,False,previous_plan_remainder,0,5,0.09064442664384842,0.040004272013902664
queue,5,10,282,287,2,4,False,previous_plan_remainder,1,6,0.09409145265817642,0.040002983063459396
queue,5,10,283,288,2,4,False,previous_plan_remainder,2,7,0.09528481960296631,0.04001528397202492
queue,5,10,284,289,2,4,False,previous_plan_remainder,3,8,0.09610366821289062,0.0400259792804718
queue,5,10,285,290,2,4,False,previous_plan_remainder,4,9,0.09692909568548203,0.040042974054813385
queue,5,10,286,291,2,4,False,previous_plan_remainder,0,5,0.09774643182754517,0.040048662573099136
queue,5,10,287,292,2,4,False,previous_plan_remainder,1,6,0.0979839488863945,0.0400594100356102
queue,5,10,288,293,2,4,False,previous_plan_remainder,2,7,0.09754561632871628,0.04005797579884529
queue,5,10,289,294,2,4,False,previous_plan_remainder,3,8,0.09745489805936813,0.040065180510282516
queue,5,10,290,295,2,4,False,previous_plan_remainder,4,9,0.09798476099967957,0.040071263909339905
queue,5,10,291,296,2,4,False,previous_plan_remainder,0,5,0.10124069452285767,0.04008164256811142
queue,5,10,292,297,2,4,False,previous_plan_remainder,1,6,0.10335389524698257,0.040089454501867294
queue,5,10,293,298,2,4,False,previous_plan_remainder,2,7,0.10475821048021317,0.04009547084569931
queue,5,10,294,299,2,4,False,previous_plan_remainder,3,8,0.10586362332105637,0.04010222479701042
queue,5,10,295,300,2,4,False,previous_plan_remainder,4,9,0.10680359601974487,0.04010675847530365
queue,5,10,296,301,2,4,False,previous_plan_remainder,0,5,0.10596849024295807,0.040114738047122955
queue,5,10,297,302,2,4,False,previous_plan_remainder,1,6,0.1056797206401825,0.04011883586645126
queue,5,10,298,303,2,4,False,previous_plan_remainder,2,7,0.10613484680652618,0.04012477397918701
queue,5,10,299,304,2,4,False,previous_plan_remainder,3,8,0.1058078408241272,0.040129322558641434
queue,5,10,300,305,2,4,False,previous_plan_remainder,4,9,0.10578732937574387,0.040137678384780884
queue,5,10,301,306,2,4,False,previous_plan_remainder,0,5,0.10738429427146912,0.040143996477127075
queue,5,10,302,307,2,4,False,previous_plan_remainder,1,6,0.10843203961849213,0.04015398770570755
queue,5,10,303,308,2,4,False,previous_plan_remainder,2,7,0.10984037816524506,0.04016481712460518
queue,5,10,304,309,2,4,False,previous_plan_remainder,3,8,0.112917460501194,0.040178362280130386
queue,5,10,305,310,2,4,False,previous_plan_remainder,4,9,0.11503893882036209,0.04018649458885193
queue,5,10,306,311,2,4,False,previous_plan_remainder,0,5,0.11156731098890305,0.04019789397716522
queue,5,10,307,312,2,4,False,previous_plan_remainder,1,6,0.10856156051158905,0.040207501500844955
queue,5,10,308,313,2,4,False,previous_plan_remainder,2,7,0.1069209948182106,0.04021461308002472
queue,5,10,309,314,2,4,False,previous_plan_remainder,3,8,0.10717051476240158,0.04021831601858139
queue,5,10,310,315,2,4,False,previous_plan_remainder,4,9,0.10817518830299377,0.04021506384015083
queue,5,10,311,316,2,4,False,previous_plan_remainder,0,5,0.11930408328771591,0.04022207483649254
queue,5,10,312,317,2,4,False,previous_plan_remainder,1,6,0.13625837862491608,0.040237024426460266
queue,5,10,313,318,2,4,False,previous_plan_remainder,2,7,0.15323422849178314,0.04024166986346245
queue,5,10,314,319,2,4,False,previous_plan_remainder,3,8,0.17048755288124084,0.0402522087097168
queue,5,10,315,320,2,4,False,previous_plan_remainder,4,9,0.1842128336429596,0.04026206210255623
queue,5,10,316,321,2,4,False,previous_plan_remainder,0,5,0.1642741709947586,0.040266819298267365
queue,5,10,317,322,2,4,False,previous_plan_remainder,1,6,0.14491091668605804,0.04027827829122543
queue,5,10,318,323,2,4,False,previous_plan_remainder,2,7,0.13376276195049286,0.04027967527508736
queue,5,10,319,324,2,4,False,previous_plan_remainder,3,8,0.12807686626911163,0.04029446467757225
queue,5,10,320,325,2,4,False,previous_plan_remainder,4,9,0.12532727420330048,0.040307559072971344
queue,5,10,321,326,2,4,False,previous_plan_remainder,0,5,0.13659119606018066,0.04032221809029579
queue,5,10,322,327,2,4,False,previous_plan_remainder,1,6,0.15614596009254456,0.040332358330488205
queue,5,10,323,328,2,4,False,previous_plan_remainder,2,7,0.16131164133548737,0.04034777730703354
queue,5,10,324,329,2,4,False,previous_plan_remainder,3,8,0.17604047060012817,0.040360692888498306
queue,5,10,325,330,2,4,False,previous_plan_remainder,4,9,0.19643881916999817,0.04037626460194588
queue,5,10,326,331,2,4,False,previous_plan_remainder,0,5,0.17372815310955048,0.04038693755865097
queue,5,10,327,332,2,4,False,previous_plan_remainder,1,6,0.1577836126089096,0.04039553180336952
queue,5,10,328,333,2,4,False,previous_plan_remainder,2,7,0.1486010104417801,0.040401309728622437
queue,5,10,329,334,2,4,False,previous_plan_remainder,3,8,0.143972247838974,0.04040722921490669
queue,5,10,330,335,2,4,False,previous_plan_remainder,4,9,0.14248932898044586,0.04041145369410515
queue,5,10,331,336,2,4,False,previous_plan_remainder,0,5,0.1616671234369278,0.04041898250579834
queue,5,10,332,337,2,4,False,previous_plan_remainder,1,6,0.19786617159843445,0.040426772087812424
queue,5,10,333,338,2,4,False,previous_plan_remainder,2,7,0.23899759352207184,0.04043175280094147
queue,5,10,334,339,2,4,False,previous_plan_remainder,3,8,0.279432088136673,0.040439944714307785
queue,5,10,335,340,2,4,False,previous_plan_remainder,4,9,0.3189869523048401,0.040444616228342056
queue,5,10,336,341,2,4,False,previous_plan_remainder,0,5,0.31845957040786743,0.04044967144727707
queue,5,10,337,342,2,4,False,previous_plan_remainder,1,6,0.3073587417602539,0.04045148566365242
queue,5,10,338,343,2,4,False,previous_plan_remainder,2,7,0.3055792450904846,0.04045245423913002
queue,5,10,339,344,2,4,False,previous_plan_remainder,3,8,0.308738648891449,0.040456634014844894
queue,5,10,340,345,2,4,False,previous_plan_remainder,4,9,0.31875088810920715,0.04046262800693512
queue,5,10,341,346,2,4,False,previous_plan_remainder,0,5,0.3491644859313965,0.04046788811683655
queue,5,10,342,347,2,4,False,previous_plan_remainder,1,6,0.3852677345275879,0.04048052802681923
queue,5,10,343,348,2,4,False,previous_plan_remainder,2,7,0.4243120551109314,0.040493957698345184
queue,5,10,344,349,2,4,False,previous_plan_remainder,3,8,0.4657508134841919,0.04049542173743248
queue,5,10,345,350,2,4,False,previous_plan_remainder,4,9,0.5023295879364014,0.040501635521650314
queue,5,10,346,351,2,4,False,previous_plan_remainder,0,5,0.508764922618866,0.04051581397652626
queue,5,10,347,352,2,4,False,previous_plan_remainder,1,6,0.5036832094192505,0.04051581770181656
queue,5,10,348,353,2,4,False,previous_plan_remainder,2,7,0.5068424940109253,0.040521688759326935
queue,5,10,349,354,2,4,False,previous_plan_remainder,3,8,0.5158881545066833,0.04053060710430145
queue,5,10,350,355,2,4,False,previous_plan_remainder,4,9,0.5279659628868103,0.04053976386785507
queue,5,10,351,356,2,4,False,previous_plan_remainder,0,5,0.5468323826789856,0.040543194860219955
queue,5,10,352,357,2,4,False,previous_plan_remainder,1,6,0.5648602843284607,0.04054603353142738
queue,5,10,353,358,2,4,False,previous_plan_remainder,2,7,0.5859760046005249,0.04054991528391838
queue,5,10,354,359,2,4,False,previous_plan_remainder,3,8,0.5981169939041138,0.04055635258555412
queue,5,10,355,360,2,4,False,previous_plan_remainder,4,9,0.6026731133460999,0.04056058079004288
queue,5,10,356,361,2,4,False,previous_plan_remainder,0,5,0.5931809544563293,0.04056794196367264
queue,5,10,357,362,2,4,False,previous_plan_remainder,1,6,0.5823463797569275,0.04058085381984711
queue,5,10,358,363,2,4,False,previous_plan_remainder,2,7,0.5807064771652222,0.0406104251742363
queue,5,10,359,364,2,4,False,previous_plan_remainder,3,8,0.5794316530227661,0.04063030704855919
queue,5,10,360,365,2,4,False,previous_plan_remainder,4,9,0.5790325999259949,0.04066237062215805
queue,5,10,361,366,2,4,False,previous_plan_remainder,0,5,0.5978885889053345,0.04068567231297493
queue,5,10,362,367,2,4,False,previous_plan_remainder,1,6,0.6160339713096619,0.040703292936086655
queue,5,10,363,368,2,4,False,previous_plan_remainder,2,7,0.6338381767272949,0.04070882499217987
queue,5,10,364,369,2,4,False,previous_plan_remainder,3,8,0.6518146395683289,0.040714409202337265
queue,5,10,365,370,2,4,False,previous_plan_remainder,4,9,0.6667494177818298,0.040712933987379074
queue,5,10,366,371,2,4,False,previous_plan_remainder,0,5,0.6795382499694824,0.040721725672483444
queue,5,10,367,372,2,4,False,previous_plan_remainder,1,6,0.6910971403121948,0.040720026940107346
queue,5,10,368,373,2,4,False,previous_plan_remainder,2,7,0.7006779313087463,0.040724534541368484
queue,5,10,369,374,2,4,False,previous_plan_remainder,3,8,0.7101083397865295,0.040722962468862534
queue,5,10,370,375,2,4,False,previous_plan_remainder,4,9,0.7217716574668884,0.04073233902454376
queue,5,10,371,376,2,4,False,previous_plan_remainder,0,5,0.7204572558403015,0.04073448106646538
queue,5,10,372,377,2,4,False,previous_plan_remainder,1,6,0.7112390398979187,0.04074385017156601
queue,5,10,373,378,2,4,False,previous_plan_remainder,2,7,0.7109860181808472,0.04075966402888298
queue,5,10,374,379,2,4,False,previous_plan_remainder,3,8,0.7136765122413635,0.04076620191335678
queue,5,10,375,380,2,4,False,previous_plan_remainder,4,9,0.7233109474182129,0.040776923298835754
queue,5,10,376,381,2,4,False,previous_plan_remainder,0,5,0.7621058225631714,0.04078630730509758
queue,5,10,377,382,2,4,False,previous_plan_remainder,1,6,0.803365170955658,0.04079720005393028
queue,5,10,378,383,2,4,False,previous_plan_remainder,2,7,0.8366082310676575,0.04081472381949425
queue,5,10,379,384,2,4,False,previous_plan_remainder,3,8,0.8613368272781372,0.04082705080509186
queue,5,10,380,385,2,4,False,previous_plan_remainder,4,9,0.8780432939529419,0.040834955871105194
queue,5,10,381,386,2,4,False,previous_plan_remainder,0,5,0.8909745812416077,0.040844641625881195
queue,5,10,382,387,2,4,False,previous_plan_remainder,1,6,0.9020017385482788,0.040852732956409454
queue,5,10,383,388,2,4,False,previous_plan_remainder,2,7,0.9177979826927185,0.04086243361234665
queue,5,10,384,389,2,4,False,previous_plan_remainder,3,8,0.9353272914886475,0.04087156057357788
queue,5,10,385,390,2,4,False,previous_plan_remainder,4,9,0.9483819603919983,0.04088396579027176
queue,5,10,386,391,2,4,False,previous_plan_remainder,0,5,0.9461979866027832,0.04088793694972992
queue,5,10,387,392,2,4,False,previous_plan_remainder,1,6,0.9460178017616272,0.040899377316236496
queue,5,10,388,393,2,4,False,previous_plan_remainder,2,7,0.9393026232719421,0.04091200232505798
queue,5,10,389,394,2,4,False,previous_plan_remainder,3,8,0.9377948641777039,0.04092385247349739
queue,5,10,390,395,2,4,False,previous_plan_remainder,4,9,0.9400168657302856,0.04093485325574875
queue,5,10,391,396,2,4,False,previous_plan_remainder,0,5,0.9424470663070679,0.04095609858632088
queue,5,10,392,397,2,4,False,previous_plan_remainder,1,6,0.9502895474433899,0.040963053703308105
queue,5,10,393,398,2,4,False,previous_plan_remainder,2,7,0.9435737729072571,0.04098089039325714
queue,5,10,394,399,2,4,False,previous_plan_remainder,3,8,0.9341230392456055,0.04099278524518013
queue,5,10,395,400,2,4,False,previous_plan_remainder,4,9,0.9179477095603943,0.041010532528162
queue,5,10,396,401,2,4,False,previous_plan_remainder,0,5,0.9074708223342896,0.041027188301086426
queue,5,10,397,402,2,4,False,previous_plan_remainder,1,6,0.8427127599716187,0.041040245443582535
queue,5,10,398,403,2,4,False,previous_plan_remainder,2,7,0.7830068469047546,0.041051968932151794
queue,5,10,399,404,2,4,False,previous_plan_remainder,3,8,0.7282941341400146,0.04106985032558441
queue,5,10,400,405,2,4,False,previous_plan_remainder,4,9,0.679462730884552,0.04108865186572075
queue,5,10,401,406,2,4,False,previous_plan_remainder,0,5,0.6338993906974792,0.04110203683376312
queue,5,10,402,407,2,4,False,previous_plan_remainder,1,6,0.592442512512207,0.04112013801932335
queue,5,10,403,408,2,4,False,previous_plan_remainder,2,7,0.5516913533210754,0.04114139452576637
queue,5,10,404,409,2,4,False,previous_plan_remainder,3,8,0.5101441144943237,0.04116033390164375
queue,5,10,405,410,2,4,False,previous_plan_remainder,4,9,0.4693583548069,0.04117277264595032
queue,5,10,406,411,2,4,False,previous_plan_remainder,0,5,0.4274449944496155,0.041193876415491104
queue,5,10,407,412,2,4,False,previous_plan_remainder,1,6,0.3856221139431,0.041208893060684204
queue,5,10,408,413,2,4,False,previous_plan_remainder,2,7,0.34316325187683105,0.04123007878661156
queue,5,10,409,414,2,4,False,previous_plan_remainder,3,8,0.302908331155777,0.04125240072607994
queue,5,10,410,415,2,4,False,previous_plan_remainder,4,9,0.2642742991447449,0.04125923663377762
queue,5,10,411,416,2,4,False,previous_plan_remainder,0,5,0.22892092168331146,0.041276708245277405
queue,5,10,412,417,2,4,False,previous_plan_remainder,1,6,0.19880250096321106,0.04128359258174896
queue,5,10,413,418,2,4,False,previous_plan_remainder,2,7,0.1716051548719406,0.0412924699485302
queue,5,10,414,419,2,4,False,previous_plan_remainder,3,8,0.14589239656925201,0.04131358489394188
queue,5,10,415,420,2,4,False,previous_plan_remainder,4,9,0.1223548874258995,0.04132520779967308
queue,5,10,416,421,2,4,False,previous_plan_remainder,0,5,0.1064041256904602,0.04133224859833717
queue,5,10,417,422,2,4,False,previous_plan_remainder,1,6,0.09957049787044525,0.041345808655023575
queue,5,10,418,423,2,4,False,previous_plan_remainder,2,7,0.09855533391237259,0.04136544466018677
queue,5,10,419,424,2,4,False,previous_plan_remainder,3,8,0.09880290925502777,0.04137331247329712
queue,5,10,420,425,2,4,False,previous_plan_remainder,4,9,0.09852173179388046,0.04138898849487305
queue,5,10,421,426,2,4,False,previous_plan_remainder,0,5,0.09521313011646271,0.04139815270900726
queue,5,10,422,427,2,4,False,previous_plan_remainder,1,6,0.0934620350599289,0.0414012111723423
queue,5,10,423,428,2,4,False,previous_plan_remainder,2,7,0.09458598494529724,0.041413698345422745
queue,5,10,424,429,2,4,False,previous_plan_remainder,3,8,0.09628184884786606,0.04141349345445633
queue,5,10,425,430,2,4,False,previous_plan_remainder,4,9,0.09729352593421936,0.04143131524324417
queue,5,10,426,431,2,4,False,previous_plan_remainder,0,5,0.09916263818740845,0.04145191237330437
queue,5,10,427,432,2,4,False,previous_plan_remainder,1,6,0.10156909376382828,0.04146096855401993
queue,5,10,428,433,2,4,False,previous_plan_remainder,2,7,0.10240364819765091,0.041477322578430176
queue,5,10,429,434,2,4,False,previous_plan_remainder,3,8,0.10365938395261765,0.041485562920570374
queue,5,10,430,435,2,4,False,previous_plan_remainder,4,9,0.10324598848819733,0.04150087758898735
queue,5,10,431,436,2,4,False,previous_plan_remainder,0,5,0.10250768065452576,0.04151409491896629
queue,5,10,432,437,2,4,False,previous_plan_remainder,1,6,0.1015653908252716,0.041533391922712326
queue,5,10,433,438,2,4,False,previous_plan_remainder,2,7,0.1005282998085022,0.04153800755739212
queue,5,10,434,439,2,4,False,previous_plan_remainder,3,8,0.09877882897853851,0.04154830425977707
queue,5,10,435,440,2,4,False,previous_plan_remainder,4,9,0.09761632233858109,0.04156044125556946
queue,5,10,436,441,2,4,False,previous_plan_remainder,0,5,0.09707166254520416,0.04157043248414993
queue,5,10,437,442,2,4,False,previous_plan_remainder,1,6,0.0971856340765953,0.04157881438732147
queue,5,10,438,443,2,4,False,previous_plan_remainder,2,7,0.09687797725200653,0.04159047454595566
queue,5,10,439,444,2,4,False,previous_plan_remainder,3,8,0.09736177325248718,0.04160088673233986
queue,5,10,440,445,2,4,False,previous_plan_remainder,4,9,0.09687425196170807,0.0416104830801487
queue,5,10,441,446,2,4,False,previous_plan_remainder,0,5,0.09509804099798203,0.0416211262345314
queue,5,10,442,447,2,4,False,previous_plan_remainder,1,6,0.09465015679597855,0.041637688875198364
queue,5,10,443,448,2,4,False,previous_plan_remainder,2,7,0.09524385631084442,0.04164982587099075
queue,5,10,444,449,2,4,False,previous_plan_remainder,3,8,0.0960097685456276,0.04166640341281891
queue,5,10,445,450,2,4,False,previous_plan_remainder,4,9,0.09611959010362625,0.04167870059609413
queue,5,10,446,451,2,4,False,previous_plan_remainder,0,5,0.09698536247015,0.04169618710875511
queue,5,10,447,452,2,4,False,previous_plan_remainder,1,6,0.0977296382188797,0.04170554503798485
queue,5,10,448,453,2,4,False,previous_plan_remainder,2,7,0.09826845675706863,0.04171330854296684
queue,5,10,449,454,2,4,False,previous_plan_remainder,3,8,0.09849916398525238,0.04172230884432793
queue,5,10,450,455,2,4,False,previous_plan_remainder,4,9,0.098060242831707,0.04173135757446289
queue,5,10,451,456,2,4,False,previous_plan_remainder,0,5,0.09737008064985275,0.04173699766397476
queue,5,10,452,457,2,4,False,previous_plan_remainder,1,6,0.09709931164979935,0.04174882173538208
queue,5,10,453,458,2,4,False,previous_plan_remainder,2,7,0.09478812664747238,0.041751399636268616
queue,5,10,454,459,2,4,False,previous_plan_remainder,3,8,0.09334327280521393,0.04175778478384018
queue,5,10,455,460,2,4,False,previous_plan_remainder,4,9,0.09209247678518295,0.0417623445391655
queue,5,10,456,461,2,4,False,previous_plan_remainder,0,5,0.09470801055431366,0.041766371577978134
queue,5,10,457,462,2,4,False,previous_plan_remainder,1,6,0.09913411736488342,0.04176434129476547
queue,5,10,458,463,2,4,False,previous_plan_remainder,2,7,0.09981300681829453,0.04177560284733772
queue,5,10,459,464,2,4,False,previous_plan_remainder,3,8,0.10076109319925308,0.04178162291646004
queue,5,10,460,465,2,4,False,previous_plan_remainder,4,9,0.10211838036775589,0.041791725903749466
queue,5,10,461,466,2,4,False,previous_plan_remainder,0,5,0.09975650161504745,0.04179956018924713
queue,5,10,462,467,2,4,False,previous_plan_remainder,1,6,0.09831152111291885,0.04181081801652908
queue,5,10,463,468,2,4,False,previous_plan_remainder,2,7,0.09756911545991898,0.0418180450797081
queue,5,10,464,469,2,4,False,previous_plan_remainder,3,8,0.09744058549404144,0.04182971268892288
queue,5,10,465,470,2,4,False,previous_plan_remainder,4,9,0.09768342971801758,0.04183366522192955
queue,5,10,466,471,2,4,False,previous_plan_remainder,0,5,0.10068222880363464,0.041844286024570465
queue,5,10,467,472,2,4,False,previous_plan_remainder,1,6,0.10357828438282013,0.0418517030775547
queue,5,10,468,473,2,4,False,previous_plan_remainder,2,7,0.10519980639219284,0.04186142608523369
queue,5,10,469,474,2,4,False,previous_plan_remainder,3,8,0.10504680126905441,0.041873201727867126
queue,5,10,470,475,2,4,False,previous_plan_remainder,4,9,0.10437954217195511,0.04189078137278557
queue,5,10,471,476,2,4,False,previous_plan_remainder,0,5,0.10400594025850296,0.041902706027030945
queue,5,10,472,477,2,4,False,previous_plan_remainder,1,6,0.10359688848257065,0.04192259535193443
queue,5,10,473,478,2,4,False,previous_plan_remainder,2,7,0.10324745625257492,0.041930001229047775
queue,5,10,474,479,2,4,False,previous_plan_remainder,3,8,0.10332237184047699,0.04194933921098709
queue,5,10,475,480,2,4,False,previous_plan_remainder,4,9,0.10352395474910736,0.04195322096347809
queue,5,10,476,481,2,4,False,previous_plan_remainder,0,5,0.10677182674407959,0.04196218401193619
queue,5,10,477,482,2,4,False,previous_plan_remainder,1,6,0.11146572977304459,0.0419699065387249
queue,5,10,478,483,2,4,False,previous_plan_remainder,2,7,0.11518661677837372,0.04198134317994118
queue,5,10,479,484,2,4,False,previous_plan_remainder,3,8,0.11610477417707443,0.04199093207716942
queue,5,10,480,485,2,4,False,previous_plan_remainder,4,9,0.11646662652492523,0.04199337214231491
queue,5,10,481,486,2,4,False,previous_plan_remainder,0,5,0.11555503308773041,0.042011015117168427
queue,5,10,482,487,2,4,False,previous_plan_remainder,1,6,0.11424488574266434,0.04201434180140495
queue,5,10,483,488,2,4,False,previous_plan_remainder,2,7,0.11454173177480698,0.042025696486234665
queue,5,10,484,489,2,4,False,previous_plan_remainder,3,8,0.11592977494001389,0.042037393897771835
queue,5,10,485,490,2,4,False,previous_plan_remainder,4,9,0.11733576655387878,0.042048826813697815
queue,5,10,486,491,2,4,False,previous_plan_remainder,0,5,0.11945728957653046,0.042043618857860565
queue,5,10,487,492,2,4,False,previous_plan_remainder,1,6,0.12479110062122345,0.0420566201210022
queue,5,10,488,493,2,4,False,previous_plan_remainder,2,7,0.1383996158838272,0.04206090793013573
queue,5,10,489,494,2,4,False,previous_plan_remainder,3,8,0.15002314746379852,0.04207128658890724
queue,5,10,490,495,2,4,False,previous_plan_remainder,4,9,0.1743355542421341,0.042069848626852036
queue,5,10,491,496,2,4,False,previous_plan_remainder,0,5,0.15947742760181427,0.04207949340343475
queue,5,10,492,497,2,4,False,previous_plan_remainder,1,6,0.14731989800930023,0.04208529740571976
queue,5,10,493,498,2,4,False,previous_plan_remainder,2,7,0.13999037444591522,0.04210459813475609
queue,5,10,494,499,2,4,False,previous_plan_remainder,3,8,0.1367541402578354,0.04211356118321419
queue,5,10,495,500,2,4,False,previous_plan_remainder,4,9,0.1358407884836197,0.04212862253189087
queue,5,10,496,501,2,4,False,previous_plan_remainder,0,5,0.1585906445980072,0.042140744626522064
queue,5,10,497,502,2,4,False,previous_plan_remainder,1,6,0.19340309500694275,0.042162928730249405
queue,5,10,498,503,2,4,False,previous_plan_remainder,2,7,0.23390012979507446,0.04216942936182022
queue,5,10,499,504,2,4,False,previous_plan_remainder,3,8,0.26965460181236267,0.04218243062496185
queue,5,10,500,505,2,4,False,previous_plan_remainder,4,9,0.3016846776008606,0.04219146817922592
queue,5,10,501,506,2,4,False,previous_plan_remainder,0,5,0.2629075348377228,0.042202822864055634
queue,5,10,502,507,2,4,False,previous_plan_remainder,1,6,0.2057834267616272,0.04221219941973686
queue,5,10,503,508,2,4,False,previous_plan_remainder,2,7,0.18576888740062714,0.04223763570189476
queue,5,10,504,509,2,4,False,previous_plan_remainder,3,8,0.17889945209026337,0.04225509613752365
queue,5,10,505,510,2,4,False,previous_plan_remainder,4,9,0.17502586543560028,0.042276401072740555
queue,5,10,506,511,2,4,False,previous_plan_remainder,0,5,0.18738603591918945,0.042288389056921005
queue,5,10,507,512,2,4,False,previous_plan_remainder,1,6,0.2201322615146637,0.04229850694537163
queue,5,10,508,513,2,4,False,previous_plan_remainder,2,7,0.260672390460968,0.04231812432408333
queue,5,10,509,514,2,4,False,previous_plan_remainder,3,8,0.3024069368839264,0.04233616963028908
queue,5,10,510,515,2,4,False,previous_plan_remainder,4,9,0.33727502822875977,0.04235472157597542
queue,5,10,511,516,2,4,False,previous_plan_remainder,0,5,0.33666282892227173,0.04237300157546997
queue,5,10,512,517,2,4,False,previous_plan_remainder,1,6,0.3264112174510956,0.042391639202833176
queue,5,10,513,518,2,4,False,previous_plan_remainder,2,7,0.32193896174430847,0.042404141277074814
queue,5,10,514,519,2,4,False,previous_plan_remainder,3,8,0.3242303431034088,0.042414017021656036
queue,5,10,515,520,2,4,False,previous_plan_remainder,4,9,0.33125603199005127,0.04242576286196709
queue,5,10,516,521,2,4,False,previous_plan_remainder,0,5,0.3612648844718933,0.04244113713502884
queue,5,10,517,522,2,4,False,previous_plan_remainder,1,6,0.39716440439224243,0.04244605824351311
queue,5,10,518,523,2,4,False,previous_plan_remainder,2,7,0.434142529964447,0.04245627298951149
queue,5,10,519,524,2,4,False,previous_plan_remainder,3,8,0.464395672082901,0.04246437922120094
queue,5,10,520,525,2,4,False,previous_plan_remainder,4,9,0.48970916867256165,0.042482662945985794
queue,5,10,521,526,2,4,False,previous_plan_remainder,0,5,0.49089163541793823,0.042496707290410995
queue,5,10,522,527,2,4,False,previous_plan_remainder,1,6,0.48105838894844055,0.04251592233777046
queue,5,10,523,528,2,4,False,previous_plan_remainder,2,7,0.46881303191185,0.04253137484192848
queue,5,10,524,529,2,4,False,previous_plan_remainder,3,8,0.4640882611274719,0.04254965856671333
queue,5,10,525,530,2,4,False,previous_plan_remainder,4,9,0.46710583567619324,0.04256123676896095
queue,5,10,526,531,2,4,False,previous_plan_remainder,0,5,0.47148042917251587,0.04257635772228241
queue,5,10,527,532,2,4,False,previous_plan_remainder,1,6,0.4780611991882324,0.04258802533149719
queue,5,10,528,533,2,4,False,previous_plan_remainder,2,7,0.48998889327049255,0.04260357469320297
queue,5,10,529,534,2,4,False,previous_plan_remainder,3,8,0.4937094748020172,0.04261861369013786
queue,5,10,530,535,2,4,False,previous_plan_remainder,4,9,0.4935825765132904,0.04263300448656082
queue,5,10,531,536,2,4,False,previous_plan_remainder,0,5,0.5012139081954956,0.04264814406633377
queue,5,10,532,537,2,4,False,previous_plan_remainder,1,6,0.5125518441200256,0.042672254145145416
queue,5,10,533,538,2,4,False,previous_plan_remainder,2,7,0.5205209851264954,0.04269298538565636
queue,5,10,534,539,2,4,False,previous_plan_remainder,3,8,0.5280441641807556,0.04271005094051361
queue,5,10,535,540,2,4,False,previous_plan_remainder,4,9,0.5323746204376221,0.04273446276783943
queue,5,10,536,541,2,4,False,previous_plan_remainder,0,5,0.5329064726829529,0.042773425579071045
queue,5,10,537,542,2,4,False,previous_plan_remainder,1,6,0.5314202308654785,0.04280214384198189
queue,5,10,538,543,2,4,False,previous_plan_remainder,2,7,0.5351905822753906,0.042825937271118164
queue,5,10,539,544,2,4,False,previous_plan_remainder,3,8,0.5479611754417419,0.042851123958826065
queue,5,10,540,545,2,4,False,previous_plan_remainder,4,9,0.5599071383476257,0.04287858307361603
queue,5,10,541,546,2,4,False,previous_plan_remainder,0,5,0.5528357625007629,0.042894572019577026
queue,5,10,542,547,2,4,False,previous_plan_remainder,1,6,0.5581728219985962,0.04292292520403862
queue,5,10,543,548,2,4,False,previous_plan_remainder,2,7,0.570901095867157,0.04294902831315994
queue,5,10,544,549,2,4,False,previous_plan_remainder,3,8,0.5772125720977783,0.04297468066215515
queue,5,10,545,550,2,4,False,previous_plan_remainder,4,9,0.5869389176368713,0.04299719259142876
queue,5,10,546,551,2,4,False,previous_plan_remainder,0,5,0.5914502739906311,0.043032556772232056
queue,5,10,547,552,2,4,False,previous_plan_remainder,1,6,0.5755552053451538,0.04306294023990631
queue,5,10,548,553,2,4,False,previous_plan_remainder,2,7,0.560693085193634,0.043090466409921646
queue,5,10,549,554,2,4,False,previous_plan_remainder,3,8,0.5527649521827698,0.043109603226184845
queue,5,10,550,555,2,4,False,previous_plan_remainder,4,9,0.5673438906669617,0.04313031584024429
queue,5,10,551,556,2,4,False,previous_plan_remainder,0,5,0.5731385946273804,0.043156642466783524
queue,5,10,552,557,2,4,False,previous_plan_remainder,1,6,0.5797826647758484,0.04318010061979294
queue,5,10,553,558,2,4,False,previous_plan_remainder,2,7,0.5965362787246704,0.043205376714468
queue,5,10,554,559,2,4,False,previous_plan_remainder,3,8,0.6185274720191956,0.04323330521583557
queue,5,10,555,560,2,4,False,previous_plan_remainder,4,9,0.6385951042175293,0.043262843042612076
queue,5,10,556,561,2,4,False,previous_plan_remainder,0,5,0.6762750744819641,0.04329695552587509
queue,5,10,557,562,2,4,False,previous_plan_remainder,1,6,0.7144649028778076,0.043329861015081406
queue,5,10,558,563,2,4,False,previous_plan_remainder,2,7,0.7499684691429138,0.04335184767842293
queue,5,10,559,564,2,4,False,previous_plan_remainder,3,8,0.7835543751716614,0.043380726128816605
queue,5,10,560,565,2,4,False,previous_plan_remainder,4,9,0.8097468018531799,0.04341311752796173
queue,5,10,561,566,2,4,False,previous_plan_remainder,0,5,0.795081615447998,0.043440334498882294
queue,5,10,562,567,2,4,False,previous_plan_remainder,1,6,0.7825047969818115,0.04346241056919098
queue,5,10,563,568,2,4,False,previous_plan_remainder,2,7,0.7900134325027466,0.04348581284284592
queue,5,10,564,569,2,4,False,previous_plan_remainder,3,8,0.7985444068908691,0.04351281374692917
queue,5,10,565,570,2,4,False,previous_plan_remainder,4,9,0.8065436482429504,0.04354246333241463
queue,5,10,566,571,2,4,False,previous_plan_remainder,0,5,0.8431814312934875,0.04357346147298813
queue,5,10,567,572,2,4,False,previous_plan_remainder,1,6,0.8865402936935425,0.04359215870499611
queue,5,10,568,573,2,4,False,previous_plan_remainder,2,7,0.9246147871017456,0.04362636059522629
queue,5,10,569,574,2,4,False,previous_plan_remainder,3,8,0.951015830039978,0.04364607110619545
queue,5,10,570,575,2,4,False,previous_plan_remainder,4,9,0.9800330996513367,0.0436602383852005
queue,5,10,571,576,2,4,False,previous_plan_remainder,0,5,0.9758391380310059,0.04368403181433678
queue,5,10,572,577,2,4,False,previous_plan_remainder,1,6,0.9569923281669617,0.04371015727519989
queue,5,10,573,578,2,4,False,previous_plan_remainder,2,7,0.9408277869224548,0.04372513294219971
queue,5,10,574,579,2,4,False,previous_plan_remainder,3,8,0.9141707420349121,0.043748099356889725
queue,5,10,575,580,2,4,False,previous_plan_remainder,4,9,0.8806443214416504,0.04376421496272087
queue,5,10,576,581,2,4,False,previous_plan_remainder,0,5,0.9013938903808594,0.0437888465821743
queue,5,10,577,582,2,4,False,previous_plan_remainder,1,6,0.9258129596710205,0.04380191117525101
queue,5,10,578,583,2,4,False,previous_plan_remainder,2,7,0.944440484046936,0.04382287338376045
queue,5,10,579,584,2,4,False,previous_plan_remainder,3,8,0.947478175163269,0.04384797066450119
queue,5,10,580,585,2,4,False,previous_plan_remainder,4,9,0.9050024151802063,0.04386793449521065
queue,5,10,581,586,2,4,False,previous_plan_remainder,0,5,0.8666773438453674,0.04388004168868065
queue,5,10,582,587,2,4,False,previous_plan_remainder,1,6,0.8168590068817139,0.04389678314328194
queue,5,10,583,588,2,4,False,previous_plan_remainder,2,7,0.770367443561554,0.043907783925533295
queue,5,10,584,589,2,4,False,previous_plan_remainder,3,8,0.7170935869216919,0.04392506182193756
queue,5,10,585,590,2,4,False,previous_plan_remainder,4,9,0.6669098734855652,0.04395556449890137
queue,5,10,586,591,2,4,False,previous_plan_remainder,0,5,0.621756911277771,0.043984610587358475
queue,5,10,587,592,2,4,False,previous_plan_remainder,1,6,0.5769871473312378,0.04401291906833649
queue,5,10,588,593,2,4,False,previous_plan_remainder,2,7,0.5367094874382019,0.04402977228164673
queue,5,10,589,594,2,4,False,previous_plan_remainder,3,8,0.4980548322200775,0.04406591132283211
queue,5,10,590,595,2,4,False,previous_plan_remainder,4,9,0.45889681577682495,0.04410087689757347
queue,5,10,591,596,2,4,False,previous_plan_remainder,0,5,0.42143309116363525,0.044135723263025284
queue,5,10,592,597,2,4,False,previous_plan_remainder,1,6,0.3863646984100342,0.04417114332318306
queue,5,10,593,598,2,4,False,previous_plan_remainder,2,7,0.35208234190940857,0.04420531541109085
queue,5,10,594,599,2,4,False,previous_plan_remainder,3,8,0.3162975609302521,0.044242870062589645
queue,5,10,595,600,2,4,False,previous_plan_remainder,4,9,0.2807442843914032,0.04428622126579285
cached_h50,10,,1,11,2,4,False,cached_h50,,,,
cached_h50,10,,2,12,2,4,False,cached_h50,,,,
cached_h50,10,,3,13,2,4,False,cached_h50,,,,
cached_h50,10,,4,14,2,4,False,cached_h50,,,,
cached_h50,10,,5,15,2,4,False,cached_h50,,,,
cached_h50,10,,6,16,2,4,False,cached_h50,,,,
cached_h50,10,,7,17,2,4,False,cached_h50,,,,
cached_h50,10,,8,18,2,4,False,cached_h50,,,,
cached_h50,10,,9,19,2,4,False,cached_h50,,,,
cached_h50,10,,10,20,2,4,False,cached_h50,,,,
cached_h50,10,,11,21,2,4,False,cached_h50,,,,
cached_h50,10,,12,22,2,4,False,cached_h50,,,,
cached_h50,10,,13,23,2,4,False,cached_h50,,,,
cached_h50,10,,14,24,2,4,False,cached_h50,,,,
cached_h50,10,,15,25,2,4,False,cached_h50,,,,
cached_h50,10,,16,26,2,4,False,cached_h50,,,,
cached_h50,10,,17,27,2,4,False,cached_h50,,,,
cached_h50,10,,18,28,2,4,False,cached_h50,,,,
cached_h50,10,,19,29,2,4,False,cached_h50,,,,
cached_h50,10,,20,30,2,4,False,cached_h50,,,,
cached_h50,10,,21,31,2,4,False,cached_h50,,,,
cached_h50,10,,22,32,2,4,False,cached_h50,,,,
cached_h50,10,,23,33,2,4,False,cached_h50,,,,
cached_h50,10,,24,34,2,4,False,cached_h50,,,,
cached_h50,10,,25,35,2,4,False,cached_h50,,,,
cached_h50,10,,26,36,2,4,False,cached_h50,,,,
cached_h50,10,,27,37,2,4,False,cached_h50,,,,
cached_h50,10,,28,38,2,4,False,cached_h50,,,,
cached_h50,10,,29,39,2,4,False,cached_h50,,,,
cached_h50,10,,30,40,2,4,False,cached_h50,,,,
cached_h50,10,,31,41,2,4,False,cached_h50,,,,
cached_h50,10,,32,42,2,4,False,cached_h50,,,,
cached_h50,10,,33,43,2,4,False,cached_h50,,,,
cached_h50,10,,34,44,2,4,False,cached_h50,,,,
cached_h50,10,,35,45,2,4,False,cached_h50,,,,
cached_h50,10,,36,46,2,4,False,cached_h50,,,,
cached_h50,10,,37,47,2,4,False,cached_h50,,,,
cached_h50,10,,38,48,2,4,False,cached_h50,,,,
cached_h50,10,,39,49,2,4,False,cached_h50,,,,
cached_h50,10,,40,50,2,4,False,cached_h50,,,,
cached_h50,10,,41,51,2,4,False,cached_h50,,,,
cached_h50,10,,42,52,2,4,False,cached_h50,,,,
cached_h50,10,,43,53,2,4,False,cached_h50,,,,
cached_h50,10,,44,54,2,4,False,cached_h50,,,,
cached_h50,10,,45,55,2,4,False,cached_h50,,,,
cached_h50,10,,46,56,2,4,False,cached_h50,,,,
cached_h50,10,,47,57,2,4,False,cached_h50,,,,
cached_h50,10,,48,58,2,4,False,cached_h50,,,,
cached_h50,10,,49,59,2,4,False,cached_h50,,,,
cached_h50,10,,50,60,2,4,False,cached_h50,,,,
cached_h50,10,,51,61,2,4,False,cached_h50,,,,
cached_h50,10,,52,62,2,4,False,cached_h50,,,,
cached_h50,10,,53,63,2,4,False,cached_h50,,,,
cached_h50,10,,54,64,2,4,False,cached_h50,,,,
cached_h50,10,,55,65,2,4,False,cached_h50,,,,
cached_h50,10,,56,66,2,4,False,cached_h50,,,,
cached_h50,10,,57,67,2,4,False,cached_h50,,,,
cached_h50,10,,58,68,2,4,False,cached_h50,,,,
cached_h50,10,,59,69,2,4,False,cached_h50,,,,
cached_h50,10,,60,70,2,4,False,cached_h50,,,,
cached_h50,10,,61,71,2,4,False,cached_h50,,,,
cached_h50,10,,62,72,2,4,False,cached_h50,,,,
cached_h50,10,,63,73,2,4,False,cached_h50,,,,
cached_h50,10,,64,74,2,4,False,cached_h50,,,,
cached_h50,10,,65,75,2,4,False,cached_h50,,,,
cached_h50,10,,66,76,2,4,False,cached_h50,,,,
cached_h50,10,,67,77,2,4,False,cached_h50,,,,
cached_h50,10,,68,78,2,4,False,cached_h50,,,,
cached_h50,10,,69,79,2,4,False,cached_h50,,,,
cached_h50,10,,70,80,2,4,False,cached_h50,,,,
cached_h50,10,,71,81,2,4,False,cached_h50,,,,
cached_h50,10,,72,82,2,4,False,cached_h50,,,,
cached_h50,10,,73,83,2,4,False,cached_h50,,,,
cached_h50,10,,74,84,2,4,False,cached_h50,,,,
cached_h50,10,,75,85,2,4,False,cached_h50,,,,
cached_h50,10,,76,86,2,4,False,cached_h50,,,,
cached_h50,10,,77,87,2,4,False,cached_h50,,,,
cached_h50,10,,78,88,2,4,False,cached_h50,,,,
cached_h50,10,,79,89,2,4,False,cached_h50,,,,
cached_h50,10,,80,90,2,4,False,cached_h50,,,,
cached_h50,10,,81,91,2,4,False,cached_h50,,,,
cached_h50,10,,82,92,2,4,False,cached_h50,,,,
cached_h50,10,,83,93,2,4,False,cached_h50,,,,
cached_h50,10,,84,94,2,4,False,cached_h50,,,,
cached_h50,10,,85,95,2,4,False,cached_h50,,,,
cached_h50,10,,86,96,2,4,False,cached_h50,,,,
cached_h50,10,,87,97,2,4,False,cached_h50,,,,
cached_h50,10,,88,98,2,4,False,cached_h50,,,,
cached_h50,10,,89,99,2,4,False,cached_h50,,,,
cached_h50,10,,90,100,2,4,False,cached_h50,,,,
cached_h50,10,,91,101,3,4,False,cached_h50,,,,
cached_h50,10,,92,102,3,4,False,cached_h50,,,,
cached_h50,10,,93,103,3,4,False,cached_h50,,,,
cached_h50,10,,94,104,3,4,False,cached_h50,,,,
cached_h50,10,,95,105,3,4,False,cached_h50,,,,
cached_h50,10,,96,106,3,4,False,cached_h50,,,,
cached_h50,10,,97,107,3,4,False,cached_h50,,,,
cached_h50,10,,98,108,3,4,False,cached_h50,,,,
cached_h50,10,,99,109,3,4,False,cached_h50,,,,
cached_h50,10,,100,110,3,4,False,cached_h50,,,,
cached_h50,10,,101,111,3,4,False,cached_h50,,,,
cached_h50,10,,102,112,3,4,False,cached_h50,,,,
cached_h50,10,,103,113,3,4,False,cached_h50,,,,
cached_h50,10,,104,114,3,4,False,cached_h50,,,,
cached_h50,10,,105,115,4,4,True,cached_h50,,,,
cached_h50,10,,106,116,4,4,True,cached_h50,,,,
cached_h50,10,,107,117,4,4,True,cached_h50,,,,
cached_h50,10,,108,118,4,4,True,cached_h50,,,,
cached_h50,10,,109,119,4,4,True,cached_h50,,,,
cached_h50,10,,110,120,4,4,True,cached_h50,,,,
cached_h50,10,,111,121,4,4,True,cached_h50,,,,
cached_h50,10,,112,122,4,4,True,cached_h50,,,,
cached_h50,10,,113,123,4,4,True,cached_h50,,,,
cached_h50,10,,114,124,4,4,True,cached_h50,,,,
cached_h50,10,,115,125,4,4,True,cached_h50,,,,
cached_h50,10,,116,126,4,4,True,cached_h50,,,,
cached_h50,10,,117,127,4,4,True,cached_h50,,,,
cached_h50,10,,118,128,4,4,True,cached_h50,,,,
cached_h50,10,,119,129,4,4,True,cached_h50,,,,
cached_h50,10,,120,130,4,4,True,cached_h50,,,,
cached_h50,10,,121,131,4,4,True,cached_h50,,,,
cached_h50,10,,122,132,4,4,True,cached_h50,,,,
cached_h50,10,,123,133,4,4,True,cached_h50,,,,
cached_h50,10,,124,134,4,4,True,cached_h50,,,,
cached_h50,10,,125,135,4,4,True,cached_h50,,,,
cached_h50,10,,126,136,4,4,True,cached_h50,,,,
cached_h50,10,,127,137,4,4,True,cached_h50,,,,
cached_h50,10,,128,138,4,4,True,cached_h50,,,,
cached_h50,10,,129,139,4,4,True,cached_h50,,,,
cached_h50,10,,130,140,4,4,True,cached_h50,,,,
cached_h50,10,,131,141,4,4,True,cached_h50,,,,
cached_h50,10,,132,142,4,4,True,cached_h50,,,,
cached_h50,10,,133,143,4,4,True,cached_h50,,,,
cached_h50,10,,134,144,4,4,True,cached_h50,,,,
cached_h50,10,,135,145,4,4,True,cached_h50,,,,
cached_h50,10,,136,146,4,4,True,cached_h50,,,,
cached_h50,10,,137,147,4,4,True,cached_h50,,,,
cached_h50,10,,138,148,4,4,True,cached_h50,,,,
cached_h50,10,,139,149,4,4,True,cached_h50,,,,
cached_h50,10,,140,150,4,4,True,cached_h50,,,,
cached_h50,10,,141,151,4,4,True,cached_h50,,,,
cached_h50,10,,142,152,4,4,True,cached_h50,,,,
cached_h50,10,,143,153,4,4,True,cached_h50,,,,
cached_h50,10,,144,154,4,4,True,cached_h50,,,,
cached_h50,10,,145,155,4,4,True,cached_h50,,,,
cached_h50,10,,146,156,4,4,True,cached_h50,,,,
cached_h50,10,,147,157,4,4,True,cached_h50,,,,
cached_h50,10,,148,158,4,4,True,cached_h50,,,,
cached_h50,10,,149,159,4,4,True,cached_h50,,,,
cached_h50,10,,150,160,4,4,True,cached_h50,,,,
cached_h50,10,,151,161,4,4,True,cached_h50,,,,
cached_h50,10,,152,162,4,4,True,cached_h50,,,,
cached_h50,10,,153,163,4,4,True,cached_h50,,,,
cached_h50,10,,154,164,4,4,True,cached_h50,,,,
cached_h50,10,,155,165,4,4,True,cached_h50,,,,
cached_h50,10,,156,166,4,4,True,cached_h50,,,,
cached_h50,10,,157,167,4,4,True,cached_h50,,,,
cached_h50,10,,158,168,4,4,True,cached_h50,,,,
cached_h50,10,,159,169,4,4,True,cached_h50,,,,
cached_h50,10,,160,170,4,4,True,cached_h50,,,,
cached_h50,10,,161,171,4,4,True,cached_h50,,,,
cached_h50,10,,162,172,4,4,True,cached_h50,,,,
cached_h50,10,,163,173,4,4,True,cached_h50,,,,
cached_h50,10,,164,174,4,4,True,cached_h50,,,,
cached_h50,10,,165,175,4,4,True,cached_h50,,,,
cached_h50,10,,166,176,4,4,True,cached_h50,,,,
cached_h50,10,,167,177,4,4,True,cached_h50,,,,
cached_h50,10,,168,178,4,4,True,cached_h50,,,,
cached_h50,10,,169,179,4,4,True,cached_h50,,,,
cached_h50,10,,170,180,4,4,True,cached_h50,,,,
cached_h50,10,,171,181,4,4,True,cached_h50,,,,
cached_h50,10,,172,182,4,4,True,cached_h50,,,,
cached_h50,10,,173,183,4,4,True,cached_h50,,,,
cached_h50,10,,174,184,4,4,True,cached_h50,,,,
cached_h50,10,,175,185,4,4,True,cached_h50,,,,
cached_h50,10,,176,186,4,4,True,cached_h50,,,,
cached_h50,10,,177,187,4,4,True,cached_h50,,,,
cached_h50,10,,178,188,4,4,True,cached_h50,,,,
cached_h50,10,,179,189,4,4,True,cached_h50,,,,
cached_h50,10,,180,190,4,4,True,cached_h50,,,,
cached_h50,10,,181,191,4,4,True,cached_h50,,,,
cached_h50,10,,182,192,4,4,True,cached_h50,,,,
cached_h50,10,,183,193,4,4,True,cached_h50,,,,
cached_h50,10,,184,194,4,4,True,cached_h50,,,,
cached_h50,10,,185,195,4,4,True,cached_h50,,,,
cached_h50,10,,186,196,4,4,True,cached_h50,,,,
cached_h50,10,,187,197,4,4,True,cached_h50,,,,
cached_h50,10,,188,198,4,4,True,cached_h50,,,,
cached_h50,10,,189,199,4,4,True,cached_h50,,,,
cached_h50,10,,190,200,4,4,True,cached_h50,,,,
cached_h50,10,,191,201,4,4,True,cached_h50,,,,
cached_h50,10,,192,202,4,4,True,cached_h50,,,,
cached_h50,10,,193,203,4,4,True,cached_h50,,,,
cached_h50,10,,194,204,4,4,True,cached_h50,,,,
cached_h50,10,,195,205,4,4,True,cached_h50,,,,
cached_h50,10,,196,206,4,4,True,cached_h50,,,,
cached_h50,10,,197,207,4,4,True,cached_h50,,,,
cached_h50,10,,198,208,4,4,True,cached_h50,,,,
cached_h50,10,,199,209,4,4,True,cached_h50,,,,
cached_h50,10,,200,210,4,4,True,cached_h50,,,,
cached_h50,10,,201,211,4,4,True,cached_h50,,,,
cached_h50,10,,202,212,4,4,True,cached_h50,,,,
cached_h50,10,,203,213,4,4,True,cached_h50,,,,
cached_h50,10,,204,214,4,4,True,cached_h50,,,,
cached_h50,10,,205,215,4,4,True,cached_h50,,,,
cached_h50,10,,206,216,4,4,True,cached_h50,,,,
cached_h50,10,,207,217,4,4,True,cached_h50,,,,
cached_h50,10,,208,218,4,4,True,cached_h50,,,,
cached_h50,10,,209,219,4,4,True,cached_h50,,,,
cached_h50,10,,210,220,4,4,True,cached_h50,,,,
cached_h50,10,,211,221,4,4,True,cached_h50,,,,
cached_h50,10,,212,222,4,4,True,cached_h50,,,,
cached_h50,10,,213,223,4,4,True,cached_h50,,,,
cached_h50,10,,214,224,4,4,True,cached_h50,,,,
cached_h50,10,,215,225,4,4,True,cached_h50,,,,
cached_h50,10,,216,226,4,4,True,cached_h50,,,,
cached_h50,10,,217,227,4,4,True,cached_h50,,,,
cached_h50,10,,218,228,4,4,True,cached_h50,,,,
cached_h50,10,,219,229,4,4,True,cached_h50,,,,
cached_h50,10,,220,230,4,4,True,cached_h50,,,,
cached_h50,10,,221,231,4,4,True,cached_h50,,,,
cached_h50,10,,222,232,4,4,True,cached_h50,,,,
cached_h50,10,,223,233,4,4,True,cached_h50,,,,
cached_h50,10,,224,234,4,4,True,cached_h50,,,,
cached_h50,10,,225,235,4,4,True,cached_h50,,,,
cached_h50,10,,226,236,4,4,True,cached_h50,,,,
cached_h50,10,,227,237,4,4,True,cached_h50,,,,
cached_h50,10,,228,238,4,4,True,cached_h50,,,,
cached_h50,10,,229,239,4,4,True,cached_h50,,,,
cached_h50,10,,230,240,4,4,True,cached_h50,,,,
cached_h50,10,,231,241,4,4,True,cached_h50,,,,
cached_h50,10,,232,242,4,4,True,cached_h50,,,,
cached_h50,10,,233,243,4,4,True,cached_h50,,,,
cached_h50,10,,234,244,4,4,True,cached_h50,,,,
cached_h50,10,,235,245,4,4,True,cached_h50,,,,
cached_h50,10,,236,246,4,4,True,cached_h50,,,,
cached_h50,10,,237,247,4,4,True,cached_h50,,,,
cached_h50,10,,238,248,4,4,True,cached_h50,,,,
cached_h50,10,,239,249,4,4,True,cached_h50,,,,
cached_h50,10,,240,250,4,4,True,cached_h50,,,,
cached_h50,10,,241,251,4,4,True,cached_h50,,,,
cached_h50,10,,242,252,4,4,True,cached_h50,,,,
cached_h50,10,,243,253,4,4,True,cached_h50,,,,
cached_h50,10,,244,254,4,4,True,cached_h50,,,,
cached_h50,10,,245,255,4,4,True,cached_h50,,,,
cached_h50,10,,246,256,4,4,True,cached_h50,,,,
cached_h50,10,,247,257,4,4,True,cached_h50,,,,
cached_h50,10,,248,258,4,4,True,cached_h50,,,,
cached_h50,10,,249,259,4,4,True,cached_h50,,,,
cached_h50,10,,250,260,4,4,True,cached_h50,,,,
cached_h50,10,,251,261,4,4,True,cached_h50,,,,
cached_h50,10,,252,262,4,4,True,cached_h50,,,,
cached_h50,10,,253,263,4,4,True,cached_h50,,,,
cached_h50,10,,254,264,4,4,True,cached_h50,,,,
cached_h50,10,,255,265,4,4,True,cached_h50,,,,
cached_h50,10,,256,266,4,4,True,cached_h50,,,,
cached_h50,10,,257,267,4,4,True,cached_h50,,,,
cached_h50,10,,258,268,4,4,True,cached_h50,,,,
cached_h50,10,,259,269,4,4,True,cached_h50,,,,
cached_h50,10,,260,270,4,4,True,cached_h50,,,,
cached_h50,10,,261,271,4,4,True,cached_h50,,,,
cached_h50,10,,262,272,4,4,True,cached_h50,,,,
cached_h50,10,,263,273,4,4,True,cached_h50,,,,
cached_h50,10,,264,274,4,4,True,cached_h50,,,,
cached_h50,10,,265,275,4,4,True,cached_h50,,,,
cached_h50,10,,266,276,4,4,True,cached_h50,,,,
cached_h50,10,,267,277,4,4,True,cached_h50,,,,
cached_h50,10,,268,278,4,4,True,cached_h50,,,,
cached_h50,10,,269,279,4,4,True,cached_h50,,,,
cached_h50,10,,270,280,4,4,True,cached_h50,,,,
cached_h50,10,,271,281,4,4,True,cached_h50,,,,
cached_h50,10,,272,282,4,4,True,cached_h50,,,,
cached_h50,10,,273,283,4,4,True,cached_h50,,,,
cached_h50,10,,274,284,4,4,True,cached_h50,,,,
cached_h50,10,,275,285,4,4,True,cached_h50,,,,
cached_h50,10,,276,286,4,4,True,cached_h50,,,,
cached_h50,10,,277,287,4,4,True,cached_h50,,,,
cached_h50,10,,278,288,4,4,True,cached_h50,,,,
cached_h50,10,,279,289,4,4,True,cached_h50,,,,
cached_h50,10,,280,290,4,4,True,cached_h50,,,,
cached_h50,10,,281,291,4,4,True,cached_h50,,,,
cached_h50,10,,282,292,4,4,True,cached_h50,,,,
cached_h50,10,,283,293,4,4,True,cached_h50,,,,
cached_h50,10,,284,294,4,4,True,cached_h50,,,,
cached_h50,10,,285,295,4,4,True,cached_h50,,,,
cached_h50,10,,286,296,4,4,True,cached_h50,,,,
cached_h50,10,,287,297,4,4,True,cached_h50,,,,
cached_h50,10,,288,298,4,4,True,cached_h50,,,,
cached_h50,10,,289,299,4,4,True,cached_h50,,,,
cached_h50,10,,290,300,4,4,True,cached_h50,,,,
cached_h50,10,,291,301,4,4,True,cached_h50,,,,
cached_h50,10,,292,302,4,4,True,cached_h50,,,,
cached_h50,10,,293,303,4,4,True,cached_h50,,,,
cached_h50,10,,294,304,4,4,True,cached_h50,,,,
cached_h50,10,,295,305,4,4,True,cached_h50,,,,
cached_h50,10,,296,306,4,4,True,cached_h50,,,,
cached_h50,10,,297,307,4,4,True,cached_h50,,,,
cached_h50,10,,298,308,4,4,True,cached_h50,,,,
cached_h50,10,,299,309,4,4,True,cached_h50,,,,
cached_h50,10,,300,310,4,4,True,cached_h50,,,,
cached_h50,10,,301,311,4,4,True,cached_h50,,,,
cached_h50,10,,302,312,4,4,True,cached_h50,,,,
cached_h50,10,,303,313,4,4,True,cached_h50,,,,
cached_h50,10,,304,314,4,4,True,cached_h50,,,,
cached_h50,10,,305,315,4,4,True,cached_h50,,,,
cached_h50,10,,306,316,4,4,True,cached_h50,,,,
cached_h50,10,,307,317,4,4,True,cached_h50,,,,
cached_h50,10,,308,318,4,4,True,cached_h50,,,,
cached_h50,10,,309,319,4,4,True,cached_h50,,,,
cached_h50,10,,310,320,4,4,True,cached_h50,,,,
cached_h50,10,,311,321,4,4,True,cached_h50,,,,
cached_h50,10,,312,322,4,4,True,cached_h50,,,,
cached_h50,10,,313,323,4,4,True,cached_h50,,,,
cached_h50,10,,314,324,4,4,True,cached_h50,,,,
cached_h50,10,,315,325,4,4,True,cached_h50,,,,
cached_h50,10,,316,326,4,4,True,cached_h50,,,,
cached_h50,10,,317,327,4,4,True,cached_h50,,,,
cached_h50,10,,318,328,4,4,True,cached_h50,,,,
cached_h50,10,,319,329,4,4,True,cached_h50,,,,
cached_h50,10,,320,330,4,4,True,cached_h50,,,,
cached_h50,10,,321,331,4,4,True,cached_h50,,,,
cached_h50,10,,322,332,4,4,True,cached_h50,,,,
cached_h50,10,,323,333,4,4,True,cached_h50,,,,
cached_h50,10,,324,334,4,4,True,cached_h50,,,,
cached_h50,10,,325,335,4,4,True,cached_h50,,,,
cached_h50,10,,326,336,4,4,True,cached_h50,,,,
cached_h50,10,,327,337,4,4,True,cached_h50,,,,
cached_h50,10,,328,338,4,4,True,cached_h50,,,,
cached_h50,10,,329,339,4,4,True,cached_h50,,,,
cached_h50,10,,330,340,4,4,True,cached_h50,,,,
cached_h50,10,,331,341,4,4,True,cached_h50,,,,
cached_h50,10,,332,342,4,4,True,cached_h50,,,,
cached_h50,10,,333,343,4,4,True,cached_h50,,,,
cached_h50,10,,334,344,4,4,True,cached_h50,,,,
cached_h50,10,,335,345,4,4,True,cached_h50,,,,
cached_h50,10,,336,346,4,4,True,cached_h50,,,,
cached_h50,10,,337,347,4,4,True,cached_h50,,,,
cached_h50,10,,338,348,4,4,True,cached_h50,,,,
cached_h50,10,,339,349,4,4,True,cached_h50,,,,
cached_h50,10,,340,350,4,4,True,cached_h50,,,,
cached_h50,10,,341,351,4,4,True,cached_h50,,,,
cached_h50,10,,342,352,4,4,True,cached_h50,,,,
cached_h50,10,,343,353,4,4,True,cached_h50,,,,
cached_h50,10,,344,354,4,4,True,cached_h50,,,,
cached_h50,10,,345,355,4,4,True,cached_h50,,,,
cached_h50,10,,346,356,4,4,True,cached_h50,,,,
cached_h50,10,,347,357,4,4,True,cached_h50,,,,
cached_h50,10,,348,358,4,4,True,cached_h50,,,,
cached_h50,10,,349,359,4,4,True,cached_h50,,,,
cached_h50,10,,350,360,4,4,True,cached_h50,,,,
cached_h50,10,,351,361,4,4,True,cached_h50,,,,
cached_h50,10,,352,362,4,4,True,cached_h50,,,,
cached_h50,10,,353,363,4,4,True,cached_h50,,,,
cached_h50,10,,354,364,4,4,True,cached_h50,,,,
cached_h50,10,,355,365,4,4,True,cached_h50,,,,
cached_h50,10,,356,366,4,4,True,cached_h50,,,,
cached_h50,10,,357,367,4,4,True,cached_h50,,,,
cached_h50,10,,358,368,4,4,True,cached_h50,,,,
cached_h50,10,,359,369,4,4,True,cached_h50,,,,
cached_h50,10,,360,370,4,4,True,cached_h50,,,,
cached_h50,10,,361,371,4,4,True,cached_h50,,,,
cached_h50,10,,362,372,4,4,True,cached_h50,,,,
cached_h50,10,,363,373,4,4,True,cached_h50,,,,
cached_h50,10,,364,374,4,4,True,cached_h50,,,,
cached_h50,10,,365,375,4,4,True,cached_h50,,,,
cached_h50,10,,366,376,4,4,True,cached_h50,,,,
cached_h50,10,,367,377,4,4,True,cached_h50,,,,
cached_h50,10,,368,378,4,4,True,cached_h50,,,,
cached_h50,10,,369,379,4,4,True,cached_h50,,,,
cached_h50,10,,370,380,4,4,True,cached_h50,,,,
cached_h50,10,,371,381,4,4,True,cached_h50,,,,
cached_h50,10,,372,382,4,4,True,cached_h50,,,,
cached_h50,10,,373,383,4,4,True,cached_h50,,,,
cached_h50,10,,374,384,4,4,True,cached_h50,,,,
cached_h50,10,,375,385,4,4,True,cached_h50,,,,
cached_h50,10,,376,386,4,4,True,cached_h50,,,,
cached_h50,10,,377,387,4,4,True,cached_h50,,,,
cached_h50,10,,378,388,4,4,True,cached_h50,,,,
cached_h50,10,,379,389,4,4,True,cached_h50,,,,
cached_h50,10,,380,390,4,4,True,cached_h50,,,,
cached_h50,10,,381,391,4,4,True,cached_h50,,,,
cached_h50,10,,382,392,4,4,True,cached_h50,,,,
cached_h50,10,,383,393,4,4,True,cached_h50,,,,
cached_h50,10,,384,394,4,4,True,cached_h50,,,,
cached_h50,10,,385,395,4,4,True,cached_h50,,,,
cached_h50,10,,386,396,4,4,True,cached_h50,,,,
cached_h50,10,,387,397,4,4,True,cached_h50,,,,
cached_h50,10,,388,398,4,4,True,cached_h50,,,,
cached_h50,10,,389,399,4,4,True,cached_h50,,,,
cached_h50,10,,390,400,4,4,True,cached_h50,,,,
cached_h50,10,,391,401,4,4,True,cached_h50,,,,
cached_h50,10,,392,402,4,4,True,cached_h50,,,,
cached_h50,10,,393,403,4,4,True,cached_h50,,,,
cached_h50,10,,394,404,4,4,True,cached_h50,,,,
cached_h50,10,,395,405,4,4,True,cached_h50,,,,
cached_h50,10,,396,406,4,4,True,cached_h50,,,,
cached_h50,10,,397,407,4,4,True,cached_h50,,,,
cached_h50,10,,398,408,4,4,True,cached_h50,,,,
cached_h50,10,,399,409,4,4,True,cached_h50,,,,
cached_h50,10,,400,410,4,4,True,cached_h50,,,,
cached_h50,10,,401,411,4,4,True,cached_h50,,,,
cached_h50,10,,402,412,4,4,True,cached_h50,,,,
cached_h50,10,,403,413,4,4,True,cached_h50,,,,
cached_h50,10,,404,414,4,4,True,cached_h50,,,,
cached_h50,10,,405,415,4,4,True,cached_h50,,,,
cached_h50,10,,406,416,4,4,True,cached_h50,,,,
cached_h50,10,,407,417,4,4,True,cached_h50,,,,
cached_h50,10,,408,418,4,4,True,cached_h50,,,,
cached_h50,10,,409,419,4,4,True,cached_h50,,,,
cached_h50,10,,410,420,4,4,True,cached_h50,,,,
cached_h50,10,,411,421,4,4,True,cached_h50,,,,
cached_h50,10,,412,422,4,4,True,cached_h50,,,,
cached_h50,10,,413,423,4,4,True,cached_h50,,,,
cached_h50,10,,414,424,4,4,True,cached_h50,,,,
cached_h50,10,,415,425,4,4,True,cached_h50,,,,
cached_h50,10,,416,426,4,4,True,cached_h50,,,,
cached_h50,10,,417,427,4,4,True,cached_h50,,,,
cached_h50,10,,418,428,4,4,True,cached_h50,,,,
cached_h50,10,,419,429,4,4,True,cached_h50,,,,
cached_h50,10,,420,430,4,4,True,cached_h50,,,,
cached_h50,10,,421,431,4,4,True,cached_h50,,,,
cached_h50,10,,422,432,4,4,True,cached_h50,,,,
cached_h50,10,,423,433,4,4,True,cached_h50,,,,
cached_h50,10,,424,434,4,4,True,cached_h50,,,,
cached_h50,10,,425,435,4,4,True,cached_h50,,,,
cached_h50,10,,426,436,4,4,True,cached_h50,,,,
cached_h50,10,,427,437,4,4,True,cached_h50,,,,
cached_h50,10,,428,438,4,4,True,cached_h50,,,,
cached_h50,10,,429,439,4,4,True,cached_h50,,,,
cached_h50,10,,430,440,4,4,True,cached_h50,,,,
cached_h50,10,,431,441,4,4,True,cached_h50,,,,
cached_h50,10,,432,442,4,4,True,cached_h50,,,,
cached_h50,10,,433,443,4,4,True,cached_h50,,,,
cached_h50,10,,434,444,4,4,True,cached_h50,,,,
cached_h50,10,,435,445,4,4,True,cached_h50,,,,
cached_h50,10,,436,446,4,4,True,cached_h50,,,,
cached_h50,10,,437,447,4,4,True,cached_h50,,,,
cached_h50,10,,438,448,4,4,True,cached_h50,,,,
cached_h50,10,,439,449,4,4,True,cached_h50,,,,
cached_h50,10,,440,450,4,4,True,cached_h50,,,,
cached_h50,10,,441,451,4,4,True,cached_h50,,,,
cached_h50,10,,442,452,4,4,True,cached_h50,,,,
cached_h50,10,,443,453,4,4,True,cached_h50,,,,
cached_h50,10,,444,454,4,4,True,cached_h50,,,,
cached_h50,10,,445,455,4,4,True,cached_h50,,,,
cached_h50,10,,446,456,4,4,True,cached_h50,,,,
cached_h50,10,,447,457,4,4,True,cached_h50,,,,
cached_h50,10,,448,458,4,4,True,cached_h50,,,,
cached_h50,10,,449,459,4,4,True,cached_h50,,,,
cached_h50,10,,450,460,4,4,True,cached_h50,,,,
cached_h50,10,,451,461,4,4,True,cached_h50,,,,
cached_h50,10,,452,462,4,4,True,cached_h50,,,,
cached_h50,10,,453,463,4,4,True,cached_h50,,,,
cached_h50,10,,454,464,4,4,True,cached_h50,,,,
cached_h50,10,,455,465,4,4,True,cached_h50,,,,
cached_h50,10,,456,466,4,4,True,cached_h50,,,,
cached_h50,10,,457,467,4,4,True,cached_h50,,,,
cached_h50,10,,458,468,4,4,True,cached_h50,,,,
cached_h50,10,,459,469,4,4,True,cached_h50,,,,
cached_h50,10,,460,470,4,4,True,cached_h50,,,,
cached_h50,10,,461,471,4,4,True,cached_h50,,,,
cached_h50,10,,462,472,4,4,True,cached_h50,,,,
cached_h50,10,,463,473,4,4,True,cached_h50,,,,
cached_h50,10,,464,474,4,4,True,cached_h50,,,,
cached_h50,10,,465,475,4,4,True,cached_h50,,,,
cached_h50,10,,466,476,4,4,True,cached_h50,,,,
cached_h50,10,,467,477,4,4,True,cached_h50,,,,
cached_h50,10,,468,478,4,4,True,cached_h50,,,,
cached_h50,10,,469,479,4,4,True,cached_h50,,,,
cached_h50,10,,470,480,4,4,True,cached_h50,,,,
cached_h50,10,,471,481,4,4,True,cached_h50,,,,
cached_h50,10,,472,482,4,4,True,cached_h50,,,,
cached_h50,10,,473,483,4,4,True,cached_h50,,,,
cached_h50,10,,474,484,4,4,True,cached_h50,,,,
cached_h50,10,,475,485,4,4,True,cached_h50,,,,
cached_h50,10,,476,486,4,4,True,cached_h50,,,,
cached_h50,10,,477,487,4,4,True,cached_h50,,,,
cached_h50,10,,478,488,4,4,True,cached_h50,,,,
cached_h50,10,,479,489,4,4,True,cached_h50,,,,
cached_h50,10,,480,490,4,4,True,cached_h50,,,,
cached_h50,10,,481,491,4,4,True,cached_h50,,,,
cached_h50,10,,482,492,4,4,True,cached_h50,,,,
cached_h50,10,,483,493,4,4,True,cached_h50,,,,
cached_h50,10,,484,494,4,4,True,cached_h50,,,,
cached_h50,10,,485,495,4,4,True,cached_h50,,,,
cached_h50,10,,486,496,4,4,True,cached_h50,,,,
cached_h50,10,,487,497,4,4,True,cached_h50,,,,
cached_h50,10,,488,498,4,4,True,cached_h50,,,,
cached_h50,10,,489,499,4,4,True,cached_h50,,,,
cached_h50,10,,490,500,4,4,True,cached_h50,,,,
cached_h50,10,,491,501,4,4,True,cached_h50,,,,
cached_h50,10,,492,502,4,4,True,cached_h50,,,,
cached_h50,10,,493,503,4,4,True,cached_h50,,,,
cached_h50,10,,494,504,4,4,True,cached_h50,,,,
cached_h50,10,,495,505,4,4,True,cached_h50,,,,
cached_h50,10,,496,506,4,4,True,cached_h50,,,,
cached_h50,10,,497,507,4,4,True,cached_h50,,,,
cached_h50,10,,498,508,4,4,True,cached_h50,,,,
cached_h50,10,,499,509,4,4,True,cached_h50,,,,
cached_h50,10,,500,510,4,4,True,cached_h50,,,,
cached_h50,10,,501,511,4,4,True,cached_h50,,,,
cached_h50,10,,502,512,4,4,True,cached_h50,,,,
cached_h50,10,,503,513,4,4,True,cached_h50,,,,
cached_h50,10,,504,514,4,4,True,cached_h50,,,,
cached_h50,10,,505,515,4,4,True,cached_h50,,,,
cached_h50,10,,506,516,4,4,True,cached_h50,,,,
cached_h50,10,,507,517,4,4,True,cached_h50,,,,
cached_h50,10,,508,518,4,4,True,cached_h50,,,,
cached_h50,10,,509,519,4,4,True,cached_h50,,,,
cached_h50,10,,510,520,4,4,True,cached_h50,,,,
cached_h50,10,,511,521,4,4,True,cached_h50,,,,
cached_h50,10,,512,522,4,4,True,cached_h50,,,,
cached_h50,10,,513,523,4,4,True,cached_h50,,,,
cached_h50,10,,514,524,4,4,True,cached_h50,,,,
cached_h50,10,,515,525,4,4,True,cached_h50,,,,
cached_h50,10,,516,526,4,4,True,cached_h50,,,,
cached_h50,10,,517,527,4,4,True,cached_h50,,,,
cached_h50,10,,518,528,4,4,True,cached_h50,,,,
cached_h50,10,,519,529,4,4,True,cached_h50,,,,
cached_h50,10,,520,530,4,4,True,cached_h50,,,,
cached_h50,10,,521,531,4,4,True,cached_h50,,,,
cached_h50,10,,522,532,4,4,True,cached_h50,,,,
cached_h50,10,,523,533,4,4,True,cached_h50,,,,
cached_h50,10,,524,534,4,4,True,cached_h50,,,,
cached_h50,10,,525,535,4,4,True,cached_h50,,,,
cached_h50,10,,526,536,4,4,True,cached_h50,,,,
cached_h50,10,,527,537,4,4,True,cached_h50,,,,
cached_h50,10,,528,538,4,4,True,cached_h50,,,,
cached_h50,10,,529,539,4,4,True,cached_h50,,,,
cached_h50,10,,530,540,4,4,True,cached_h50,,,,
cached_h50,10,,531,541,4,4,True,cached_h50,,,,
cached_h50,10,,532,542,4,4,True,cached_h50,,,,
cached_h50,10,,533,543,4,4,True,cached_h50,,,,
cached_h50,10,,534,544,4,4,True,cached_h50,,,,
cached_h50,10,,535,545,4,4,True,cached_h50,,,,
cached_h50,10,,536,546,4,4,True,cached_h50,,,,
cached_h50,10,,537,547,4,4,True,cached_h50,,,,
cached_h50,10,,538,548,4,4,True,cached_h50,,,,
cached_h50,10,,539,549,4,4,True,cached_h50,,,,
cached_h50,10,,540,550,4,4,True,cached_h50,,,,
cached_h50,10,,541,551,4,4,True,cached_h50,,,,
cached_h50,10,,542,552,4,4,True,cached_h50,,,,
cached_h50,10,,543,553,4,4,True,cached_h50,,,,
cached_h50,10,,544,554,4,4,True,cached_h50,,,,
cached_h50,10,,545,555,4,4,True,cached_h50,,,,
cached_h50,10,,546,556,4,4,True,cached_h50,,,,
cached_h50,10,,547,557,4,4,True,cached_h50,,,,
cached_h50,10,,548,558,4,4,True,cached_h50,,,,
cached_h50,10,,549,559,4,4,True,cached_h50,,,,
cached_h50,10,,550,560,4,4,True,cached_h50,,,,
cached_h50,10,,551,561,4,4,True,cached_h50,,,,
cached_h50,10,,552,562,4,4,True,cached_h50,,,,
cached_h50,10,,553,563,4,4,True,cached_h50,,,,
cached_h50,10,,554,564,4,4,True,cached_h50,,,,
cached_h50,10,,555,565,4,4,True,cached_h50,,,,
cached_h50,10,,556,566,4,4,True,cached_h50,,,,
cached_h50,10,,557,567,4,4,True,cached_h50,,,,
cached_h50,10,,558,568,4,4,True,cached_h50,,,,
cached_h50,10,,559,569,4,4,True,cached_h50,,,,
cached_h50,10,,560,570,4,4,True,cached_h50,,,,
cached_h50,10,,561,571,4,4,True,cached_h50,,,,
cached_h50,10,,562,572,4,4,True,cached_h50,,,,
cached_h50,10,,563,573,4,4,True,cached_h50,,,,
cached_h50,10,,564,574,4,4,True,cached_h50,,,,
cached_h50,10,,565,575,4,4,True,cached_h50,,,,
cached_h50,10,,566,576,4,4,True,cached_h50,,,,
cached_h50,10,,567,577,4,4,True,cached_h50,,,,
cached_h50,10,,568,578,4,4,True,cached_h50,,,,
cached_h50,10,,569,579,4,4,True,cached_h50,,,,
cached_h50,10,,570,580,4,4,True,cached_h50,,,,
cached_h50,10,,571,581,4,4,True,cached_h50,,,,
cached_h50,10,,572,582,4,4,True,cached_h50,,,,
cached_h50,10,,573,583,4,4,True,cached_h50,,,,
cached_h50,10,,574,584,4,4,True,cached_h50,,,,
cached_h50,10,,575,585,4,4,True,cached_h50,,,,
cached_h50,10,,576,586,4,4,True,cached_h50,,,,
cached_h50,10,,577,587,4,4,True,cached_h50,,,,
cached_h50,10,,578,588,4,4,True,cached_h50,,,,
cached_h50,10,,579,589,4,4,True,cached_h50,,,,
cached_h50,10,,580,590,4,4,True,cached_h50,,,,
cached_h50,10,,581,591,4,4,True,cached_h50,,,,
cached_h50,10,,582,592,4,4,True,cached_h50,,,,
cached_h50,10,,583,593,4,4,True,cached_h50,,,,
cached_h50,10,,584,594,4,4,True,cached_h50,,,,
cached_h50,10,,585,595,4,4,True,cached_h50,,,,
cached_h50,10,,586,596,4,4,True,cached_h50,,,,
cached_h50,10,,587,597,4,4,True,cached_h50,,,,
cached_h50,10,,588,598,4,4,True,cached_h50,,,,
cached_h50,10,,589,599,4,4,True,cached_h50,,,,
cached_h50,10,,590,600,4,4,True,cached_h50,,,,
same_rng_h10,10,,1,11,2,4,False,fresh_h10,,,,
same_rng_h10,10,,2,12,2,4,False,fresh_h10,,,,
same_rng_h10,10,,3,13,2,4,False,fresh_h10,,,,
same_rng_h10,10,,4,14,2,4,False,fresh_h10,,,,
same_rng_h10,10,,5,15,2,4,False,fresh_h10,,,,
same_rng_h10,10,,6,16,2,4,False,fresh_h10,,,,
same_rng_h10,10,,7,17,2,4,False,fresh_h10,,,,
same_rng_h10,10,,8,18,2,4,False,fresh_h10,,,,
same_rng_h10,10,,9,19,2,4,False,fresh_h10,,,,
same_rng_h10,10,,10,20,2,4,False,fresh_h10,,,,
same_rng_h10,10,,11,21,2,4,False,fresh_h10,,,,
same_rng_h10,10,,12,22,2,4,False,fresh_h10,,,,
same_rng_h10,10,,13,23,2,4,False,fresh_h10,,,,
same_rng_h10,10,,14,24,2,4,False,fresh_h10,,,,
same_rng_h10,10,,15,25,2,4,False,fresh_h10,,,,
same_rng_h10,10,,16,26,2,4,False,fresh_h10,,,,
same_rng_h10,10,,17,27,2,4,False,fresh_h10,,,,
same_rng_h10,10,,18,28,2,4,False,fresh_h10,,,,
same_rng_h10,10,,19,29,2,4,False,fresh_h10,,,,
same_rng_h10,10,,20,30,2,4,False,fresh_h10,,,,
same_rng_h10,10,,21,31,2,4,False,fresh_h10,,,,
same_rng_h10,10,,22,32,2,4,False,fresh_h10,,,,
same_rng_h10,10,,23,33,2,4,False,fresh_h10,,,,
same_rng_h10,10,,24,34,2,4,False,fresh_h10,,,,
same_rng_h10,10,,25,35,2,4,False,fresh_h10,,,,
same_rng_h10,10,,26,36,2,4,False,fresh_h10,,,,
same_rng_h10,10,,27,37,2,4,False,fresh_h10,,,,
same_rng_h10,10,,28,38,2,4,False,fresh_h10,,,,
same_rng_h10,10,,29,39,2,4,False,fresh_h10,,,,
same_rng_h10,10,,30,40,2,4,False,fresh_h10,,,,
same_rng_h10,10,,31,41,2,4,False,fresh_h10,,,,
same_rng_h10,10,,32,42,2,4,False,fresh_h10,,,,
same_rng_h10,10,,33,43,2,4,False,fresh_h10,,,,
same_rng_h10,10,,34,44,2,4,False,fresh_h10,,,,
same_rng_h10,10,,35,45,2,4,False,fresh_h10,,,,
same_rng_h10,10,,36,46,2,4,False,fresh_h10,,,,
same_rng_h10,10,,37,47,2,4,False,fresh_h10,,,,
same_rng_h10,10,,38,48,2,4,False,fresh_h10,,,,
same_rng_h10,10,,39,49,2,4,False,fresh_h10,,,,
same_rng_h10,10,,40,50,2,4,False,fresh_h10,,,,
same_rng_h10,10,,41,51,2,4,False,fresh_h10,,,,
same_rng_h10,10,,42,52,2,4,False,fresh_h10,,,,
same_rng_h10,10,,43,53,2,4,False,fresh_h10,,,,
same_rng_h10,10,,44,54,2,4,False,fresh_h10,,,,
same_rng_h10,10,,45,55,2,4,False,fresh_h10,,,,
same_rng_h10,10,,46,56,2,4,False,fresh_h10,,,,
same_rng_h10,10,,47,57,2,4,False,fresh_h10,,,,
same_rng_h10,10,,48,58,2,4,False,fresh_h10,,,,
same_rng_h10,10,,49,59,2,4,False,fresh_h10,,,,
same_rng_h10,10,,50,60,2,4,False,fresh_h10,,,,
same_rng_h10,10,,51,61,2,4,False,fresh_h10,,,,
same_rng_h10,10,,52,62,2,4,False,fresh_h10,,,,
same_rng_h10,10,,53,63,2,4,False,fresh_h10,,,,
same_rng_h10,10,,54,64,2,4,False,fresh_h10,,,,
same_rng_h10,10,,55,65,2,4,False,fresh_h10,,,,
same_rng_h10,10,,56,66,2,4,False,fresh_h10,,,,
same_rng_h10,10,,57,67,2,4,False,fresh_h10,,,,
same_rng_h10,10,,58,68,2,4,False,fresh_h10,,,,
same_rng_h10,10,,59,69,2,4,False,fresh_h10,,,,
same_rng_h10,10,,60,70,2,4,False,fresh_h10,,,,
same_rng_h10,10,,61,71,2,4,False,fresh_h10,,,,
same_rng_h10,10,,62,72,2,4,False,fresh_h10,,,,
same_rng_h10,10,,63,73,2,4,False,fresh_h10,,,,
same_rng_h10,10,,64,74,2,4,False,fresh_h10,,,,
same_rng_h10,10,,65,75,2,4,False,fresh_h10,,,,
same_rng_h10,10,,66,76,2,4,False,fresh_h10,,,,
same_rng_h10,10,,67,77,2,4,False,fresh_h10,,,,
same_rng_h10,10,,68,78,2,4,False,fresh_h10,,,,
same_rng_h10,10,,69,79,2,4,False,fresh_h10,,,,
same_rng_h10,10,,70,80,2,4,False,fresh_h10,,,,
same_rng_h10,10,,71,81,2,4,False,fresh_h10,,,,
same_rng_h10,10,,72,82,2,4,False,fresh_h10,,,,
same_rng_h10,10,,73,83,2,4,False,fresh_h10,,,,
same_rng_h10,10,,74,84,2,4,False,fresh_h10,,,,
same_rng_h10,10,,75,85,2,4,False,fresh_h10,,,,
same_rng_h10,10,,76,86,2,4,False,fresh_h10,,,,
same_rng_h10,10,,77,87,2,4,False,fresh_h10,,,,
same_rng_h10,10,,78,88,2,4,False,fresh_h10,,,,
same_rng_h10,10,,79,89,2,4,False,fresh_h10,,,,
same_rng_h10,10,,80,90,2,4,False,fresh_h10,,,,
same_rng_h10,10,,81,91,2,4,False,fresh_h10,,,,
same_rng_h10,10,,82,92,2,4,False,fresh_h10,,,,
same_rng_h10,10,,83,93,2,4,False,fresh_h10,,,,
same_rng_h10,10,,84,94,2,4,False,fresh_h10,,,,
same_rng_h10,10,,85,95,2,4,False,fresh_h10,,,,
same_rng_h10,10,,86,96,2,4,False,fresh_h10,,,,
same_rng_h10,10,,87,97,2,4,False,fresh_h10,,,,
same_rng_h10,10,,88,98,2,4,False,fresh_h10,,,,
same_rng_h10,10,,89,99,2,4,False,fresh_h10,,,,
same_rng_h10,10,,90,100,2,4,False,fresh_h10,,,,
same_rng_h10,10,,91,101,2,4,False,fresh_h10,,,,
same_rng_h10,10,,92,102,2,4,False,fresh_h10,,,,
same_rng_h10,10,,93,103,2,4,False,fresh_h10,,,,
same_rng_h10,10,,94,104,2,4,False,fresh_h10,,,,
same_rng_h10,10,,95,105,2,4,False,fresh_h10,,,,
same_rng_h10,10,,96,106,2,4,False,fresh_h10,,,,
same_rng_h10,10,,97,107,2,4,False,fresh_h10,,,,
same_rng_h10,10,,98,108,2,4,False,fresh_h10,,,,
same_rng_h10,10,,99,109,2,4,False,fresh_h10,,,,
same_rng_h10,10,,100,110,2,4,False,fresh_h10,,,,
same_rng_h10,10,,101,111,2,4,False,fresh_h10,,,,
same_rng_h10,10,,102,112,2,4,False,fresh_h10,,,,
same_rng_h10,10,,103,113,2,4,False,fresh_h10,,,,
same_rng_h10,10,,104,114,2,4,False,fresh_h10,,,,
same_rng_h10,10,,105,115,2,4,False,fresh_h10,,,,
same_rng_h10,10,,106,116,2,4,False,fresh_h10,,,,
same_rng_h10,10,,107,117,2,4,False,fresh_h10,,,,
same_rng_h10,10,,108,118,2,4,False,fresh_h10,,,,
same_rng_h10,10,,109,119,2,4,False,fresh_h10,,,,
same_rng_h10,10,,110,120,2,4,False,fresh_h10,,,,
same_rng_h10,10,,111,121,2,4,False,fresh_h10,,,,
same_rng_h10,10,,112,122,2,4,False,fresh_h10,,,,
same_rng_h10,10,,113,123,2,4,False,fresh_h10,,,,
same_rng_h10,10,,114,124,2,4,False,fresh_h10,,,,
same_rng_h10,10,,115,125,2,4,False,fresh_h10,,,,
same_rng_h10,10,,116,126,2,4,False,fresh_h10,,,,
same_rng_h10,10,,117,127,2,4,False,fresh_h10,,,,
same_rng_h10,10,,118,128,2,4,False,fresh_h10,,,,
same_rng_h10,10,,119,129,2,4,False,fresh_h10,,,,
same_rng_h10,10,,120,130,2,4,False,fresh_h10,,,,
same_rng_h10,10,,121,131,2,4,False,fresh_h10,,,,
same_rng_h10,10,,122,132,2,4,False,fresh_h10,,,,
same_rng_h10,10,,123,133,2,4,False,fresh_h10,,,,
same_rng_h10,10,,124,134,2,4,False,fresh_h10,,,,
same_rng_h10,10,,125,135,2,4,False,fresh_h10,,,,
same_rng_h10,10,,126,136,2,4,False,fresh_h10,,,,
same_rng_h10,10,,127,137,2,4,False,fresh_h10,,,,
same_rng_h10,10,,128,138,2,4,False,fresh_h10,,,,
same_rng_h10,10,,129,139,2,4,False,fresh_h10,,,,
same_rng_h10,10,,130,140,2,4,False,fresh_h10,,,,
same_rng_h10,10,,131,141,2,4,False,fresh_h10,,,,
same_rng_h10,10,,132,142,2,4,False,fresh_h10,,,,
same_rng_h10,10,,133,143,2,4,False,fresh_h10,,,,
same_rng_h10,10,,134,144,2,4,False,fresh_h10,,,,
same_rng_h10,10,,135,145,2,4,False,fresh_h10,,,,
same_rng_h10,10,,136,146,2,4,False,fresh_h10,,,,
same_rng_h10,10,,137,147,2,4,False,fresh_h10,,,,
same_rng_h10,10,,138,148,2,4,False,fresh_h10,,,,
same_rng_h10,10,,139,149,2,4,False,fresh_h10,,,,
same_rng_h10,10,,140,150,2,4,False,fresh_h10,,,,
same_rng_h10,10,,141,151,2,4,False,fresh_h10,,,,
same_rng_h10,10,,142,152,2,4,False,fresh_h10,,,,
same_rng_h10,10,,143,153,2,4,False,fresh_h10,,,,
same_rng_h10,10,,144,154,3,4,False,fresh_h10,,,,
same_rng_h10,10,,145,155,3,4,False,fresh_h10,,,,
same_rng_h10,10,,146,156,3,4,False,fresh_h10,,,,
same_rng_h10,10,,147,157,3,4,False,fresh_h10,,,,
same_rng_h10,10,,148,158,3,4,False,fresh_h10,,,,
same_rng_h10,10,,149,159,3,4,False,fresh_h10,,,,
same_rng_h10,10,,150,160,3,4,False,fresh_h10,,,,
same_rng_h10,10,,151,161,3,4,False,fresh_h10,,,,
same_rng_h10,10,,152,162,3,4,False,fresh_h10,,,,
same_rng_h10,10,,153,163,3,4,False,fresh_h10,,,,
same_rng_h10,10,,154,164,3,4,False,fresh_h10,,,,
same_rng_h10,10,,155,165,3,4,False,fresh_h10,,,,
same_rng_h10,10,,156,166,3,4,False,fresh_h10,,,,
same_rng_h10,10,,157,167,3,4,False,fresh_h10,,,,
same_rng_h10,10,,158,168,3,4,False,fresh_h10,,,,
same_rng_h10,10,,159,169,3,4,False,fresh_h10,,,,
same_rng_h10,10,,160,170,3,4,False,fresh_h10,,,,
same_rng_h10,10,,161,171,3,4,False,fresh_h10,,,,
same_rng_h10,10,,162,172,3,4,False,fresh_h10,,,,
same_rng_h10,10,,163,173,3,4,False,fresh_h10,,,,
same_rng_h10,10,,164,174,3,4,False,fresh_h10,,,,
same_rng_h10,10,,165,175,3,4,False,fresh_h10,,,,
same_rng_h10,10,,166,176,3,4,False,fresh_h10,,,,
same_rng_h10,10,,167,177,3,4,False,fresh_h10,,,,
same_rng_h10,10,,168,178,3,4,False,fresh_h10,,,,
same_rng_h10,10,,169,179,3,4,False,fresh_h10,,,,
same_rng_h10,10,,170,180,3,4,False,fresh_h10,,,,
same_rng_h10,10,,171,181,3,4,False,fresh_h10,,,,
same_rng_h10,10,,172,182,3,4,False,fresh_h10,,,,
same_rng_h10,10,,173,183,3,4,False,fresh_h10,,,,
same_rng_h10,10,,174,184,3,4,False,fresh_h10,,,,
same_rng_h10,10,,175,185,3,4,False,fresh_h10,,,,
same_rng_h10,10,,176,186,3,4,False,fresh_h10,,,,
same_rng_h10,10,,177,187,3,4,False,fresh_h10,,,,
same_rng_h10,10,,178,188,3,4,False,fresh_h10,,,,
same_rng_h10,10,,179,189,3,4,False,fresh_h10,,,,
same_rng_h10,10,,180,190,3,4,False,fresh_h10,,,,
same_rng_h10,10,,181,191,3,4,False,fresh_h10,,,,
same_rng_h10,10,,182,192,3,4,False,fresh_h10,,,,
same_rng_h10,10,,183,193,3,4,False,fresh_h10,,,,
same_rng_h10,10,,184,194,3,4,False,fresh_h10,,,,
same_rng_h10,10,,185,195,3,4,False,fresh_h10,,,,
same_rng_h10,10,,186,196,3,4,False,fresh_h10,,,,
same_rng_h10,10,,187,197,3,4,False,fresh_h10,,,,
same_rng_h10,10,,188,198,3,4,False,fresh_h10,,,,
same_rng_h10,10,,189,199,3,4,False,fresh_h10,,,,
same_rng_h10,10,,190,200,3,4,False,fresh_h10,,,,
same_rng_h10,10,,191,201,3,4,False,fresh_h10,,,,
same_rng_h10,10,,192,202,3,4,False,fresh_h10,,,,
same_rng_h10,10,,193,203,3,4,False,fresh_h10,,,,
same_rng_h10,10,,194,204,3,4,False,fresh_h10,,,,
same_rng_h10,10,,195,205,3,4,False,fresh_h10,,,,
same_rng_h10,10,,196,206,3,4,False,fresh_h10,,,,
same_rng_h10,10,,197,207,3,4,False,fresh_h10,,,,
same_rng_h10,10,,198,208,3,4,False,fresh_h10,,,,
same_rng_h10,10,,199,209,3,4,False,fresh_h10,,,,
same_rng_h10,10,,200,210,3,4,False,fresh_h10,,,,
same_rng_h10,10,,201,211,3,4,False,fresh_h10,,,,
same_rng_h10,10,,202,212,3,4,False,fresh_h10,,,,
same_rng_h10,10,,203,213,3,4,False,fresh_h10,,,,
same_rng_h10,10,,204,214,3,4,False,fresh_h10,,,,
same_rng_h10,10,,205,215,3,4,False,fresh_h10,,,,
same_rng_h10,10,,206,216,3,4,False,fresh_h10,,,,
same_rng_h10,10,,207,217,3,4,False,fresh_h10,,,,
same_rng_h10,10,,208,218,3,4,False,fresh_h10,,,,
same_rng_h10,10,,209,219,3,4,False,fresh_h10,,,,
same_rng_h10,10,,210,220,3,4,False,fresh_h10,,,,
same_rng_h10,10,,211,221,3,4,False,fresh_h10,,,,
same_rng_h10,10,,212,222,3,4,False,fresh_h10,,,,
same_rng_h10,10,,213,223,3,4,False,fresh_h10,,,,
same_rng_h10,10,,214,224,3,4,False,fresh_h10,,,,
same_rng_h10,10,,215,225,3,4,False,fresh_h10,,,,
same_rng_h10,10,,216,226,3,4,False,fresh_h10,,,,
same_rng_h10,10,,217,227,3,4,False,fresh_h10,,,,
same_rng_h10,10,,218,228,3,4,False,fresh_h10,,,,
same_rng_h10,10,,219,229,3,4,False,fresh_h10,,,,
same_rng_h10,10,,220,230,3,4,False,fresh_h10,,,,
same_rng_h10,10,,221,231,3,4,False,fresh_h10,,,,
same_rng_h10,10,,222,232,3,4,False,fresh_h10,,,,
same_rng_h10,10,,223,233,3,4,False,fresh_h10,,,,
same_rng_h10,10,,224,234,3,4,False,fresh_h10,,,,
same_rng_h10,10,,225,235,3,4,False,fresh_h10,,,,
same_rng_h10,10,,226,236,3,4,False,fresh_h10,,,,
same_rng_h10,10,,227,237,3,4,False,fresh_h10,,,,
same_rng_h10,10,,228,238,3,4,False,fresh_h10,,,,
same_rng_h10,10,,229,239,3,4,False,fresh_h10,,,,
same_rng_h10,10,,230,240,3,4,False,fresh_h10,,,,
same_rng_h10,10,,231,241,3,4,False,fresh_h10,,,,
same_rng_h10,10,,232,242,3,4,False,fresh_h10,,,,
same_rng_h10,10,,233,243,3,4,False,fresh_h10,,,,
same_rng_h10,10,,234,244,3,4,False,fresh_h10,,,,
same_rng_h10,10,,235,245,3,4,False,fresh_h10,,,,
same_rng_h10,10,,236,246,3,4,False,fresh_h10,,,,
same_rng_h10,10,,237,247,3,4,False,fresh_h10,,,,
same_rng_h10,10,,238,248,3,4,False,fresh_h10,,,,
same_rng_h10,10,,239,249,3,4,False,fresh_h10,,,,
same_rng_h10,10,,240,250,3,4,False,fresh_h10,,,,
same_rng_h10,10,,241,251,3,4,False,fresh_h10,,,,
same_rng_h10,10,,242,252,3,4,False,fresh_h10,,,,
same_rng_h10,10,,243,253,3,4,False,fresh_h10,,,,
same_rng_h10,10,,244,254,3,4,False,fresh_h10,,,,
same_rng_h10,10,,245,255,3,4,False,fresh_h10,,,,
same_rng_h10,10,,246,256,3,4,False,fresh_h10,,,,
same_rng_h10,10,,247,257,3,4,False,fresh_h10,,,,
same_rng_h10,10,,248,258,3,4,False,fresh_h10,,,,
same_rng_h10,10,,249,259,3,4,False,fresh_h10,,,,
same_rng_h10,10,,250,260,3,4,False,fresh_h10,,,,
same_rng_h10,10,,251,261,3,4,False,fresh_h10,,,,
same_rng_h10,10,,252,262,3,4,False,fresh_h10,,,,
same_rng_h10,10,,253,263,3,4,False,fresh_h10,,,,
same_rng_h10,10,,254,264,3,4,False,fresh_h10,,,,
same_rng_h10,10,,255,265,3,4,False,fresh_h10,,,,
same_rng_h10,10,,256,266,3,4,False,fresh_h10,,,,
same_rng_h10,10,,257,267,3,4,False,fresh_h10,,,,
same_rng_h10,10,,258,268,3,4,False,fresh_h10,,,,
same_rng_h10,10,,259,269,3,4,False,fresh_h10,,,,
same_rng_h10,10,,260,270,3,4,False,fresh_h10,,,,
same_rng_h10,10,,261,271,3,4,False,fresh_h10,,,,
same_rng_h10,10,,262,272,3,4,False,fresh_h10,,,,
same_rng_h10,10,,263,273,3,4,False,fresh_h10,,,,
same_rng_h10,10,,264,274,3,4,False,fresh_h10,,,,
same_rng_h10,10,,265,275,3,4,False,fresh_h10,,,,
same_rng_h10,10,,266,276,3,4,False,fresh_h10,,,,
same_rng_h10,10,,267,277,3,4,False,fresh_h10,,,,
same_rng_h10,10,,268,278,3,4,False,fresh_h10,,,,
same_rng_h10,10,,269,279,3,4,False,fresh_h10,,,,
same_rng_h10,10,,270,280,3,4,False,fresh_h10,,,,
same_rng_h10,10,,271,281,3,4,False,fresh_h10,,,,
same_rng_h10,10,,272,282,3,4,False,fresh_h10,,,,
same_rng_h10,10,,273,283,3,4,False,fresh_h10,,,,
same_rng_h10,10,,274,284,3,4,False,fresh_h10,,,,
same_rng_h10,10,,275,285,3,4,False,fresh_h10,,,,
same_rng_h10,10,,276,286,3,4,False,fresh_h10,,,,
same_rng_h10,10,,277,287,3,4,False,fresh_h10,,,,
same_rng_h10,10,,278,288,3,4,False,fresh_h10,,,,
same_rng_h10,10,,279,289,3,4,False,fresh_h10,,,,
same_rng_h10,10,,280,290,3,4,False,fresh_h10,,,,
same_rng_h10,10,,281,291,3,4,False,fresh_h10,,,,
same_rng_h10,10,,282,292,3,4,False,fresh_h10,,,,
same_rng_h10,10,,283,293,3,4,False,fresh_h10,,,,
same_rng_h10,10,,284,294,3,4,False,fresh_h10,,,,
same_rng_h10,10,,285,295,3,4,False,fresh_h10,,,,
same_rng_h10,10,,286,296,3,4,False,fresh_h10,,,,
same_rng_h10,10,,287,297,3,4,False,fresh_h10,,,,
same_rng_h10,10,,288,298,3,4,False,fresh_h10,,,,
same_rng_h10,10,,289,299,3,4,False,fresh_h10,,,,
same_rng_h10,10,,290,300,3,4,False,fresh_h10,,,,
same_rng_h10,10,,291,301,3,4,False,fresh_h10,,,,
same_rng_h10,10,,292,302,3,4,False,fresh_h10,,,,
same_rng_h10,10,,293,303,3,4,False,fresh_h10,,,,
same_rng_h10,10,,294,304,3,4,False,fresh_h10,,,,
same_rng_h10,10,,295,305,3,4,False,fresh_h10,,,,
same_rng_h10,10,,296,306,3,4,False,fresh_h10,,,,
same_rng_h10,10,,297,307,3,4,False,fresh_h10,,,,
same_rng_h10,10,,298,308,3,4,False,fresh_h10,,,,
same_rng_h10,10,,299,309,3,4,False,fresh_h10,,,,
same_rng_h10,10,,300,310,3,4,False,fresh_h10,,,,
same_rng_h10,10,,301,311,3,4,False,fresh_h10,,,,
same_rng_h10,10,,302,312,3,4,False,fresh_h10,,,,
same_rng_h10,10,,303,313,3,4,False,fresh_h10,,,,
same_rng_h10,10,,304,314,3,4,False,fresh_h10,,,,
same_rng_h10,10,,305,315,3,4,False,fresh_h10,,,,
same_rng_h10,10,,306,316,3,4,False,fresh_h10,,,,
same_rng_h10,10,,307,317,3,4,False,fresh_h10,,,,
same_rng_h10,10,,308,318,3,4,False,fresh_h10,,,,
same_rng_h10,10,,309,319,3,4,False,fresh_h10,,,,
same_rng_h10,10,,310,320,3,4,False,fresh_h10,,,,
same_rng_h10,10,,311,321,3,4,False,fresh_h10,,,,
same_rng_h10,10,,312,322,3,4,False,fresh_h10,,,,
same_rng_h10,10,,313,323,3,4,False,fresh_h10,,,,
same_rng_h10,10,,314,324,3,4,False,fresh_h10,,,,
same_rng_h10,10,,315,325,3,4,False,fresh_h10,,,,
same_rng_h10,10,,316,326,3,4,False,fresh_h10,,,,
same_rng_h10,10,,317,327,3,4,False,fresh_h10,,,,
same_rng_h10,10,,318,328,3,4,False,fresh_h10,,,,
same_rng_h10,10,,319,329,3,4,False,fresh_h10,,,,
same_rng_h10,10,,320,330,3,4,False,fresh_h10,,,,
same_rng_h10,10,,321,331,3,4,False,fresh_h10,,,,
same_rng_h10,10,,322,332,3,4,False,fresh_h10,,,,
same_rng_h10,10,,323,333,3,4,False,fresh_h10,,,,
same_rng_h10,10,,324,334,3,4,False,fresh_h10,,,,
same_rng_h10,10,,325,335,3,4,False,fresh_h10,,,,
same_rng_h10,10,,326,336,3,4,False,fresh_h10,,,,
same_rng_h10,10,,327,337,3,4,False,fresh_h10,,,,
same_rng_h10,10,,328,338,3,4,False,fresh_h10,,,,
same_rng_h10,10,,329,339,3,4,False,fresh_h10,,,,
same_rng_h10,10,,330,340,3,4,False,fresh_h10,,,,
same_rng_h10,10,,331,341,3,4,False,fresh_h10,,,,
same_rng_h10,10,,332,342,3,4,False,fresh_h10,,,,
same_rng_h10,10,,333,343,3,4,False,fresh_h10,,,,
same_rng_h10,10,,334,344,3,4,False,fresh_h10,,,,
same_rng_h10,10,,335,345,3,4,False,fresh_h10,,,,
same_rng_h10,10,,336,346,3,4,False,fresh_h10,,,,
same_rng_h10,10,,337,347,3,4,False,fresh_h10,,,,
same_rng_h10,10,,338,348,3,4,False,fresh_h10,,,,
same_rng_h10,10,,339,349,3,4,False,fresh_h10,,,,
same_rng_h10,10,,340,350,3,4,False,fresh_h10,,,,
same_rng_h10,10,,341,351,3,4,False,fresh_h10,,,,
same_rng_h10,10,,342,352,3,4,False,fresh_h10,,,,
same_rng_h10,10,,343,353,3,4,False,fresh_h10,,,,
same_rng_h10,10,,344,354,3,4,False,fresh_h10,,,,
same_rng_h10,10,,345,355,3,4,False,fresh_h10,,,,
same_rng_h10,10,,346,356,3,4,False,fresh_h10,,,,
same_rng_h10,10,,347,357,3,4,False,fresh_h10,,,,
same_rng_h10,10,,348,358,3,4,False,fresh_h10,,,,
same_rng_h10,10,,349,359,3,4,False,fresh_h10,,,,
same_rng_h10,10,,350,360,3,4,False,fresh_h10,,,,
same_rng_h10,10,,351,361,3,4,False,fresh_h10,,,,
same_rng_h10,10,,352,362,3,4,False,fresh_h10,,,,
same_rng_h10,10,,353,363,3,4,False,fresh_h10,,,,
same_rng_h10,10,,354,364,3,4,False,fresh_h10,,,,
same_rng_h10,10,,355,365,3,4,False,fresh_h10,,,,
same_rng_h10,10,,356,366,3,4,False,fresh_h10,,,,
same_rng_h10,10,,357,367,3,4,False,fresh_h10,,,,
same_rng_h10,10,,358,368,3,4,False,fresh_h10,,,,
same_rng_h10,10,,359,369,3,4,False,fresh_h10,,,,
same_rng_h10,10,,360,370,3,4,False,fresh_h10,,,,
same_rng_h10,10,,361,371,3,4,False,fresh_h10,,,,
same_rng_h10,10,,362,372,3,4,False,fresh_h10,,,,
same_rng_h10,10,,363,373,3,4,False,fresh_h10,,,,
same_rng_h10,10,,364,374,3,4,False,fresh_h10,,,,
same_rng_h10,10,,365,375,3,4,False,fresh_h10,,,,
same_rng_h10,10,,366,376,3,4,False,fresh_h10,,,,
same_rng_h10,10,,367,377,3,4,False,fresh_h10,,,,
same_rng_h10,10,,368,378,3,4,False,fresh_h10,,,,
same_rng_h10,10,,369,379,3,4,False,fresh_h10,,,,
same_rng_h10,10,,370,380,3,4,False,fresh_h10,,,,
same_rng_h10,10,,371,381,3,4,False,fresh_h10,,,,
same_rng_h10,10,,372,382,3,4,False,fresh_h10,,,,
same_rng_h10,10,,373,383,3,4,False,fresh_h10,,,,
same_rng_h10,10,,374,384,3,4,False,fresh_h10,,,,
same_rng_h10,10,,375,385,3,4,False,fresh_h10,,,,
same_rng_h10,10,,376,386,3,4,False,fresh_h10,,,,
same_rng_h10,10,,377,387,3,4,False,fresh_h10,,,,
same_rng_h10,10,,378,388,3,4,False,fresh_h10,,,,
same_rng_h10,10,,379,389,3,4,False,fresh_h10,,,,
same_rng_h10,10,,380,390,3,4,False,fresh_h10,,,,
same_rng_h10,10,,381,391,3,4,False,fresh_h10,,,,
same_rng_h10,10,,382,392,3,4,False,fresh_h10,,,,
same_rng_h10,10,,383,393,3,4,False,fresh_h10,,,,
same_rng_h10,10,,384,394,3,4,False,fresh_h10,,,,
same_rng_h10,10,,385,395,3,4,False,fresh_h10,,,,
same_rng_h10,10,,386,396,3,4,False,fresh_h10,,,,
same_rng_h10,10,,387,397,3,4,False,fresh_h10,,,,
same_rng_h10,10,,388,398,3,4,False,fresh_h10,,,,
same_rng_h10,10,,389,399,3,4,False,fresh_h10,,,,
same_rng_h10,10,,390,400,3,4,False,fresh_h10,,,,
same_rng_h10,10,,391,401,3,4,False,fresh_h10,,,,
same_rng_h10,10,,392,402,3,4,False,fresh_h10,,,,
same_rng_h10,10,,393,403,3,4,False,fresh_h10,,,,
same_rng_h10,10,,394,404,3,4,False,fresh_h10,,,,
same_rng_h10,10,,395,405,3,4,False,fresh_h10,,,,
same_rng_h10,10,,396,406,3,4,False,fresh_h10,,,,
same_rng_h10,10,,397,407,3,4,False,fresh_h10,,,,
same_rng_h10,10,,398,408,3,4,False,fresh_h10,,,,
same_rng_h10,10,,399,409,3,4,False,fresh_h10,,,,
same_rng_h10,10,,400,410,3,4,False,fresh_h10,,,,
same_rng_h10,10,,401,411,3,4,False,fresh_h10,,,,
same_rng_h10,10,,402,412,3,4,False,fresh_h10,,,,
same_rng_h10,10,,403,413,3,4,False,fresh_h10,,,,
same_rng_h10,10,,404,414,3,4,False,fresh_h10,,,,
same_rng_h10,10,,405,415,3,4,False,fresh_h10,,,,
same_rng_h10,10,,406,416,3,4,False,fresh_h10,,,,
same_rng_h10,10,,407,417,3,4,False,fresh_h10,,,,
same_rng_h10,10,,408,418,3,4,False,fresh_h10,,,,
same_rng_h10,10,,409,419,3,4,False,fresh_h10,,,,
same_rng_h10,10,,410,420,3,4,False,fresh_h10,,,,
same_rng_h10,10,,411,421,3,4,False,fresh_h10,,,,
same_rng_h10,10,,412,422,3,4,False,fresh_h10,,,,
same_rng_h10,10,,413,423,3,4,False,fresh_h10,,,,
same_rng_h10,10,,414,424,3,4,False,fresh_h10,,,,
same_rng_h10,10,,415,425,3,4,False,fresh_h10,,,,
same_rng_h10,10,,416,426,3,4,False,fresh_h10,,,,
same_rng_h10,10,,417,427,3,4,False,fresh_h10,,,,
same_rng_h10,10,,418,428,3,4,False,fresh_h10,,,,
same_rng_h10,10,,419,429,3,4,False,fresh_h10,,,,
same_rng_h10,10,,420,430,3,4,False,fresh_h10,,,,
same_rng_h10,10,,421,431,3,4,False,fresh_h10,,,,
same_rng_h10,10,,422,432,3,4,False,fresh_h10,,,,
same_rng_h10,10,,423,433,3,4,False,fresh_h10,,,,
same_rng_h10,10,,424,434,3,4,False,fresh_h10,,,,
same_rng_h10,10,,425,435,3,4,False,fresh_h10,,,,
same_rng_h10,10,,426,436,3,4,False,fresh_h10,,,,
same_rng_h10,10,,427,437,3,4,False,fresh_h10,,,,
same_rng_h10,10,,428,438,3,4,False,fresh_h10,,,,
same_rng_h10,10,,429,439,3,4,False,fresh_h10,,,,
same_rng_h10,10,,430,440,3,4,False,fresh_h10,,,,
same_rng_h10,10,,431,441,3,4,False,fresh_h10,,,,
same_rng_h10,10,,432,442,3,4,False,fresh_h10,,,,
same_rng_h10,10,,433,443,3,4,False,fresh_h10,,,,
same_rng_h10,10,,434,444,3,4,False,fresh_h10,,,,
same_rng_h10,10,,435,445,3,4,False,fresh_h10,,,,
same_rng_h10,10,,436,446,3,4,False,fresh_h10,,,,
same_rng_h10,10,,437,447,3,4,False,fresh_h10,,,,
same_rng_h10,10,,438,448,3,4,False,fresh_h10,,,,
same_rng_h10,10,,439,449,3,4,False,fresh_h10,,,,
same_rng_h10,10,,440,450,3,4,False,fresh_h10,,,,
same_rng_h10,10,,441,451,3,4,False,fresh_h10,,,,
same_rng_h10,10,,442,452,3,4,False,fresh_h10,,,,
same_rng_h10,10,,443,453,3,4,False,fresh_h10,,,,
same_rng_h10,10,,444,454,3,4,False,fresh_h10,,,,
same_rng_h10,10,,445,455,3,4,False,fresh_h10,,,,
same_rng_h10,10,,446,456,3,4,False,fresh_h10,,,,
same_rng_h10,10,,447,457,3,4,False,fresh_h10,,,,
same_rng_h10,10,,448,458,3,4,False,fresh_h10,,,,
same_rng_h10,10,,449,459,3,4,False,fresh_h10,,,,
same_rng_h10,10,,450,460,3,4,False,fresh_h10,,,,
same_rng_h10,10,,451,461,3,4,False,fresh_h10,,,,
same_rng_h10,10,,452,462,3,4,False,fresh_h10,,,,
same_rng_h10,10,,453,463,3,4,False,fresh_h10,,,,
same_rng_h10,10,,454,464,3,4,False,fresh_h10,,,,
same_rng_h10,10,,455,465,3,4,False,fresh_h10,,,,
same_rng_h10,10,,456,466,3,4,False,fresh_h10,,,,
same_rng_h10,10,,457,467,3,4,False,fresh_h10,,,,
same_rng_h10,10,,458,468,3,4,False,fresh_h10,,,,
same_rng_h10,10,,459,469,3,4,False,fresh_h10,,,,
same_rng_h10,10,,460,470,3,4,False,fresh_h10,,,,
same_rng_h10,10,,461,471,3,4,False,fresh_h10,,,,
same_rng_h10,10,,462,472,3,4,False,fresh_h10,,,,
same_rng_h10,10,,463,473,3,4,False,fresh_h10,,,,
same_rng_h10,10,,464,474,3,4,False,fresh_h10,,,,
same_rng_h10,10,,465,475,3,4,False,fresh_h10,,,,
same_rng_h10,10,,466,476,3,4,False,fresh_h10,,,,
same_rng_h10,10,,467,477,3,4,False,fresh_h10,,,,
same_rng_h10,10,,468,478,3,4,False,fresh_h10,,,,
same_rng_h10,10,,469,479,3,4,False,fresh_h10,,,,
same_rng_h10,10,,470,480,3,4,False,fresh_h10,,,,
same_rng_h10,10,,471,481,3,4,False,fresh_h10,,,,
same_rng_h10,10,,472,482,3,4,False,fresh_h10,,,,
same_rng_h10,10,,473,483,3,4,False,fresh_h10,,,,
same_rng_h10,10,,474,484,3,4,False,fresh_h10,,,,
same_rng_h10,10,,475,485,3,4,False,fresh_h10,,,,
same_rng_h10,10,,476,486,3,4,False,fresh_h10,,,,
same_rng_h10,10,,477,487,3,4,False,fresh_h10,,,,
same_rng_h10,10,,478,488,3,4,False,fresh_h10,,,,
same_rng_h10,10,,479,489,3,4,False,fresh_h10,,,,
same_rng_h10,10,,480,490,3,4,False,fresh_h10,,,,
same_rng_h10,10,,481,491,3,4,False,fresh_h10,,,,
same_rng_h10,10,,482,492,3,4,False,fresh_h10,,,,
same_rng_h10,10,,483,493,3,4,False,fresh_h10,,,,
same_rng_h10,10,,484,494,3,4,False,fresh_h10,,,,
same_rng_h10,10,,485,495,3,4,False,fresh_h10,,,,
same_rng_h10,10,,486,496,3,4,False,fresh_h10,,,,
same_rng_h10,10,,487,497,3,4,False,fresh_h10,,,,
same_rng_h10,10,,488,498,3,4,False,fresh_h10,,,,
same_rng_h10,10,,489,499,3,4,False,fresh_h10,,,,
same_rng_h10,10,,490,500,3,4,False,fresh_h10,,,,
same_rng_h10,10,,491,501,3,4,False,fresh_h10,,,,
same_rng_h10,10,,492,502,3,4,False,fresh_h10,,,,
same_rng_h10,10,,493,503,3,4,False,fresh_h10,,,,
same_rng_h10,10,,494,504,3,4,False,fresh_h10,,,,
same_rng_h10,10,,495,505,3,4,False,fresh_h10,,,,
same_rng_h10,10,,496,506,3,4,False,fresh_h10,,,,
same_rng_h10,10,,497,507,3,4,False,fresh_h10,,,,
same_rng_h10,10,,498,508,3,4,False,fresh_h10,,,,
same_rng_h10,10,,499,509,3,4,False,fresh_h10,,,,
same_rng_h10,10,,500,510,3,4,False,fresh_h10,,,,
same_rng_h10,10,,501,511,3,4,False,fresh_h10,,,,
same_rng_h10,10,,502,512,3,4,False,fresh_h10,,,,
same_rng_h10,10,,503,513,3,4,False,fresh_h10,,,,
same_rng_h10,10,,504,514,3,4,False,fresh_h10,,,,
same_rng_h10,10,,505,515,3,4,False,fresh_h10,,,,
same_rng_h10,10,,506,516,3,4,False,fresh_h10,,,,
same_rng_h10,10,,507,517,3,4,False,fresh_h10,,,,
same_rng_h10,10,,508,518,3,4,False,fresh_h10,,,,
same_rng_h10,10,,509,519,3,4,False,fresh_h10,,,,
same_rng_h10,10,,510,520,3,4,False,fresh_h10,,,,
same_rng_h10,10,,511,521,3,4,False,fresh_h10,,,,
same_rng_h10,10,,512,522,3,4,False,fresh_h10,,,,
same_rng_h10,10,,513,523,3,4,False,fresh_h10,,,,
same_rng_h10,10,,514,524,3,4,False,fresh_h10,,,,
same_rng_h10,10,,515,525,3,4,False,fresh_h10,,,,
same_rng_h10,10,,516,526,3,4,False,fresh_h10,,,,
same_rng_h10,10,,517,527,3,4,False,fresh_h10,,,,
same_rng_h10,10,,518,528,3,4,False,fresh_h10,,,,
same_rng_h10,10,,519,529,3,4,False,fresh_h10,,,,
same_rng_h10,10,,520,530,3,4,False,fresh_h10,,,,
same_rng_h10,10,,521,531,3,4,False,fresh_h10,,,,
same_rng_h10,10,,522,532,3,4,False,fresh_h10,,,,
same_rng_h10,10,,523,533,3,4,False,fresh_h10,,,,
same_rng_h10,10,,524,534,3,4,False,fresh_h10,,,,
same_rng_h10,10,,525,535,3,4,False,fresh_h10,,,,
same_rng_h10,10,,526,536,3,4,False,fresh_h10,,,,
same_rng_h10,10,,527,537,3,4,False,fresh_h10,,,,
same_rng_h10,10,,528,538,3,4,False,fresh_h10,,,,
same_rng_h10,10,,529,539,2,4,False,fresh_h10,,,,
same_rng_h10,10,,530,540,2,4,False,fresh_h10,,,,
same_rng_h10,10,,531,541,2,4,False,fresh_h10,,,,
same_rng_h10,10,,532,542,2,4,False,fresh_h10,,,,
same_rng_h10,10,,533,543,2,4,False,fresh_h10,,,,
same_rng_h10,10,,534,544,2,4,False,fresh_h10,,,,
same_rng_h10,10,,535,545,2,4,False,fresh_h10,,,,
same_rng_h10,10,,536,546,2,4,False,fresh_h10,,,,
same_rng_h10,10,,537,547,2,4,False,fresh_h10,,,,
same_rng_h10,10,,538,548,2,4,False,fresh_h10,,,,
same_rng_h10,10,,539,549,2,4,False,fresh_h10,,,,
same_rng_h10,10,,540,550,2,4,False,fresh_h10,,,,
same_rng_h10,10,,541,551,2,4,False,fresh_h10,,,,
same_rng_h10,10,,542,552,2,4,False,fresh_h10,,,,
same_rng_h10,10,,543,553,2,4,False,fresh_h10,,,,
same_rng_h10,10,,544,554,2,4,False,fresh_h10,,,,
same_rng_h10,10,,545,555,2,4,False,fresh_h10,,,,
same_rng_h10,10,,546,556,2,4,False,fresh_h10,,,,
same_rng_h10,10,,547,557,2,4,False,fresh_h10,,,,
same_rng_h10,10,,548,558,2,4,False,fresh_h10,,,,
same_rng_h10,10,,549,559,2,4,False,fresh_h10,,,,
same_rng_h10,10,,550,560,2,4,False,fresh_h10,,,,
same_rng_h10,10,,551,561,2,4,False,fresh_h10,,,,
same_rng_h10,10,,552,562,2,4,False,fresh_h10,,,,
same_rng_h10,10,,553,563,2,4,False,fresh_h10,,,,
same_rng_h10,10,,554,564,2,4,False,fresh_h10,,,,
same_rng_h10,10,,555,565,2,4,False,fresh_h10,,,,
same_rng_h10,10,,556,566,2,4,False,fresh_h10,,,,
same_rng_h10,10,,557,567,2,4,False,fresh_h10,,,,
same_rng_h10,10,,558,568,2,4,False,fresh_h10,,,,
same_rng_h10,10,,559,569,2,4,False,fresh_h10,,,,
same_rng_h10,10,,560,570,2,4,False,fresh_h10,,,,
same_rng_h10,10,,561,571,2,4,False,fresh_h10,,,,
same_rng_h10,10,,562,572,2,4,False,fresh_h10,,,,
same_rng_h10,10,,563,573,2,4,False,fresh_h10,,,,
same_rng_h10,10,,564,574,2,4,False,fresh_h10,,,,
same_rng_h10,10,,565,575,2,4,False,fresh_h10,,,,
same_rng_h10,10,,566,576,2,4,False,fresh_h10,,,,
same_rng_h10,10,,567,577,2,4,False,fresh_h10,,,,
same_rng_h10,10,,568,578,2,4,False,fresh_h10,,,,
same_rng_h10,10,,569,579,2,4,False,fresh_h10,,,,
same_rng_h10,10,,570,580,2,4,False,fresh_h10,,,,
same_rng_h10,10,,571,581,2,4,False,fresh_h10,,,,
same_rng_h10,10,,572,582,2,4,False,fresh_h10,,,,
same_rng_h10,10,,573,583,2,4,False,fresh_h10,,,,
same_rng_h10,10,,574,584,2,4,False,fresh_h10,,,,
same_rng_h10,10,,575,585,2,4,False,fresh_h10,,,,
same_rng_h10,10,,576,586,2,4,False,fresh_h10,,,,
same_rng_h10,10,,577,587,2,4,False,fresh_h10,,,,
same_rng_h10,10,,578,588,2,4,False,fresh_h10,,,,
same_rng_h10,10,,579,589,2,4,False,fresh_h10,,,,
same_rng_h10,10,,580,590,2,4,False,fresh_h10,,,,
same_rng_h10,10,,581,591,2,4,False,fresh_h10,,,,
same_rng_h10,10,,582,592,2,4,False,fresh_h10,,,,
same_rng_h10,10,,583,593,2,4,False,fresh_h10,,,,
same_rng_h10,10,,584,594,2,4,False,fresh_h10,,,,
same_rng_h10,10,,585,595,2,4,False,fresh_h10,,,,
same_rng_h10,10,,586,596,2,4,False,fresh_h10,,,,
same_rng_h10,10,,587,597,2,4,False,fresh_h10,,,,
same_rng_h10,10,,588,598,2,4,False,fresh_h10,,,,
same_rng_h10,10,,589,599,2,4,False,fresh_h10,,,,
same_rng_h10,10,,590,600,2,4,False,fresh_h10,,,,
same_rng_h10,10,,591,601,2,4,False,fresh_h10,,,,
same_rng_h10,10,,592,602,2,4,False,fresh_h10,,,,
same_rng_h10,10,,593,603,2,4,False,fresh_h10,,,,
same_rng_h10,10,,594,604,2,4,False,fresh_h10,,,,
same_rng_h10,10,,595,605,2,4,False,fresh_h10,,,,
same_rng_h10,10,,596,606,2,4,False,fresh_h10,,,,
same_rng_h10,10,,597,607,2,4,False,fresh_h10,,,,
same_rng_h10,10,,598,608,2,4,False,fresh_h10,,,,
same_rng_h10,10,,599,609,2,4,False,fresh_h10,,,,
same_rng_h10,10,,600,610,2,4,False,fresh_h10,,,,
queue,10,2,1,11,2,4,False,previous_plan_remainder,0,10,4.809328935095891e-09,0.0
queue,10,2,2,12,2,4,False,previous_plan_remainder,1,11,1.0753986146028183e-08,0.0
queue,10,2,3,13,2,4,False,fresh_chunk_suffix,2,2,0.04856759309768677,0.0
queue,10,2,4,14,2,4,False,fresh_chunk_suffix,3,3,0.11111444234848022,0.0
queue,10,2,5,15,2,4,False,fresh_chunk_suffix,4,4,0.1684430092573166,0.0
queue,10,2,6,16,2,4,False,fresh_chunk_suffix,5,5,0.2091137170791626,0.0
queue,10,2,7,17,2,4,False,fresh_chunk_suffix,6,6,0.2362399846315384,0.0
queue,10,2,8,18,2,4,False,fresh_chunk_suffix,7,7,0.26842281222343445,0.0
queue,10,2,9,19,2,4,False,fresh_chunk_suffix,8,8,0.3003136217594147,0.0
queue,10,2,10,20,2,4,False,fresh_chunk_suffix,9,9,0.3209695816040039,0.0
queue,10,2,11,21,2,4,False,previous_plan_remainder,0,10,0.33633217215538025,0.0
queue,10,2,12,22,2,4,False,previous_plan_remainder,1,11,0.355865478515625,0.0
queue,10,2,13,23,2,4,False,fresh_chunk_suffix,2,2,0.3708137273788452,0.0
queue,10,2,14,24,2,4,False,fresh_chunk_suffix,3,3,0.3877471387386322,0.0
queue,10,2,15,25,2,4,False,fresh_chunk_suffix,4,4,0.40436241030693054,0.0
queue,10,2,16,26,2,4,False,fresh_chunk_suffix,5,5,0.42679473757743835,0.0
queue,10,2,17,27,2,4,False,fresh_chunk_suffix,6,6,0.450925350189209,0.0
queue,10,2,18,28,2,4,False,fresh_chunk_suffix,7,7,0.4749523401260376,0.0
queue,10,2,19,29,2,4,False,fresh_chunk_suffix,8,8,0.5009872317314148,0.0
queue,10,2,20,30,2,4,False,fresh_chunk_suffix,9,9,0.5240969657897949,0.0
queue,10,2,21,31,2,4,False,previous_plan_remainder,0,10,0.5435524582862854,0.0
queue,10,2,22,32,2,4,False,previous_plan_remainder,1,11,0.5610395669937134,0.0
queue,10,2,23,33,2,4,False,fresh_chunk_suffix,2,2,0.5792717933654785,0.0
queue,10,2,24,34,2,4,False,fresh_chunk_suffix,3,3,0.5968393087387085,0.0
queue,10,2,25,35,2,4,False,fresh_chunk_suffix,4,4,0.6112098693847656,0.0
queue,10,2,26,36,2,4,False,fresh_chunk_suffix,5,5,0.6207095384597778,0.0
queue,10,2,27,37,2,4,False,fresh_chunk_suffix,6,6,0.6316250562667847,0.0
queue,10,2,28,38,2,4,False,fresh_chunk_suffix,7,7,0.6399586200714111,0.0
queue,10,2,29,39,2,4,False,fresh_chunk_suffix,8,8,0.6478554606437683,0.0
queue,10,2,30,40,2,4,False,fresh_chunk_suffix,9,9,0.6496339440345764,0.0
queue,10,2,31,41,2,4,False,previous_plan_remainder,0,10,0.6523219347000122,5.424104543294561e-08
queue,10,2,32,42,2,4,False,previous_plan_remainder,1,11,0.6295397877693176,5.808497007819824e-07
queue,10,2,33,43,2,4,False,fresh_chunk_suffix,2,2,0.6017411351203918,6.039706022420432e-06
queue,10,2,34,44,2,4,False,fresh_chunk_suffix,3,3,0.5779715776443481,1.9945531676057726e-05
queue,10,2,35,45,2,4,False,fresh_chunk_suffix,4,4,0.5554693937301636,3.1301788112614304e-05
queue,10,2,36,46,2,4,False,fresh_chunk_suffix,5,5,0.5304020643234253,4.258409171598032e-05
queue,10,2,37,47,2,4,False,fresh_chunk_suffix,6,6,0.5105124711990356,4.095588155905716e-05
queue,10,2,38,48,2,4,False,fresh_chunk_suffix,7,7,0.4951567053794861,3.695797568070702e-05
queue,10,2,39,49,2,4,False,fresh_chunk_suffix,8,8,0.48940709233283997,3.669314173748717e-05
queue,10,2,40,50,2,4,False,fresh_chunk_suffix,9,9,0.4972880482673645,3.612060027080588e-05
queue,10,2,41,51,2,4,False,previous_plan_remainder,0,10,0.5092278718948364,3.661416485556401e-05
queue,10,2,42,52,2,4,False,previous_plan_remainder,1,11,0.5188831686973572,3.344027936691418e-05
queue,10,2,43,53,2,4,False,fresh_chunk_suffix,2,2,0.5264618992805481,3.424720489419997e-05
queue,10,2,44,54,2,4,False,fresh_chunk_suffix,3,3,0.5335224270820618,3.39190119120758e-05
queue,10,2,45,55,2,4,False,fresh_chunk_suffix,4,4,0.5448285937309265,4.1615065129008144e-05
queue,10,2,46,56,2,4,False,fresh_chunk_suffix,5,5,0.5582127571105957,3.868917701765895e-05
queue,10,2,47,57,2,4,False,fresh_chunk_suffix,6,6,0.5743566751480103,4.4061838707420975e-05
queue,10,2,48,58,2,4,False,fresh_chunk_suffix,7,7,0.5862019658088684,4.169376188656315e-05
queue,10,2,49,59,2,4,False,fresh_chunk_suffix,8,8,0.5970200300216675,4.2872841731878e-05
queue,10,2,50,60,2,4,False,fresh_chunk_suffix,9,9,0.6079509258270264,4.504758180701174e-05
queue,10,2,51,61,2,4,False,previous_plan_remainder,0,10,0.6196110844612122,4.4583728595171124e-05
queue,10,2,52,62,2,4,False,previous_plan_remainder,1,11,0.634558916091919,3.9291349821724e-05
queue,10,2,53,63,2,4,False,fresh_chunk_suffix,2,2,0.6550182104110718,4.182430711807683e-05
queue,10,2,54,64,2,4,False,fresh_chunk_suffix,3,3,0.6736388802528381,3.97884905396495e-05
queue,10,2,55,65,2,4,False,fresh_chunk_suffix,4,4,0.6972343325614929,4.3471940443851054e-05
queue,10,2,56,66,2,4,False,fresh_chunk_suffix,5,5,0.7202813625335693,5.070361294201575e-05
queue,10,2,57,67,2,4,False,fresh_chunk_suffix,6,6,0.7417969107627869,6.478191789938137e-05
queue,10,2,58,68,2,4,False,fresh_chunk_suffix,7,7,0.7601426243782043,0.0001120796223403886
queue,10,2,59,69,2,4,False,fresh_chunk_suffix,8,8,0.7703582644462585,0.00016145037079695612
queue,10,2,60,70,2,4,False,fresh_chunk_suffix,9,9,0.7771721482276917,0.0001905096141854301
queue,10,2,61,71,2,4,False,previous_plan_remainder,0,10,0.7773125171661377,0.00020146059978287667
queue,10,2,62,72,2,4,False,previous_plan_remainder,1,11,0.7826107740402222,0.0002170160150853917
queue,10,2,63,73,2,4,False,fresh_chunk_suffix,2,2,0.7952703237533569,0.00021485800971277058
queue,10,2,64,74,2,4,False,fresh_chunk_suffix,3,3,0.8056468367576599,0.0002051516785286367
queue,10,2,65,75,2,4,False,fresh_chunk_suffix,4,4,0.7992125749588013,0.00018257855845149606
queue,10,2,66,76,2,4,False,fresh_chunk_suffix,5,5,0.7911037802696228,0.00013154953194316477
queue,10,2,67,77,2,4,False,fresh_chunk_suffix,6,6,0.7739372849464417,3.3924163290066645e-05
queue,10,2,68,78,2,4,False,fresh_chunk_suffix,7,7,0.7541550993919373,0.00011774145241361111
queue,10,2,69,79,2,4,False,fresh_chunk_suffix,8,8,0.7218373417854309,0.00025612942408770323
queue,10,2,70,80,2,4,False,fresh_chunk_suffix,9,9,0.6822145581245422,0.00043405964970588684
queue,10,2,71,81,2,4,False,previous_plan_remainder,0,10,0.654878556728363,0.000634478114079684
queue,10,2,72,82,2,4,False,previous_plan_remainder,1,11,0.633251428604126,0.0008804936660453677
queue,10,2,73,83,2,4,False,fresh_chunk_suffix,2,2,0.5877462029457092,0.0011401473311707377
queue,10,2,74,84,2,4,False,fresh_chunk_suffix,3,3,0.5385527610778809,0.001187777379527688
queue,10,2,75,85,2,4,False,fresh_chunk_suffix,4,4,0.5067780017852783,0.001025021425448358
queue,10,2,76,86,2,4,False,fresh_chunk_suffix,5,5,0.48675885796546936,0.0008861146634444594
queue,10,2,77,87,2,4,False,fresh_chunk_suffix,6,6,0.4687114655971527,0.0008748957188799977
queue,10,2,78,88,2,4,False,fresh_chunk_suffix,7,7,0.4610525965690613,0.0009300617384724319
queue,10,2,79,89,2,4,False,fresh_chunk_suffix,8,8,0.4545034170150757,0.0010962610831484199
queue,10,2,80,90,2,4,False,fresh_chunk_suffix,9,9,0.4507281482219696,0.0013560763327404857
queue,10,2,81,91,2,4,False,previous_plan_remainder,0,10,0.45537692308425903,0.0019071036949753761
queue,10,2,82,92,2,4,False,previous_plan_remainder,1,11,0.46709316968917847,0.0026120825204998255
queue,10,2,83,93,2,4,False,fresh_chunk_suffix,2,2,0.47152775526046753,0.003471425035968423
queue,10,2,84,94,2,4,False,fresh_chunk_suffix,3,3,0.4811391234397888,0.0044049606658518314
queue,10,2,85,95,2,4,False,fresh_chunk_suffix,4,4,0.4929038882255554,0.005535947158932686
queue,10,2,86,96,2,4,False,fresh_chunk_suffix,5,5,0.4966244697570801,0.006806695833802223
queue,10,2,87,97,2,4,False,fresh_chunk_suffix,6,6,0.49815791845321655,0.008150805719196796
queue,10,2,88,98,2,4,False,fresh_chunk_suffix,7,7,0.4949691891670227,0.009647146798670292
queue,10,2,89,99,2,4,False,fresh_chunk_suffix,8,8,0.4972216486930847,0.011272511444985867
queue,10,2,90,100,2,4,False,fresh_chunk_suffix,9,9,0.513611376285553,0.013054783456027508
queue,10,2,91,101,2,4,False,previous_plan_remainder,0,10,0.5326380729675293,0.015001107007265091
queue,10,2,92,102,2,4,False,previous_plan_remainder,1,11,0.5486611723899841,0.017115624621510506
queue,10,2,93,103,2,4,False,fresh_chunk_suffix,2,2,0.5757872462272644,0.019408537074923515
queue,10,2,94,104,2,4,False,fresh_chunk_suffix,3,3,0.5964657068252563,0.02183758281171322
queue,10,2,95,105,2,4,False,fresh_chunk_suffix,4,4,0.6195687055587769,0.024267693981528282
queue,10,2,96,106,2,4,False,fresh_chunk_suffix,5,5,0.633050262928009,0.026567544788122177
queue,10,2,97,107,2,4,False,fresh_chunk_suffix,6,6,0.6442883610725403,0.028592253103852272
queue,10,2,98,108,2,4,False,fresh_chunk_suffix,7,7,0.6548646688461304,0.030351709574460983
queue,10,2,99,109,2,4,False,fresh_chunk_suffix,8,8,0.6603904366493225,0.031817659735679626
queue,10,2,100,110,2,4,False,fresh_chunk_suffix,9,9,0.6673969626426697,0.03302634507417679
queue,10,2,101,111,2,4,False,previous_plan_remainder,0,10,0.673682689666748,0.03395932540297508
queue,10,2,102,112,2,4,False,previous_plan_remainder,1,11,0.6844797134399414,0.034585095942020416
queue,10,2,103,113,2,4,False,fresh_chunk_suffix,2,2,0.6849790215492249,0.03499310091137886
queue,10,2,104,114,2,4,False,fresh_chunk_suffix,3,3,0.6782295107841492,0.035290829837322235
queue,10,2,105,115,2,4,False,fresh_chunk_suffix,4,4,0.664189875125885,0.03563152626156807
queue,10,2,106,116,2,4,False,fresh_chunk_suffix,5,5,0.6530112028121948,0.03601895272731781
queue,10,2,107,117,2,4,False,fresh_chunk_suffix,6,6,0.6388427019119263,0.03653905913233757
queue,10,2,108,118,2,4,False,fresh_chunk_suffix,7,7,0.6181805729866028,0.03723315894603729
queue,10,2,109,119,2,4,False,fresh_chunk_suffix,8,8,0.5919109582901001,0.03785469010472298
queue,10,2,110,120,2,4,False,fresh_chunk_suffix,9,9,0.5819671154022217,0.0381401963531971
queue,10,2,111,121,2,4,False,previous_plan_remainder,0,10,0.5833314657211304,0.03816186636686325
queue,10,2,112,122,2,4,False,previous_plan_remainder,1,11,0.593690812587738,0.03821820765733719
queue,10,2,113,123,2,4,False,fresh_chunk_suffix,2,2,0.602078914642334,0.03847700357437134
queue,10,2,114,124,2,4,False,fresh_chunk_suffix,3,3,0.6131738424301147,0.03897729143500328
queue,10,2,115,125,2,4,False,fresh_chunk_suffix,4,4,0.6177833080291748,0.039634618908166885
queue,10,2,116,126,2,4,False,fresh_chunk_suffix,5,5,0.6297480463981628,0.04021748900413513
queue,10,2,117,127,2,4,False,fresh_chunk_suffix,6,6,0.6408103108406067,0.040546536445617676
queue,10,2,118,128,2,4,False,fresh_chunk_suffix,7,7,0.6482380032539368,0.04071901738643646
queue,10,2,119,129,2,4,False,fresh_chunk_suffix,8,8,0.6494153738021851,0.040741629898548126
queue,10,2,120,130,2,4,False,fresh_chunk_suffix,9,9,0.6354340314865112,0.04073319956660271
queue,10,2,121,131,2,4,False,previous_plan_remainder,0,10,0.618890643119812,0.04070460423827171
queue,10,2,122,132,2,4,False,previous_plan_remainder,1,11,0.6035913825035095,0.040711209177970886
queue,10,2,123,133,2,4,False,fresh_chunk_suffix,2,2,0.5764601230621338,0.04070450738072395
queue,10,2,124,134,2,4,False,fresh_chunk_suffix,3,3,0.5390425324440002,0.04069294407963753
queue,10,2,125,135,2,4,False,fresh_chunk_suffix,4,4,0.5076647400856018,0.04068942740559578
queue,10,2,126,136,2,4,False,fresh_chunk_suffix,5,5,0.4659934937953949,0.04067046940326691
queue,10,2,127,137,2,4,False,fresh_chunk_suffix,6,6,0.44304949045181274,0.04057905822992325
queue,10,2,128,138,2,4,False,fresh_chunk_suffix,7,7,0.43449893593788147,0.04039657115936279
queue,10,2,129,139,2,4,False,fresh_chunk_suffix,8,8,0.4422382712364197,0.04018889367580414
queue,10,2,130,140,2,4,False,fresh_chunk_suffix,9,9,0.4613021910190582,0.040013741701841354
queue,10,2,131,141,2,4,False,previous_plan_remainder,0,10,0.487640380859375,0.03984130173921585
queue,10,2,132,142,2,4,False,previous_plan_remainder,1,11,0.525148332118988,0.03962576389312744
queue,10,2,133,143,2,4,False,fresh_chunk_suffix,2,2,0.577681303024292,0.039361584931612015
queue,10,2,134,144,2,4,False,fresh_chunk_suffix,3,3,0.6373169422149658,0.03898753225803375
queue,10,2,135,145,2,4,False,fresh_chunk_suffix,4,4,0.7028945684432983,0.03846972808241844
queue,10,2,136,146,2,4,False,fresh_chunk_suffix,5,5,0.7696255445480347,0.03779077157378197
queue,10,2,137,147,2,4,False,fresh_chunk_suffix,6,6,0.8409897089004517,0.037009868770837784
queue,10,2,138,148,2,4,False,fresh_chunk_suffix,7,7,0.9111749529838562,0.036252692341804504
queue,10,2,139,149,2,4,False,fresh_chunk_suffix,8,8,0.985872745513916,0.035620640963315964
queue,10,2,140,150,2,4,False,fresh_chunk_suffix,9,9,1.058567762374878,0.03508936986327171
queue,10,2,141,151,2,4,False,previous_plan_remainder,0,10,1.110282063484192,0.03464871644973755
queue,10,2,142,152,2,4,False,previous_plan_remainder,1,11,1.1535050868988037,0.03428086265921593
queue,10,2,143,153,2,4,False,fresh_chunk_suffix,2,2,1.1903345584869385,0.03397250548005104
queue,10,2,144,154,3,4,False,fresh_chunk_suffix,3,3,1.217100739479065,0.03376045078039169
queue,10,2,145,155,3,4,False,fresh_chunk_suffix,4,4,1.2330560684204102,0.0336255207657814
queue,10,2,146,156,3,4,False,fresh_chunk_suffix,5,5,1.2221107482910156,0.03353852406144142
queue,10,2,147,157,3,4,False,fresh_chunk_suffix,6,6,1.1986136436462402,0.03349859640002251
queue,10,2,148,158,3,4,False,fresh_chunk_suffix,7,7,1.1755952835083008,0.03349270671606064
queue,10,2,149,159,3,4,False,fresh_chunk_suffix,8,8,1.1673400402069092,0.03353153541684151
queue,10,2,150,160,3,4,False,fresh_chunk_suffix,9,9,1.1739436388015747,0.03357663378119469
queue,10,2,151,161,3,4,False,previous_plan_remainder,0,10,1.1911338567733765,0.03361581265926361
queue,10,2,152,162,3,4,False,previous_plan_remainder,1,11,1.2227972745895386,0.03365688771009445
queue,10,2,153,163,3,4,False,fresh_chunk_suffix,2,2,1.2839281558990479,0.033710822463035583
queue,10,2,154,164,3,4,False,fresh_chunk_suffix,3,3,1.3414340019226074,0.03375977650284767
queue,10,2,155,165,3,4,False,fresh_chunk_suffix,4,4,1.3887828588485718,0.033810004591941833
queue,10,2,156,166,3,4,False,fresh_chunk_suffix,5,5,1.429955244064331,0.033862609416246414
queue,10,2,157,167,3,4,False,fresh_chunk_suffix,6,6,1.4609804153442383,0.03392498195171356
queue,10,2,158,168,3,4,False,fresh_chunk_suffix,7,7,1.4761662483215332,0.03397904708981514
queue,10,2,159,169,3,4,False,fresh_chunk_suffix,8,8,1.4898147583007812,0.03402987867593765
queue,10,2,160,170,3,4,False,fresh_chunk_suffix,9,9,1.498393177986145,0.034063756465911865
queue,10,2,161,171,3,4,False,previous_plan_remainder,0,10,1.5019580125808716,0.03408906236290932
queue,10,2,162,172,3,4,False,previous_plan_remainder,1,11,1.5022255182266235,0.034124523401260376
queue,10,2,163,173,3,4,False,fresh_chunk_suffix,2,2,1.5179239511489868,0.034153733402490616
queue,10,2,164,174,3,4,False,fresh_chunk_suffix,3,3,1.5406254529953003,0.03418976813554764
queue,10,2,165,175,3,4,False,fresh_chunk_suffix,4,4,1.555271029472351,0.03422139957547188
queue,10,2,166,176,3,4,False,fresh_chunk_suffix,5,5,1.5517215728759766,0.03425660356879234
queue,10,2,167,177,3,4,False,fresh_chunk_suffix,6,6,1.5320671796798706,0.03427783399820328
queue,10,2,168,178,3,4,False,fresh_chunk_suffix,7,7,1.4901214838027954,0.034293729811906815
queue,10,2,169,179,3,4,False,fresh_chunk_suffix,8,8,1.4378670454025269,0.03432522341609001
queue,10,2,170,180,3,4,False,fresh_chunk_suffix,9,9,1.3790791034698486,0.03435264900326729
queue,10,2,171,181,3,4,False,previous_plan_remainder,0,10,1.3140133619308472,0.03438234701752663
queue,10,2,172,182,3,4,False,previous_plan_remainder,1,11,1.251409888267517,0.03439207002520561
queue,10,2,173,183,3,4,False,fresh_chunk_suffix,2,2,1.1872018575668335,0.03442492336034775
queue,10,2,174,184,3,4,False,fresh_chunk_suffix,3,3,1.12490975856781,0.03445424884557724
queue,10,2,175,185,3,4,False,fresh_chunk_suffix,4,4,1.0642614364624023,0.034470658749341965
queue,10,2,176,186,3,4,False,fresh_chunk_suffix,5,5,0.9994211196899414,0.03448953852057457
queue,10,2,177,187,3,4,False,fresh_chunk_suffix,6,6,0.9354088306427002,0.034510500729084015
queue,10,2,178,188,3,4,False,fresh_chunk_suffix,7,7,0.8715976476669312,0.03453170135617256
queue,10,2,179,189,3,4,False,fresh_chunk_suffix,8,8,0.8120830059051514,0.03454677388072014
queue,10,2,180,190,3,4,False,fresh_chunk_suffix,9,9,0.7526431679725647,0.034567318856716156
queue,10,2,181,191,3,4,False,previous_plan_remainder,0,10,0.6910651326179504,0.03457946702837944
queue,10,2,182,192,3,4,False,previous_plan_remainder,1,11,0.628750205039978,0.034589845687150955
queue,10,2,183,193,3,4,False,fresh_chunk_suffix,2,2,0.5701875686645508,0.03460915386676788
queue,10,2,184,194,3,4,False,fresh_chunk_suffix,3,3,0.5139760375022888,0.03462055325508118
queue,10,2,185,195,3,4,False,fresh_chunk_suffix,4,4,0.4587271213531494,0.034636225551366806
queue,10,2,186,196,3,4,False,fresh_chunk_suffix,5,5,0.4060794711112976,0.03465257212519646
queue,10,2,187,197,3,4,False,fresh_chunk_suffix,6,6,0.3562606871128082,0.03467101976275444
queue,10,2,188,198,3,4,False,fresh_chunk_suffix,7,7,0.3081897795200348,0.03467540442943573
queue,10,2,189,199,3,4,False,fresh_chunk_suffix,8,8,0.26297420263290405,0.034689661115407944
queue,10,2,190,200,3,4,False,fresh_chunk_suffix,9,9,0.2212056964635849,0.0346948504447937
queue,10,2,191,201,3,4,False,previous_plan_remainder,0,10,0.18289460241794586,0.034701619297266006
queue,10,2,192,202,3,4,False,previous_plan_remainder,1,11,0.14875483512878418,0.03470391780138016
queue,10,2,193,203,3,4,False,fresh_chunk_suffix,2,2,0.12095050513744354,0.03471587970852852
queue,10,2,194,204,3,4,False,fresh_chunk_suffix,3,3,0.10210582613945007,0.03473101556301117
queue,10,2,195,205,3,4,False,fresh_chunk_suffix,4,4,0.09163784235715866,0.03474656492471695
queue,10,2,196,206,3,4,False,fresh_chunk_suffix,5,5,0.08667858690023422,0.03475316986441612
queue,10,2,197,207,3,4,False,fresh_chunk_suffix,6,6,0.08536876738071442,0.03476424142718315
queue,10,2,198,208,3,4,False,fresh_chunk_suffix,7,7,0.08377493172883987,0.03477271646261215
queue,10,2,199,209,3,4,False,fresh_chunk_suffix,8,8,0.08326556533575058,0.03478698059916496
queue,10,2,200,210,3,4,False,fresh_chunk_suffix,9,9,0.08393388241529465,0.03479999676346779
queue,10,2,201,211,3,4,False,previous_plan_remainder,0,10,0.08459785580635071,0.034817397594451904
queue,10,2,202,212,3,4,False,previous_plan_remainder,1,11,0.08486438542604446,0.03483162447810173
queue,10,2,203,213,3,4,False,fresh_chunk_suffix,2,2,0.08400292694568634,0.03484051302075386
queue,10,2,204,214,3,4,False,fresh_chunk_suffix,3,3,0.08422108739614487,0.03485702723264694
queue,10,2,205,215,3,4,False,fresh_chunk_suffix,4,4,0.08535084873437881,0.03486430644989014
queue,10,2,206,216,3,4,False,fresh_chunk_suffix,5,5,0.0862475037574768,0.034883830696344376
queue,10,2,207,217,3,4,False,fresh_chunk_suffix,6,6,0.0866275355219841,0.03489341586828232
queue,10,2,208,218,3,4,False,fresh_chunk_suffix,7,7,0.08690548688173294,0.03490205854177475
queue,10,2,209,219,3,4,False,fresh_chunk_suffix,8,8,0.0871344655752182,0.03491339087486267
queue,10,2,210,220,3,4,False,fresh_chunk_suffix,9,9,0.08617670089006424,0.03493484854698181
queue,10,2,211,221,3,4,False,previous_plan_remainder,0,10,0.08526065200567245,0.03496040403842926
queue,10,2,212,222,3,4,False,previous_plan_remainder,1,11,0.08488362282514572,0.03498094901442528
queue,10,2,213,223,3,4,False,fresh_chunk_suffix,2,2,0.08526051044464111,0.03501328453421593
queue,10,2,214,224,3,4,False,fresh_chunk_suffix,3,3,0.08649211376905441,0.03506056219339371
queue,10,2,215,225,3,4,False,fresh_chunk_suffix,4,4,0.08785663545131683,0.035087861120700836
queue,10,2,216,226,3,4,False,fresh_chunk_suffix,5,5,0.09087201952934265,0.03511691465973854
queue,10,2,217,227,3,4,False,fresh_chunk_suffix,6,6,0.09313582628965378,0.03514228016138077
queue,10,2,218,228,3,4,False,fresh_chunk_suffix,7,7,0.0945277288556099,0.03516659513115883
queue,10,2,219,229,3,4,False,fresh_chunk_suffix,8,8,0.09511226415634155,0.03521477058529854
queue,10,2,220,230,3,4,False,fresh_chunk_suffix,9,9,0.09552604705095291,0.03523648530244827
queue,10,2,221,231,3,4,False,previous_plan_remainder,0,10,0.09580007195472717,0.035254817456007004
queue,10,2,222,232,3,4,False,previous_plan_remainder,1,11,0.09611006081104279,0.03526559844613075
queue,10,2,223,233,3,4,False,fresh_chunk_suffix,2,2,0.09759591519832611,0.035287994891405106
queue,10,2,224,234,3,4,False,fresh_chunk_suffix,3,3,0.09947407245635986,0.03531644120812416
queue,10,2,225,235,3,4,False,fresh_chunk_suffix,4,4,0.10151218622922897,0.03533226624131203
queue,10,2,226,236,3,4,False,fresh_chunk_suffix,5,5,0.10722946375608444,0.035351675003767014
queue,10,2,227,237,3,4,False,fresh_chunk_suffix,6,6,0.11115061491727829,0.03537105768918991
queue,10,2,228,238,3,4,False,fresh_chunk_suffix,7,7,0.11240147799253464,0.03538457676768303
queue,10,2,229,239,3,4,False,fresh_chunk_suffix,8,8,0.11341971904039383,0.03540441021323204
queue,10,2,230,240,3,4,False,fresh_chunk_suffix,9,9,0.11418832093477249,0.035410888493061066
queue,10,2,231,241,3,4,False,previous_plan_remainder,0,10,0.11423615366220474,0.03542928025126457
queue,10,2,232,242,3,4,False,previous_plan_remainder,1,11,0.11297781020402908,0.03544093668460846
queue,10,2,233,243,3,4,False,fresh_chunk_suffix,2,2,0.11186836659908295,0.035464923828840256
queue,10,2,234,244,3,4,False,fresh_chunk_suffix,3,3,0.11103963851928711,0.03548267483711243
queue,10,2,235,245,3,4,False,fresh_chunk_suffix,4,4,0.1120336502790451,0.035507746040821075
queue,10,2,236,246,3,4,False,fresh_chunk_suffix,5,5,0.11249712109565735,0.03552394360303879
queue,10,2,237,247,3,4,False,fresh_chunk_suffix,6,6,0.11342204362154007,0.03555299714207649
queue,10,2,238,248,3,4,False,fresh_chunk_suffix,7,7,0.11292088031768799,0.03557087853550911
queue,10,2,239,249,3,4,False,fresh_chunk_suffix,8,8,0.11335302889347076,0.03559994325041771
queue,10,2,240,250,3,4,False,fresh_chunk_suffix,9,9,0.11307957768440247,0.03561399132013321
queue,10,2,241,251,3,4,False,previous_plan_remainder,0,10,0.11410178989171982,0.03564717620611191
queue,10,2,242,252,3,4,False,previous_plan_remainder,1,11,0.11473861336708069,0.035672351717948914
queue,10,2,243,253,3,4,False,fresh_chunk_suffix,2,2,0.1120532676577568,0.03570396080613136
queue,10,2,244,254,3,4,False,fresh_chunk_suffix,3,3,0.10968572646379471,0.035729993134737015
queue,10,2,245,255,3,4,False,fresh_chunk_suffix,4,4,0.10841725021600723,0.035767894238233566
queue,10,2,246,256,3,4,False,fresh_chunk_suffix,5,5,0.10640551894903183,0.035796377807855606
queue,10,2,247,257,3,4,False,fresh_chunk_suffix,6,6,0.10528159141540527,0.03583706170320511
queue,10,2,248,258,3,4,False,fresh_chunk_suffix,7,7,0.10423554480075836,0.03585999086499214
queue,10,2,249,259,3,4,False,fresh_chunk_suffix,8,8,0.1038142740726471,0.035901766270399094
queue,10,2,250,260,3,4,False,fresh_chunk_suffix,9,9,0.10385087132453918,0.03593708574771881
queue,10,2,251,261,3,4,False,previous_plan_remainder,0,10,0.10442885756492615,0.03597279265522957
queue,10,2,252,262,3,4,False,previous_plan_remainder,1,11,0.10557132959365845,0.035998404026031494
queue,10,2,253,263,3,4,False,fresh_chunk_suffix,2,2,0.10631699860095978,0.03603212162852287
queue,10,2,254,264,3,4,False,fresh_chunk_suffix,3,3,0.10668744891881943,0.03606683760881424
queue,10,2,255,265,3,4,False,fresh_chunk_suffix,4,4,0.10704030096530914,0.036099981516599655
queue,10,2,256,266,3,4,False,fresh_chunk_suffix,5,5,0.10737375915050507,0.03613113611936569
queue,10,2,257,267,3,4,False,fresh_chunk_suffix,6,6,0.10815677046775818,0.036165766417980194
queue,10,2,258,268,3,4,False,fresh_chunk_suffix,7,7,0.10995340347290039,0.03619275987148285
queue,10,2,259,269,3,4,False,fresh_chunk_suffix,8,8,0.11179021000862122,0.03623160719871521
queue,10,2,260,270,3,4,False,fresh_chunk_suffix,9,9,0.11369363218545914,0.03625350818037987
queue,10,2,261,271,3,4,False,previous_plan_remainder,0,10,0.11525370925664902,0.036284662783145905
queue,10,2,262,272,3,4,False,previous_plan_remainder,1,11,0.11595339328050613,0.0363222099840641
queue,10,2,263,273,3,4,False,fresh_chunk_suffix,2,2,0.11619154363870621,0.03635378181934357
queue,10,2,264,274,3,4,False,fresh_chunk_suffix,3,3,0.11714009940624237,0.0363781675696373
queue,10,2,265,275,3,4,False,fresh_chunk_suffix,4,4,0.11839772760868073,0.03641228750348091
queue,10,2,266,276,3,4,False,fresh_chunk_suffix,5,5,0.11984323710203171,0.03643644601106644
queue,10,2,267,277,3,4,False,fresh_chunk_suffix,6,6,0.12033313512802124,0.036447249352931976
queue,10,2,268,278,3,4,False,fresh_chunk_suffix,7,7,0.12039986252784729,0.036476101726293564
queue,10,2,269,279,3,4,False,fresh_chunk_suffix,8,8,0.11983420699834824,0.03650614619255066
queue,10,2,270,280,3,4,False,fresh_chunk_suffix,9,9,0.11908618360757828,0.03652813658118248
queue,10,2,271,281,3,4,False,previous_plan_remainder,0,10,0.11880334466695786,0.03654443100094795
queue,10,2,272,282,3,4,False,previous_plan_remainder,1,11,0.1184476837515831,0.03655719757080078
queue,10,2,273,283,3,4,False,fresh_chunk_suffix,2,2,0.11939454823732376,0.03657321631908417
queue,10,2,274,284,3,4,False,fresh_chunk_suffix,3,3,0.12024176865816116,0.03658018633723259
queue,10,2,275,285,3,4,False,fresh_chunk_suffix,4,4,0.12164824455976486,0.03660571575164795
queue,10,2,276,286,3,4,False,fresh_chunk_suffix,5,5,0.12286128848791122,0.03662194684147835
queue,10,2,277,287,3,4,False,fresh_chunk_suffix,6,6,0.12386184185743332,0.036633096635341644
queue,10,2,278,288,3,4,False,fresh_chunk_suffix,7,7,0.12453585118055344,0.03664784878492355
queue,10,2,279,289,3,4,False,fresh_chunk_suffix,8,8,0.12505392730236053,0.036668937653303146
queue,10,2,280,290,3,4,False,fresh_chunk_suffix,9,9,0.12743522226810455,0.03669211268424988
queue,10,2,281,291,3,4,False,previous_plan_remainder,0,10,0.12925848364830017,0.036710649728775024
queue,10,2,282,292,3,4,False,previous_plan_remainder,1,11,0.13078555464744568,0.036726921796798706
queue,10,2,283,293,3,4,False,fresh_chunk_suffix,2,2,0.13103827834129333,0.036732017993927
queue,10,2,284,294,3,4,False,fresh_chunk_suffix,3,3,0.13072757422924042,0.03674250841140747
queue,10,2,285,295,3,4,False,fresh_chunk_suffix,4,4,0.1319790631532669,0.0367589071393013
queue,10,2,286,296,3,4,False,fresh_chunk_suffix,5,5,0.13288532197475433,0.03677257522940636
queue,10,2,287,297,3,4,False,fresh_chunk_suffix,6,6,0.13369432091712952,0.03678898140788078
queue,10,2,288,298,3,4,False,fresh_chunk_suffix,7,7,0.13442888855934143,0.03679534047842026
queue,10,2,289,299,3,4,False,fresh_chunk_suffix,8,8,0.13530273735523224,0.03681334853172302
queue,10,2,290,300,3,4,False,fresh_chunk_suffix,9,9,0.13563233613967896,0.0368201844394207
queue,10,2,291,301,3,4,False,previous_plan_remainder,0,10,0.13637325167655945,0.0368255190551281
queue,10,2,292,302,3,4,False,previous_plan_remainder,1,11,0.1377371996641159,0.03682553023099899
queue,10,2,293,303,3,4,False,fresh_chunk_suffix,2,2,0.13817545771598816,0.036839477717876434
queue,10,2,294,304,3,4,False,fresh_chunk_suffix,3,3,0.13734957575798035,0.036850787699222565
queue,10,2,295,305,3,4,False,fresh_chunk_suffix,4,4,0.13643646240234375,0.03686299920082092
queue,10,2,296,306,3,4,False,fresh_chunk_suffix,5,5,0.13578155636787415,0.0368780791759491
queue,10,2,297,307,3,4,False,fresh_chunk_suffix,6,6,0.13547508418560028,0.0368928425014019
queue,10,2,298,308,3,4,False,fresh_chunk_suffix,7,7,0.13521689176559448,0.036913540214300156
queue,10,2,299,309,3,4,False,fresh_chunk_suffix,8,8,0.13596929609775543,0.03693621605634689
queue,10,2,300,310,3,4,False,fresh_chunk_suffix,9,9,0.1364293247461319,0.03695419430732727
queue,10,2,301,311,3,4,False,previous_plan_remainder,0,10,0.1374519169330597,0.036967646330595016
queue,10,2,302,312,3,4,False,previous_plan_remainder,1,11,0.13798202574253082,0.03698720782995224
queue,10,2,303,313,3,4,False,fresh_chunk_suffix,2,2,0.1381065845489502,0.03699655458331108
queue,10,2,304,314,3,4,False,fresh_chunk_suffix,3,3,0.1394909918308258,0.03701557219028473
queue,10,2,305,315,3,4,False,fresh_chunk_suffix,4,4,0.14078906178474426,0.03702512010931969
queue,10,2,306,316,3,4,False,fresh_chunk_suffix,5,5,0.14126712083816528,0.03704934939742088
queue,10,2,307,317,3,4,False,fresh_chunk_suffix,6,6,0.14079956710338593,0.037077128887176514
queue,10,2,308,318,3,4,False,fresh_chunk_suffix,7,7,0.14055724442005157,0.03709575906395912
queue,10,2,309,319,3,4,False,fresh_chunk_suffix,8,8,0.13982141017913818,0.037124186754226685
queue,10,2,310,320,3,4,False,fresh_chunk_suffix,9,9,0.13904008269309998,0.03715329244732857
queue,10,2,311,321,3,4,False,previous_plan_remainder,0,10,0.13868583738803864,0.03717827796936035
queue,10,2,312,322,3,4,False,previous_plan_remainder,1,11,0.13796859979629517,0.03721022233366966
queue,10,2,313,323,3,4,False,fresh_chunk_suffix,2,2,0.14014874398708344,0.037232257425785065
queue,10,2,314,324,3,4,False,fresh_chunk_suffix,3,3,0.14345099031925201,0.03725351020693779
queue,10,2,315,325,3,4,False,fresh_chunk_suffix,4,4,0.14658677577972412,0.037281185388565063
queue,10,2,316,326,3,4,False,fresh_chunk_suffix,5,5,0.14879362285137177,0.03731507807970047
queue,10,2,317,327,3,4,False,fresh_chunk_suffix,6,6,0.1517275869846344,0.037342242896556854
queue,10,2,318,328,3,4,False,fresh_chunk_suffix,7,7,0.15788346529006958,0.03736458346247673
queue,10,2,319,329,3,4,False,fresh_chunk_suffix,8,8,0.16372284293174744,0.03739006444811821
queue,10,2,320,330,3,4,False,fresh_chunk_suffix,9,9,0.17051991820335388,0.03741767629981041
queue,10,2,321,331,3,4,False,previous_plan_remainder,0,10,0.1754535585641861,0.037443649023771286
queue,10,2,322,332,3,4,False,previous_plan_remainder,1,11,0.1788015216588974,0.037464689463377
queue,10,2,323,333,3,4,False,fresh_chunk_suffix,2,2,0.19432327151298523,0.0374821275472641
queue,10,2,324,334,3,4,False,fresh_chunk_suffix,3,3,0.21475623548030853,0.037495508790016174
queue,10,2,325,335,3,4,False,fresh_chunk_suffix,4,4,0.23732486367225647,0.03750717267394066
queue,10,2,326,336,3,4,False,fresh_chunk_suffix,5,5,0.26162776350975037,0.03752143681049347
queue,10,2,327,337,3,4,False,fresh_chunk_suffix,6,6,0.28382107615470886,0.03754287213087082
queue,10,2,328,338,3,4,False,fresh_chunk_suffix,7,7,0.2951771318912506,0.03755994513630867
queue,10,2,329,339,3,4,False,fresh_chunk_suffix,8,8,0.30596092343330383,0.037576496601104736
queue,10,2,330,340,3,4,False,fresh_chunk_suffix,9,9,0.3143218457698822,0.03759753331542015
queue,10,2,331,341,3,4,False,previous_plan_remainder,0,10,0.31931060552597046,0.03762153536081314
queue,10,2,332,342,3,4,False,previous_plan_remainder,1,11,0.32762202620506287,0.037640806287527084
queue,10,2,333,343,3,4,False,fresh_chunk_suffix,2,2,0.3584992587566376,0.03765534609556198
queue,10,2,334,344,3,4,False,fresh_chunk_suffix,3,3,0.3872455656528473,0.03767711669206619
queue,10,2,335,345,3,4,False,fresh_chunk_suffix,4,4,0.4120246171951294,0.03770371526479721
queue,10,2,336,346,3,4,False,fresh_chunk_suffix,5,5,0.42220455408096313,0.03772551938891411
queue,10,2,337,347,3,4,False,fresh_chunk_suffix,6,6,0.42659521102905273,0.0377524308860302
queue,10,2,338,348,3,4,False,fresh_chunk_suffix,7,7,0.4308779537677765,0.03778594359755516
queue,10,2,339,349,3,4,False,fresh_chunk_suffix,8,8,0.4299043118953705,0.03780777007341385
queue,10,2,340,350,3,4,False,fresh_chunk_suffix,9,9,0.4313984811306,0.03783423453569412
queue,10,2,341,351,3,4,False,previous_plan_remainder,0,10,0.4362233877182007,0.03785594552755356
queue,10,2,342,352,3,4,False,previous_plan_remainder,1,11,0.4425134062767029,0.037872035056352615
queue,10,2,343,353,3,4,False,fresh_chunk_suffix,2,2,0.44893908500671387,0.037898000329732895
queue,10,2,344,354,3,4,False,fresh_chunk_suffix,3,3,0.45771512389183044,0.03792117163538933
queue,10,2,345,355,3,4,False,fresh_chunk_suffix,4,4,0.4681542217731476,0.03794687241315842
queue,10,2,346,356,3,4,False,fresh_chunk_suffix,5,5,0.4769027531147003,0.037965480238199234
queue,10,2,347,357,3,4,False,fresh_chunk_suffix,6,6,0.48461276292800903,0.03798975050449371
queue,10,2,348,358,3,4,False,fresh_chunk_suffix,7,7,0.4909454882144928,0.03801852837204933
queue,10,2,349,359,3,4,False,fresh_chunk_suffix,8,8,0.49965161085128784,0.038040999323129654
queue,10,2,350,360,3,4,False,fresh_chunk_suffix,9,9,0.506691575050354,0.03805912286043167
queue,10,2,351,361,3,4,False,previous_plan_remainder,0,10,0.5191702842712402,0.03807007148861885
queue,10,2,352,362,3,4,False,previous_plan_remainder,1,11,0.529837965965271,0.03808103874325752
queue,10,2,353,363,3,4,False,fresh_chunk_suffix,2,2,0.5367264151573181,0.03809822350740433
queue,10,2,354,364,3,4,False,fresh_chunk_suffix,3,3,0.5447700619697571,0.0381072536110878
queue,10,2,355,365,3,4,False,fresh_chunk_suffix,4,4,0.5497268438339233,0.0381271131336689
queue,10,2,356,366,3,4,False,fresh_chunk_suffix,5,5,0.5530838966369629,0.03813350200653076
queue,10,2,357,367,3,4,False,fresh_chunk_suffix,6,6,0.5536036491394043,0.03814993053674698
queue,10,2,358,368,3,4,False,fresh_chunk_suffix,7,7,0.5523472428321838,0.03816407546401024
queue,10,2,359,369,3,4,False,fresh_chunk_suffix,8,8,0.5563308000564575,0.03818492963910103
queue,10,2,360,370,3,4,False,fresh_chunk_suffix,9,9,0.5611198544502258,0.03819527104496956
queue,10,2,361,371,3,4,False,previous_plan_remainder,0,10,0.5696120858192444,0.0382203683257103
queue,10,2,362,372,3,4,False,previous_plan_remainder,1,11,0.5794937610626221,0.03823276609182358
queue,10,2,363,373,3,4,False,fresh_chunk_suffix,2,2,0.5934928059577942,0.03824580833315849
queue,10,2,364,374,3,4,False,fresh_chunk_suffix,3,3,0.6016340255737305,0.03825473412871361
queue,10,2,365,375,3,4,False,fresh_chunk_suffix,4,4,0.6036869287490845,0.03827490657567978
queue,10,2,366,376,3,4,False,fresh_chunk_suffix,5,5,0.6044352650642395,0.03828534111380577
queue,10,2,367,377,3,4,False,fresh_chunk_suffix,6,6,0.6062638759613037,0.03830486163496971
queue,10,2,368,378,3,4,False,fresh_chunk_suffix,7,7,0.6129631996154785,0.03832554817199707
queue,10,2,369,379,3,4,False,fresh_chunk_suffix,8,8,0.6260409355163574,0.03833894059062004
queue,10,2,370,380,3,4,False,fresh_chunk_suffix,9,9,0.6391350626945496,0.03835929557681084
queue,10,2,371,381,3,4,False,previous_plan_remainder,0,10,0.6561101078987122,0.03837607800960541
queue,10,2,372,382,3,4,False,previous_plan_remainder,1,11,0.6699536442756653,0.038392290472984314
queue,10,2,373,383,3,4,False,fresh_chunk_suffix,2,2,0.676250159740448,0.03841595724225044
queue,10,2,374,384,3,4,False,fresh_chunk_suffix,3,3,0.6765501499176025,0.038436081260442734
queue,10,2,375,385,3,4,False,fresh_chunk_suffix,4,4,0.6715851426124573,0.03844514116644859
queue,10,2,376,386,3,4,False,fresh_chunk_suffix,5,5,0.66362065076828,0.0384642668068409
queue,10,2,377,387,3,4,False,fresh_chunk_suffix,6,6,0.6591020822525024,0.038473788648843765
queue,10,2,378,388,3,4,False,fresh_chunk_suffix,7,7,0.6599053740501404,0.03849264606833458
queue,10,2,379,389,3,4,False,fresh_chunk_suffix,8,8,0.6588021516799927,0.03850774094462395
queue,10,2,380,390,3,4,False,fresh_chunk_suffix,9,9,0.6604841351509094,0.03853102773427963
queue,10,2,381,391,3,4,False,previous_plan_remainder,0,10,0.6609642505645752,0.03854496031999588
queue,10,2,382,392,3,4,False,previous_plan_remainder,1,11,0.6575672626495361,0.03855881467461586
queue,10,2,383,393,3,4,False,fresh_chunk_suffix,2,2,0.6943740248680115,0.0385776050388813
queue,10,2,384,394,3,4,False,fresh_chunk_suffix,3,3,0.7338590621948242,0.038598574697971344
queue,10,2,385,395,3,4,False,fresh_chunk_suffix,4,4,0.7727140784263611,0.03860991820693016
queue,10,2,386,396,3,4,False,fresh_chunk_suffix,5,5,0.8104665279388428,0.03863551840186119
queue,10,2,387,397,3,4,False,fresh_chunk_suffix,6,6,0.838135838508606,0.038643818348646164
queue,10,2,388,398,3,4,False,fresh_chunk_suffix,7,7,0.8577276468276978,0.03867163509130478
queue,10,2,389,399,3,4,False,fresh_chunk_suffix,8,8,0.8762415647506714,0.03869332745671272
queue,10,2,390,400,3,4,False,fresh_chunk_suffix,9,9,0.8986668586730957,0.03871851786971092
queue,10,2,391,401,3,4,False,previous_plan_remainder,0,10,0.9229503870010376,0.0387406200170517
queue,10,2,392,402,3,4,False,previous_plan_remainder,1,11,0.9362077116966248,0.03876331076025963
queue,10,2,393,403,3,4,False,fresh_chunk_suffix,2,2,0.9375870227813721,0.038785725831985474
queue,10,2,394,404,3,4,False,fresh_chunk_suffix,3,3,0.9417243003845215,0.038808539509773254
queue,10,2,395,405,3,4,False,fresh_chunk_suffix,4,4,0.9508548378944397,0.03883812576532364
queue,10,2,396,406,3,4,False,fresh_chunk_suffix,5,5,0.9608027935028076,0.03885398060083389
queue,10,2,397,407,3,4,False,fresh_chunk_suffix,6,6,0.9737123847007751,0.03888393193483353
queue,10,2,398,408,3,4,False,fresh_chunk_suffix,7,7,0.9941364526748657,0.038908421993255615
queue,10,2,399,409,3,4,False,fresh_chunk_suffix,8,8,1.010785698890686,0.03893124312162399
queue,10,2,400,410,3,4,False,fresh_chunk_suffix,9,9,1.0234543085098267,0.03895287215709686
queue,10,2,401,411,3,4,False,previous_plan_remainder,0,10,1.035344123840332,0.03898555040359497
queue,10,2,402,412,3,4,False,previous_plan_remainder,1,11,1.0468640327453613,0.039002370089292526
queue,10,2,403,413,3,4,False,fresh_chunk_suffix,2,2,1.0558780431747437,0.039024922996759415
queue,10,2,404,414,3,4,False,fresh_chunk_suffix,3,3,1.0584690570831299,0.03905614838004112
queue,10,2,405,415,3,4,False,fresh_chunk_suffix,4,4,1.061016321182251,0.03907296061515808
queue,10,2,406,416,3,4,False,fresh_chunk_suffix,5,5,1.067209005355835,0.03909764066338539
queue,10,2,407,417,3,4,False,fresh_chunk_suffix,6,6,1.077487587928772,0.03910677134990692
queue,10,2,408,418,3,4,False,fresh_chunk_suffix,7,7,1.0891523361206055,0.03912225365638733
queue,10,2,409,419,3,4,False,fresh_chunk_suffix,8,8,1.104016661643982,0.03914967179298401
queue,10,2,410,420,3,4,False,fresh_chunk_suffix,9,9,1.1112456321716309,0.039165303111076355
queue,10,2,411,421,3,4,False,previous_plan_remainder,0,10,1.1141926050186157,0.03917955607175827
queue,10,2,412,422,3,4,False,previous_plan_remainder,1,11,1.127110242843628,0.03919372335076332
queue,10,2,413,423,3,4,False,fresh_chunk_suffix,2,2,1.1147119998931885,0.039216913282871246
queue,10,2,414,424,3,4,False,fresh_chunk_suffix,3,3,1.1026490926742554,0.03923041746020317
queue,10,2,415,425,3,4,False,fresh_chunk_suffix,4,4,1.0893889665603638,0.03925568610429764
queue,10,2,416,426,3,4,False,fresh_chunk_suffix,5,5,1.0900827646255493,0.039267584681510925
queue,10,2,417,427,3,4,False,fresh_chunk_suffix,6,6,1.0831470489501953,0.03927247226238251
queue,10,2,418,428,3,4,False,fresh_chunk_suffix,7,7,1.07672917842865,0.03929676488041878
queue,10,2,419,429,3,4,False,fresh_chunk_suffix,8,8,1.0567742586135864,0.039298757910728455
queue,10,2,420,430,3,4,False,fresh_chunk_suffix,9,9,1.0149009227752686,0.03931913897395134
queue,10,2,421,431,3,4,False,previous_plan_remainder,0,10,0.9722010493278503,0.03934701159596443
queue,10,2,422,432,3,4,False,previous_plan_remainder,1,11,0.9297579526901245,0.0393601693212986
queue,10,2,423,433,3,4,False,fresh_chunk_suffix,2,2,0.8855152130126953,0.03938184678554535
queue,10,2,424,434,3,4,False,fresh_chunk_suffix,3,3,0.8377460837364197,0.03939666971564293
queue,10,2,425,435,3,4,False,fresh_chunk_suffix,4,4,0.79012531042099,0.03941727429628372
queue,10,2,426,436,3,4,False,fresh_chunk_suffix,5,5,0.742450475692749,0.03943249583244324
queue,10,2,427,437,3,4,False,fresh_chunk_suffix,6,6,0.6954430937767029,0.03945311903953552
queue,10,2,428,438,3,4,False,fresh_chunk_suffix,7,7,0.6506931781768799,0.039461661130189896
queue,10,2,429,439,3,4,False,fresh_chunk_suffix,8,8,0.6078139543533325,0.039479807019233704
queue,10,2,430,440,3,4,False,fresh_chunk_suffix,9,9,0.5652563571929932,0.039498455822467804
queue,10,2,431,441,3,4,False,previous_plan_remainder,0,10,0.5239274501800537,0.0395142138004303
queue,10,2,432,442,3,4,False,previous_plan_remainder,1,11,0.4833226501941681,0.039524760097265244
queue,10,2,433,443,3,4,False,fresh_chunk_suffix,2,2,0.4419887959957123,0.03954586014151573
queue,10,2,434,444,3,4,False,fresh_chunk_suffix,3,3,0.40016281604766846,0.039565570652484894
queue,10,2,435,445,3,4,False,fresh_chunk_suffix,4,4,0.3594999611377716,0.03958112746477127
queue,10,2,436,446,3,4,False,fresh_chunk_suffix,5,5,0.32012584805488586,0.03959698975086212
queue,10,2,437,447,3,4,False,fresh_chunk_suffix,6,6,0.282021701335907,0.03961963579058647
queue,10,2,438,448,3,4,False,fresh_chunk_suffix,7,7,0.2470087707042694,0.039641328155994415
queue,10,2,439,449,3,4,False,fresh_chunk_suffix,8,8,0.2155405431985855,0.03966396301984787
queue,10,2,440,450,3,4,False,fresh_chunk_suffix,9,9,0.18764887750148773,0.03968312591314316
queue,10,2,441,451,3,4,False,previous_plan_remainder,0,10,0.16184072196483612,0.039705708622932434
queue,10,2,442,452,3,4,False,previous_plan_remainder,1,11,0.14129261672496796,0.0397188626229763
queue,10,2,443,453,3,4,False,fresh_chunk_suffix,2,2,0.11820334941148758,0.039728254079818726
queue,10,2,444,454,3,4,False,fresh_chunk_suffix,3,3,0.1055523157119751,0.039738696068525314
queue,10,2,445,455,3,4,False,fresh_chunk_suffix,4,4,0.0961432009935379,0.03975652530789375
queue,10,2,446,456,3,4,False,fresh_chunk_suffix,5,5,0.08842470496892929,0.039770182222127914
queue,10,2,447,457,3,4,False,fresh_chunk_suffix,6,6,0.08447585254907608,0.0397871658205986
queue,10,2,448,458,3,4,False,fresh_chunk_suffix,7,7,0.08322405070066452,0.0397912971675396
queue,10,2,449,459,3,4,False,fresh_chunk_suffix,8,8,0.0839633196592331,0.03979960083961487
queue,10,2,450,460,3,4,False,fresh_chunk_suffix,9,9,0.08568164706230164,0.039808206260204315
queue,10,2,451,461,3,4,False,previous_plan_remainder,0,10,0.08486700057983398,0.03982093930244446
queue,10,2,452,462,3,4,False,previous_plan_remainder,1,11,0.08472750335931778,0.039822276681661606
queue,10,2,453,463,3,4,False,fresh_chunk_suffix,2,2,0.083408422768116,0.039839595556259155
queue,10,2,454,464,3,4,False,fresh_chunk_suffix,3,3,0.08327089995145798,0.03984995558857918
queue,10,2,455,465,3,4,False,fresh_chunk_suffix,4,4,0.08268549293279648,0.03986722603440285
queue,10,2,456,466,3,4,False,fresh_chunk_suffix,5,5,0.08188342303037643,0.03988143056631088
queue,10,2,457,467,3,4,False,fresh_chunk_suffix,6,6,0.08217445760965347,0.03990182653069496
queue,10,2,458,468,3,4,False,fresh_chunk_suffix,7,7,0.08259864896535873,0.039913881570100784
queue,10,2,459,469,3,4,False,fresh_chunk_suffix,8,8,0.0829775333404541,0.03993075340986252
queue,10,2,460,470,3,4,False,fresh_chunk_suffix,9,9,0.08357762545347214,0.03993910178542137
queue,10,2,461,471,3,4,False,previous_plan_remainder,0,10,0.08422284573316574,0.03995734080672264
queue,10,2,462,472,3,4,False,previous_plan_remainder,1,11,0.0843426063656807,0.03997375816106796
queue,10,2,463,473,3,4,False,fresh_chunk_suffix,2,2,0.08316797763109207,0.039988208562135696
queue,10,2,464,474,3,4,False,fresh_chunk_suffix,3,3,0.08160035312175751,0.04000739008188248
queue,10,2,465,475,3,4,False,fresh_chunk_suffix,4,4,0.0810454711318016,0.04003384709358215
queue,10,2,466,476,3,4,False,fresh_chunk_suffix,5,5,0.08061951398849487,0.04005144536495209
queue,10,2,467,477,3,4,False,fresh_chunk_suffix,6,6,0.07998693734407425,0.04007626324892044
queue,10,2,468,478,3,4,False,fresh_chunk_suffix,7,7,0.08034311234951019,0.04008961468935013
queue,10,2,469,479,3,4,False,fresh_chunk_suffix,8,8,0.08157257735729218,0.04011619836091995
queue,10,2,470,480,3,4,False,fresh_chunk_suffix,9,9,0.08215752989053726,0.040131211280822754
queue,10,2,471,481,3,4,False,previous_plan_remainder,0,10,0.08271478116512299,0.04014742001891136
queue,10,2,472,482,3,4,False,previous_plan_remainder,1,11,0.08324716240167618,0.04016236960887909
queue,10,2,473,483,3,4,False,fresh_chunk_suffix,2,2,0.0826198011636734,0.04017582908272743
queue,10,2,474,484,3,4,False,fresh_chunk_suffix,3,3,0.08225803822278976,0.040192894637584686
queue,10,2,475,485,3,4,False,fresh_chunk_suffix,4,4,0.08194178342819214,0.040203940123319626
queue,10,2,476,486,3,4,False,fresh_chunk_suffix,5,5,0.08187468349933624,0.040229130536317825
queue,10,2,477,487,3,4,False,fresh_chunk_suffix,6,6,0.08151555806398392,0.04024055600166321
queue,10,2,478,488,3,4,False,fresh_chunk_suffix,7,7,0.08191151916980743,0.040259648114442825
queue,10,2,479,489,3,4,False,fresh_chunk_suffix,8,8,0.08332496881484985,0.04027891904115677
queue,10,2,480,490,3,4,False,fresh_chunk_suffix,9,9,0.08631306886672974,0.04029566049575806
queue,10,2,481,491,3,4,False,previous_plan_remainder,0,10,0.08680170029401779,0.04029720276594162
queue,10,2,482,492,3,4,False,previous_plan_remainder,1,11,0.0858769342303276,0.040317390114068985
queue,10,2,483,493,3,4,False,fresh_chunk_suffix,2,2,0.08440554887056351,0.04033222422003746
queue,10,2,484,494,3,4,False,fresh_chunk_suffix,3,3,0.08484017848968506,0.04034915193915367
queue,10,2,485,495,3,4,False,fresh_chunk_suffix,4,4,0.08524275571107864,0.04035486280918121
queue,10,2,486,496,3,4,False,fresh_chunk_suffix,5,5,0.08598196506500244,0.040369704365730286
queue,10,2,487,497,3,4,False,fresh_chunk_suffix,6,6,0.08646897226572037,0.04038228839635849
queue,10,2,488,498,3,4,False,fresh_chunk_suffix,7,7,0.08599397540092468,0.04040834307670593
queue,10,2,489,499,3,4,False,fresh_chunk_suffix,8,8,0.08554581552743912,0.04042143002152443
queue,10,2,490,500,3,4,False,fresh_chunk_suffix,9,9,0.08462336659431458,0.04044561833143234
queue,10,2,491,501,3,4,False,previous_plan_remainder,0,10,0.09392818063497543,0.04046571999788284
queue,10,2,492,502,3,4,False,previous_plan_remainder,1,11,0.1038297563791275,0.04049261659383774
queue,10,2,493,503,3,4,False,fresh_chunk_suffix,2,2,0.108751580119133,0.04050939902663231
queue,10,2,494,504,3,4,False,fresh_chunk_suffix,3,3,0.11286982893943787,0.040528833866119385
queue,10,2,495,505,3,4,False,fresh_chunk_suffix,4,4,0.11596962064504623,0.04054942727088928
queue,10,2,496,506,3,4,False,fresh_chunk_suffix,5,5,0.1224207803606987,0.040564801543951035
queue,10,2,497,507,3,4,False,fresh_chunk_suffix,6,6,0.14695972204208374,0.0405847541987896
queue,10,2,498,508,3,4,False,fresh_chunk_suffix,7,7,0.157706618309021,0.040622152388095856
queue,10,2,499,509,3,4,False,fresh_chunk_suffix,8,8,0.15713028609752655,0.040650054812431335
queue,10,2,500,510,3,4,False,fresh_chunk_suffix,9,9,0.14918838441371918,0.04068057984113693
queue,10,2,501,511,3,4,False,previous_plan_remainder,0,10,0.13872671127319336,0.040701959282159805
queue,10,2,502,512,3,4,False,previous_plan_remainder,1,11,0.1290997862815857,0.04072469472885132
queue,10,2,503,513,3,4,False,fresh_chunk_suffix,2,2,0.12090326845645905,0.04075499624013901
queue,10,2,504,514,3,4,False,fresh_chunk_suffix,3,3,0.11588972061872482,0.04077877476811409
queue,10,2,505,515,3,4,False,fresh_chunk_suffix,4,4,0.11598972231149673,0.04080208018422127
queue,10,2,506,516,3,4,False,fresh_chunk_suffix,5,5,0.11520715057849884,0.04082630202174187
queue,10,2,507,517,3,4,False,fresh_chunk_suffix,6,6,0.11351680010557175,0.04085039347410202
queue,10,2,508,518,3,4,False,fresh_chunk_suffix,7,7,0.1126190572977066,0.04086555540561676
queue,10,2,509,519,3,4,False,fresh_chunk_suffix,8,8,0.11131967604160309,0.040880002081394196
queue,10,2,510,520,3,4,False,fresh_chunk_suffix,9,9,0.11204953491687775,0.040896911174058914
queue,10,2,511,521,3,4,False,previous_plan_remainder,0,10,0.11306890845298767,0.040919724851846695
queue,10,2,512,522,3,4,False,previous_plan_remainder,1,11,0.11034845560789108,0.04093015938997269
queue,10,2,513,523,3,4,False,fresh_chunk_suffix,2,2,0.10780372470617294,0.04094650596380234
queue,10,2,514,524,3,4,False,fresh_chunk_suffix,3,3,0.10835268348455429,0.040962617844343185
queue,10,2,515,525,3,4,False,fresh_chunk_suffix,4,4,0.10854455083608627,0.04098385572433472
queue,10,2,516,526,3,4,False,fresh_chunk_suffix,5,5,0.10825799405574799,0.04100368916988373
queue,10,2,517,527,3,4,False,fresh_chunk_suffix,6,6,0.10976165533065796,0.04102405533194542
queue,10,2,518,528,3,4,False,fresh_chunk_suffix,7,7,0.11042989045381546,0.041043173521757126
queue,10,2,519,529,3,4,False,fresh_chunk_suffix,8,8,0.112355537712574,0.04106174036860466
queue,10,2,520,530,3,4,False,fresh_chunk_suffix,9,9,0.11401193588972092,0.041076187044382095
queue,10,2,521,531,3,4,False,previous_plan_remainder,0,10,0.1161077469587326,0.041096318513154984
queue,10,2,522,532,3,4,False,previous_plan_remainder,1,11,0.11724258959293365,0.04111164063215256
queue,10,2,523,533,3,4,False,fresh_chunk_suffix,2,2,0.1179516389966011,0.041130006313323975
queue,10,2,524,534,3,4,False,fresh_chunk_suffix,3,3,0.1187109500169754,0.041145067662000656
queue,10,2,525,535,3,4,False,fresh_chunk_suffix,4,4,0.12085827440023422,0.04116220772266388
queue,10,2,526,536,3,4,False,fresh_chunk_suffix,5,5,0.12444915622472763,0.041182298213243484
queue,10,2,527,537,3,4,False,fresh_chunk_suffix,6,6,0.12487859278917313,0.0412047803401947
queue,10,2,528,538,3,4,False,fresh_chunk_suffix,7,7,0.12543384730815887,0.041224002838134766
queue,10,2,529,539,3,4,False,fresh_chunk_suffix,8,8,0.12432112544775009,0.041241876780986786
queue,10,2,530,540,3,4,False,fresh_chunk_suffix,9,9,0.12329864501953125,0.041262466460466385
queue,10,2,531,541,3,4,False,previous_plan_remainder,0,10,0.12263223528862,0.04128922522068024
queue,10,2,532,542,3,4,False,previous_plan_remainder,1,11,0.12372901290655136,0.041308239102363586
queue,10,2,533,543,3,4,False,fresh_chunk_suffix,2,2,0.12200487405061722,0.041326917707920074
queue,10,2,534,544,3,4,False,fresh_chunk_suffix,3,3,0.11917389929294586,0.041350897401571274
queue,10,2,535,545,3,4,False,fresh_chunk_suffix,4,4,0.11784159392118454,0.04138099029660225
queue,10,2,536,546,3,4,False,fresh_chunk_suffix,5,5,0.11909425258636475,0.04140171408653259
queue,10,2,537,547,3,4,False,fresh_chunk_suffix,6,6,0.12001923471689224,0.04143783822655678
queue,10,2,538,548,3,4,False,fresh_chunk_suffix,7,7,0.12022589147090912,0.04146743193268776
queue,10,2,539,549,3,4,False,fresh_chunk_suffix,8,8,0.1214991882443428,0.04149660840630531
queue,10,2,540,550,3,4,False,fresh_chunk_suffix,9,9,0.12167198956012726,0.041521403938531876
queue,10,2,541,551,3,4,False,previous_plan_remainder,0,10,0.12576699256896973,0.041559167206287384
queue,10,2,542,552,3,4,False,previous_plan_remainder,1,11,0.13698577880859375,0.04159259796142578
queue,10,2,543,553,3,4,False,fresh_chunk_suffix,2,2,0.1428823322057724,0.04162662848830223
queue,10,2,544,554,3,4,False,fresh_chunk_suffix,3,3,0.15666836500167847,0.04164730757474899
queue,10,2,545,555,3,4,False,fresh_chunk_suffix,4,4,0.1696346402168274,0.041671283543109894
queue,10,2,546,556,3,4,False,fresh_chunk_suffix,5,5,0.18052811920642853,0.04169810563325882
queue,10,2,547,557,3,4,False,fresh_chunk_suffix,6,6,0.18178865313529968,0.041722528636455536
queue,10,2,548,558,3,4,False,fresh_chunk_suffix,7,7,0.1744879186153412,0.04175318032503128
queue,10,2,549,559,3,4,False,fresh_chunk_suffix,8,8,0.1676376610994339,0.04178265109658241
queue,10,2,550,560,3,4,False,fresh_chunk_suffix,9,9,0.1626434326171875,0.04181303456425667
queue,10,2,551,561,3,4,False,previous_plan_remainder,0,10,0.15806151926517487,0.04184546321630478
queue,10,2,552,562,3,4,False,previous_plan_remainder,1,11,0.15414203703403473,0.04187779873609543
queue,10,2,553,563,3,4,False,fresh_chunk_suffix,2,2,0.14559468626976013,0.041902296245098114
queue,10,2,554,564,3,4,False,fresh_chunk_suffix,3,3,0.14051370322704315,0.041928935796022415
queue,10,2,555,565,3,4,False,fresh_chunk_suffix,4,4,0.13852159678936005,0.0419604629278183
queue,10,2,556,566,3,4,False,fresh_chunk_suffix,5,5,0.13604982197284698,0.04198918864130974
queue,10,2,557,567,3,4,False,fresh_chunk_suffix,6,6,0.1391749382019043,0.042009465396404266
queue,10,2,558,568,3,4,False,fresh_chunk_suffix,7,7,0.137739360332489,0.042033370584249496
queue,10,2,559,569,3,4,False,fresh_chunk_suffix,8,8,0.13423636555671692,0.0420558899641037
queue,10,2,560,570,3,4,False,fresh_chunk_suffix,9,9,0.1317007839679718,0.042085468769073486
queue,10,2,561,571,3,4,False,previous_plan_remainder,0,10,0.12855392694473267,0.04211483523249626
queue,10,2,562,572,3,4,False,previous_plan_remainder,1,11,0.12513329088687897,0.042132552713155746
queue,10,2,563,573,3,4,False,fresh_chunk_suffix,2,2,0.12551157176494598,0.042169198393821716
queue,10,2,564,574,3,4,False,fresh_chunk_suffix,3,3,0.12723308801651,0.04218617454171181
queue,10,2,565,575,3,4,False,fresh_chunk_suffix,4,4,0.13004203140735626,0.04219631850719452
queue,10,2,566,576,3,4,False,fresh_chunk_suffix,5,5,0.13155463337898254,0.042222000658512115
queue,10,2,567,577,3,4,False,fresh_chunk_suffix,6,6,0.13173063099384308,0.042244959622621536
queue,10,2,568,578,3,4,False,fresh_chunk_suffix,7,7,0.13083238899707794,0.04225796088576317
queue,10,2,569,579,3,4,False,fresh_chunk_suffix,8,8,0.12862490117549896,0.042282525449991226
queue,10,2,570,580,3,4,False,fresh_chunk_suffix,9,9,0.12684322893619537,0.04229862242937088
queue,10,2,571,581,3,4,False,previous_plan_remainder,0,10,0.125319242477417,0.04232259467244148
queue,10,2,572,582,3,4,False,previous_plan_remainder,1,11,0.12370773404836655,0.04233359172940254
queue,10,2,573,583,3,4,False,fresh_chunk_suffix,2,2,0.12238908559083939,0.04235077649354935
queue,10,2,574,584,3,4,False,fresh_chunk_suffix,3,3,0.12131521850824356,0.042375944554805756
queue,10,2,575,585,3,4,False,fresh_chunk_suffix,4,4,0.11976800113916397,0.04239395260810852
queue,10,2,576,586,3,4,False,fresh_chunk_suffix,5,5,0.11995942890644073,0.04240855947136879
queue,10,2,577,587,3,4,False,fresh_chunk_suffix,6,6,0.1205553263425827,0.042422886937856674
queue,10,2,578,588,3,4,False,fresh_chunk_suffix,7,7,0.12076978385448456,0.04243526607751846
queue,10,2,579,589,3,4,False,fresh_chunk_suffix,8,8,0.12060090899467468,0.04245562478899956
queue,10,2,580,590,3,4,False,fresh_chunk_suffix,9,9,0.12022709846496582,0.04248908534646034
queue,10,2,581,591,3,4,False,previous_plan_remainder,0,10,0.11937206983566284,0.042519424110651016
queue,10,2,582,592,3,4,False,previous_plan_remainder,1,11,0.11995086073875427,0.042550958693027496
queue,10,2,583,593,3,4,False,fresh_chunk_suffix,2,2,0.1184123232960701,0.04257361963391304
queue,10,2,584,594,3,4,False,fresh_chunk_suffix,3,3,0.11798280477523804,0.042612042278051376
queue,10,2,585,595,3,4,False,fresh_chunk_suffix,4,4,0.11833998560905457,0.0426502600312233
queue,10,2,586,596,3,4,False,fresh_chunk_suffix,5,5,0.11744896322488785,0.04268878698348999
queue,10,2,587,597,3,4,False,fresh_chunk_suffix,6,6,0.11767037212848663,0.04272651672363281
queue,10,2,588,598,3,4,False,fresh_chunk_suffix,7,7,0.11872286349534988,0.04276932403445244
queue,10,2,589,599,3,4,False,fresh_chunk_suffix,8,8,0.11897435039281845,0.04281683266162872
queue,10,2,590,600,3,4,False,fresh_chunk_suffix,9,9,0.11986877024173737,0.042866721749305725
queue,10,5,1,11,2,4,False,previous_plan_remainder,0,10,4.809328935095891e-09,0.0
queue,10,5,2,12,2,4,False,previous_plan_remainder,1,11,1.0753986146028183e-08,0.0
queue,10,5,3,13,2,4,False,previous_plan_remainder,2,12,9.678587709061048e-09,0.0
queue,10,5,4,14,2,4,False,previous_plan_remainder,3,13,8.065489942588044e-10,0.0
queue,10,5,5,15,2,4,False,previous_plan_remainder,4,14,5.376993295058696e-10,0.0
queue,10,5,6,16,2,4,False,fresh_chunk_suffix,5,5,0.06316328793764114,0.0
queue,10,5,7,17,2,4,False,fresh_chunk_suffix,6,6,0.1220758780837059,0.0
queue,10,5,8,18,2,4,False,fresh_chunk_suffix,7,7,0.17821815609931946,0.0
queue,10,5,9,19,2,4,False,fresh_chunk_suffix,8,8,0.22650885581970215,0.0
queue,10,5,10,20,2,4,False,fresh_chunk_suffix,9,9,0.2648886740207672,0.0
queue,10,5,11,21,2,4,False,previous_plan_remainder,0,10,0.29650795459747314,0.0
queue,10,5,12,22,2,4,False,previous_plan_remainder,1,11,0.3279275596141815,0.0
queue,10,5,13,23,2,4,False,previous_plan_remainder,2,12,0.3603630065917969,0.0
queue,10,5,14,24,2,4,False,previous_plan_remainder,3,13,0.3953850269317627,0.0
queue,10,5,15,25,2,4,False,previous_plan_remainder,4,14,0.4293687343597412,0.0
queue,10,5,16,26,2,4,False,fresh_chunk_suffix,5,5,0.43922489881515503,0.0
queue,10,5,17,27,2,4,False,fresh_chunk_suffix,6,6,0.4441985487937927,0.0
queue,10,5,18,28,2,4,False,fresh_chunk_suffix,7,7,0.45540645718574524,0.0
queue,10,5,19,29,2,4,False,fresh_chunk_suffix,8,8,0.4739343225955963,0.0
queue,10,5,20,30,2,4,False,fresh_chunk_suffix,9,9,0.49619412422180176,0.0
queue,10,5,21,31,2,4,False,previous_plan_remainder,0,10,0.513669490814209,0.0
queue,10,5,22,32,2,4,False,previous_plan_remainder,1,11,0.5286910533905029,0.0
queue,10,5,23,33,2,4,False,previous_plan_remainder,2,12,0.5444401502609253,0.0
queue,10,5,24,34,2,4,False,previous_plan_remainder,3,13,0.5624053478240967,0.0
queue,10,5,25,35,2,4,False,previous_plan_remainder,4,14,0.5759699940681458,0.0
queue,10,5,26,36,2,4,False,fresh_chunk_suffix,5,5,0.589117169380188,0.0
queue,10,5,27,37,2,4,False,fresh_chunk_suffix,6,6,0.6034224629402161,0.0
queue,10,5,28,38,2,4,False,fresh_chunk_suffix,7,7,0.6149485111236572,0.0
queue,10,5,29,39,2,4,False,fresh_chunk_suffix,8,8,0.625191867351532,0.0
queue,10,5,30,40,2,4,False,fresh_chunk_suffix,9,9,0.6280516386032104,0.0
queue,10,5,31,41,2,4,False,previous_plan_remainder,0,10,0.631094753742218,1.6821036297187675e-06
queue,10,5,32,42,2,4,False,previous_plan_remainder,1,11,0.6083780527114868,1.1265030479989946e-05
queue,10,5,33,43,2,4,False,previous_plan_remainder,2,12,0.5685385465621948,2.0477209545788355e-05
queue,10,5,34,44,2,4,False,previous_plan_remainder,3,13,0.5270413756370544,3.211294097127393e-05
queue,10,5,35,45,2,4,False,previous_plan_remainder,4,14,0.4898492395877838,4.072834781254642e-05
queue,10,5,36,46,2,4,False,fresh_chunk_suffix,5,5,0.472346693277359,3.754022691282444e-05
queue,10,5,37,47,2,4,False,fresh_chunk_suffix,6,6,0.4645860493183136,3.55017400579527e-05
queue,10,5,38,48,2,4,False,fresh_chunk_suffix,7,7,0.4597848653793335,4.8019213863881305e-05
queue,10,5,39,49,2,4,False,fresh_chunk_suffix,8,8,0.46281665563583374,5.442417386802845e-05
queue,10,5,40,50,2,4,False,fresh_chunk_suffix,9,9,0.4757213294506073,5.5442022130591795e-05
queue,10,5,41,51,2,4,False,previous_plan_remainder,0,10,0.490298867225647,5.4008163715479895e-05
queue,10,5,42,52,2,4,False,previous_plan_remainder,1,11,0.501595675945282,5.3832802223041654e-05
queue,10,5,43,53,2,4,False,previous_plan_remainder,2,12,0.5102831721305847,4.965315747540444e-05
queue,10,5,44,54,2,4,False,previous_plan_remainder,3,13,0.5173079967498779,4.649898619391024e-05
queue,10,5,45,55,2,4,False,previous_plan_remainder,4,14,0.5333628058433533,5.0314865802647546e-05
queue,10,5,46,56,2,4,False,fresh_chunk_suffix,5,5,0.5448305606842041,4.905094829155132e-05
queue,10,5,47,57,2,4,False,fresh_chunk_suffix,6,6,0.556725263595581,5.0082522648153827e-05
queue,10,5,48,58,2,4,False,fresh_chunk_suffix,7,7,0.5652498602867126,4.7091481974348426e-05
queue,10,5,49,59,2,4,False,fresh_chunk_suffix,8,8,0.5736631155014038,4.2462223063921556e-05
queue,10,5,50,60,2,4,False,fresh_chunk_suffix,9,9,0.5830286145210266,4.231182538205758e-05
queue,10,5,51,61,2,4,False,previous_plan_remainder,0,10,0.5939818024635315,4.344926855992526e-05
queue,10,5,52,62,2,4,False,previous_plan_remainder,1,11,0.6076073050498962,4.463071309146471e-05
queue,10,5,53,63,2,4,False,previous_plan_remainder,2,12,0.6246971487998962,4.772299143951386e-05
queue,10,5,54,64,2,4,False,previous_plan_remainder,3,13,0.6416429877281189,4.888815965387039e-05
queue,10,5,55,65,2,4,False,previous_plan_remainder,4,14,0.6641173958778381,4.73493491881527e-05
queue,10,5,56,66,2,4,False,fresh_chunk_suffix,5,5,0.6873270273208618,5.256292570265941e-05
queue,10,5,57,67,2,4,False,fresh_chunk_suffix,6,6,0.7090522050857544,6.216751353349537e-05
queue,10,5,58,68,2,4,False,fresh_chunk_suffix,7,7,0.7273986339569092,9.990928811021149e-05
queue,10,5,59,69,2,4,False,fresh_chunk_suffix,8,8,0.7383301854133606,0.0001432920544175431
queue,10,5,60,70,2,4,False,fresh_chunk_suffix,9,9,0.7450896501541138,0.00016112782759591937
queue,10,5,61,71,2,4,False,previous_plan_remainder,0,10,0.7451388239860535,0.0001743497559800744
queue,10,5,62,72,2,4,False,previous_plan_remainder,1,11,0.7500059008598328,0.0001872732536867261
queue,10,5,63,73,2,4,False,previous_plan_remainder,2,12,0.7565169334411621,0.00018812911002896726
queue,10,5,64,74,2,4,False,previous_plan_remainder,3,13,0.7580689191818237,0.00017363729421049356
queue,10,5,65,75,2,4,False,previous_plan_remainder,4,14,0.7545529007911682,0.00015453266678377986
queue,10,5,66,76,2,4,False,fresh_chunk_suffix,5,5,0.756473958492279,0.00011470154277049005
queue,10,5,67,77,2,4,False,fresh_chunk_suffix,6,6,0.7502545714378357,4.7209668991854414e-05
queue,10,5,68,78,2,4,False,fresh_chunk_suffix,7,7,0.7398884892463684,0.0001425851951353252
queue,10,5,69,79,2,4,False,fresh_chunk_suffix,8,8,0.7155618667602539,0.00028892120462842286
queue,10,5,70,80,2,4,False,fresh_chunk_suffix,9,9,0.6801392436027527,0.00046419751015491784
queue,10,5,71,81,2,4,False,previous_plan_remainder,0,10,0.6582276821136475,0.0006595593295060098
queue,10,5,72,82,2,4,False,previous_plan_remainder,1,11,0.6440684199333191,0.0009027401683852077
queue,10,5,73,83,2,4,False,previous_plan_remainder,2,12,0.6264774799346924,0.0011555744567885995
queue,10,5,74,84,2,4,False,previous_plan_remainder,3,13,0.5788763165473938,0.001199829508550465
queue,10,5,75,85,2,4,False,previous_plan_remainder,4,14,0.5261613726615906,0.0010401138570159674
queue,10,5,76,86,2,4,False,fresh_chunk_suffix,5,5,0.4960130751132965,0.0009069708758033812
queue,10,5,77,87,2,4,False,fresh_chunk_suffix,6,6,0.47452226281166077,0.0009018903947435319
queue,10,5,78,88,2,4,False,fresh_chunk_suffix,7,7,0.46508482098579407,0.000959287048317492
queue,10,5,79,89,2,4,False,fresh_chunk_suffix,8,8,0.4576265811920166,0.0011239130981266499
queue,10,5,80,90,2,4,False,fresh_chunk_suffix,9,9,0.453543096780777,0.0013812982942909002
queue,10,5,81,91,2,4,False,previous_plan_remainder,0,10,0.4581280052661896,0.0019318859558552504
queue,10,5,82,92,2,4,False,previous_plan_remainder,1,11,0.46969571709632874,0.0026382850483059883
queue,10,5,83,93,2,4,False,previous_plan_remainder,2,12,0.48426154255867004,0.0034930871333926916
queue,10,5,84,94,2,4,False,previous_plan_remainder,3,13,0.4996539354324341,0.004427115898579359
queue,10,5,85,95,2,4,False,previous_plan_remainder,4,14,0.5179111361503601,0.0055641173385083675
queue,10,5,86,96,2,4,False,fresh_chunk_suffix,5,5,0.5167166590690613,0.006827901117503643
queue,10,5,87,97,2,4,False,fresh_chunk_suffix,6,6,0.5125571489334106,0.008171585388481617
queue,10,5,88,98,2,4,False,fresh_chunk_suffix,7,7,0.5047988295555115,0.009667927399277687
queue,10,5,89,99,2,4,False,fresh_chunk_suffix,8,8,0.5038710236549377,0.011295418255031109
queue,10,5,90,100,2,4,False,fresh_chunk_suffix,9,9,0.518035888671875,0.013074414804577827
queue,10,5,91,101,2,4,False,previous_plan_remainder,0,10,0.5355973243713379,0.015018695965409279
queue,10,5,92,102,2,4,False,previous_plan_remainder,1,11,0.550529956817627,0.01712815836071968
queue,10,5,93,103,2,4,False,previous_plan_remainder,2,12,0.5689949989318848,0.0194250475615263
queue,10,5,94,104,2,4,False,previous_plan_remainder,3,13,0.5894861817359924,0.02185862883925438
queue,10,5,95,105,2,4,False,previous_plan_remainder,4,14,0.6121681332588196,0.024279862642288208
queue,10,5,96,106,2,4,False,fresh_chunk_suffix,5,5,0.626997709274292,0.02656080573797226
queue,10,5,97,107,2,4,False,fresh_chunk_suffix,6,6,0.6412791013717651,0.02858312986791134
queue,10,5,98,108,2,4,False,fresh_chunk_suffix,7,7,0.6544780135154724,0.03035011887550354
queue,10,5,99,109,2,4,False,fresh_chunk_suffix,8,8,0.6607479453086853,0.03182913735508919
queue,10,5,100,110,2,4,False,fresh_chunk_suffix,9,9,0.6679772138595581,0.033055130392313004
queue,10,5,101,111,2,4,False,previous_plan_remainder,0,10,0.674359142780304,0.03400552272796631
queue,10,5,102,112,2,4,False,previous_plan_remainder,1,11,0.6849907040596008,0.03464338928461075
queue,10,5,103,113,2,4,False,previous_plan_remainder,2,12,0.693155825138092,0.03507094457745552
queue,10,5,104,114,2,4,False,previous_plan_remainder,3,13,0.693134605884552,0.03538442775607109
queue,10,5,105,115,2,4,False,previous_plan_remainder,4,14,0.6840503811836243,0.03573046624660492
queue,10,5,106,116,2,4,False,fresh_chunk_suffix,5,5,0.6673887372016907,0.03613169118762016
queue,10,5,107,117,2,4,False,fresh_chunk_suffix,6,6,0.6473826169967651,0.036657847464084625
queue,10,5,108,118,2,4,False,fresh_chunk_suffix,7,7,0.622753918170929,0.03735272213816643
queue,10,5,109,119,2,4,False,fresh_chunk_suffix,8,8,0.5932384133338928,0.03797736018896103
queue,10,5,110,120,2,4,False,fresh_chunk_suffix,9,9,0.5799111127853394,0.03828632831573486
queue,10,5,111,121,2,4,False,previous_plan_remainder,0,10,0.5799211859703064,0.0383513979613781
queue,10,5,112,122,2,4,False,previous_plan_remainder,1,11,0.5901299715042114,0.0384419821202755
queue,10,5,113,123,2,4,False,previous_plan_remainder,2,12,0.6100708246231079,0.03872523829340935
queue,10,5,114,124,2,4,False,previous_plan_remainder,3,13,0.6267999410629272,0.03926661238074303
queue,10,5,115,125,2,4,False,previous_plan_remainder,4,14,0.6300492882728577,0.039947886019945145
queue,10,5,116,126,2,4,False,fresh_chunk_suffix,5,5,0.6401390433311462,0.04047748073935509
queue,10,5,117,127,2,4,False,fresh_chunk_suffix,6,6,0.6496692895889282,0.040743645280599594
queue,10,5,118,128,2,4,False,fresh_chunk_suffix,7,7,0.6575722098350525,0.040896106511354446
queue,10,5,119,129,2,4,False,fresh_chunk_suffix,8,8,0.6603208184242249,0.040933798998594284
queue,10,5,120,130,2,4,False,fresh_chunk_suffix,9,9,0.6477669477462769,0.040955573320388794
queue,10,5,121,131,2,4,False,previous_plan_remainder,0,10,0.6318680047988892,0.040939897298812866
queue,10,5,122,132,2,4,False,previous_plan_remainder,1,11,0.6144847273826599,0.040972065180540085
queue,10,5,123,133,2,4,False,previous_plan_remainder,2,12,0.5894073247909546,0.04102079197764397
queue,10,5,124,134,2,4,False,previous_plan_remainder,3,13,0.5523332953453064,0.04106826335191727
queue,10,5,125,135,2,4,False,previous_plan_remainder,4,14,0.5206900835037231,0.041091274470090866
queue,10,5,126,136,2,4,False,fresh_chunk_suffix,5,5,0.4645557999610901,0.04109816253185272
queue,10,5,127,137,2,4,False,fresh_chunk_suffix,6,6,0.42836472392082214,0.04089571163058281
queue,10,5,128,138,2,4,False,fresh_chunk_suffix,7,7,0.4120388329029083,0.040519267320632935
queue,10,5,129,139,2,4,False,fresh_chunk_suffix,8,8,0.41563013195991516,0.040079470723867416
queue,10,5,130,140,2,4,False,fresh_chunk_suffix,9,9,0.4338736832141876,0.03971898555755615
queue,10,5,131,141,2,4,False,previous_plan_remainder,0,10,0.46235981583595276,0.039411768317222595
queue,10,5,132,142,2,4,False,previous_plan_remainder,1,11,0.5042616128921509,0.039098720997571945
queue,10,5,133,143,2,4,False,previous_plan_remainder,2,12,0.5493686199188232,0.038691602647304535
queue,10,5,134,144,2,4,False,previous_plan_remainder,3,13,0.6009325385093689,0.038235854357481
queue,10,5,135,145,2,4,False,previous_plan_remainder,4,14,0.662194550037384,0.03782663494348526
queue,10,5,136,146,2,4,False,fresh_chunk_suffix,5,5,0.7456555366516113,0.03746446222066879
queue,10,5,137,147,2,4,False,fresh_chunk_suffix,6,6,0.8337795734405518,0.03716609999537468
queue,10,5,138,148,2,4,False,fresh_chunk_suffix,7,7,0.9203434586524963,0.036932092159986496
queue,10,5,139,149,2,4,False,fresh_chunk_suffix,8,8,1.0086523294448853,0.036790553480386734
queue,10,5,140,150,2,4,False,fresh_chunk_suffix,9,9,1.0962902307510376,0.03669481724500656
queue,10,5,141,151,2,4,False,previous_plan_remainder,0,10,1.15847909450531,0.036661192774772644
queue,10,5,142,152,3,4,False,previous_plan_remainder,1,11,1.2083914279937744,0.03665253147482872
queue,10,5,143,153,3,4,False,previous_plan_remainder,2,12,1.2441270351409912,0.0366709940135479
queue,10,5,144,154,3,4,False,previous_plan_remainder,3,13,1.2592681646347046,0.03670047968626022
queue,10,5,145,155,3,4,False,previous_plan_remainder,4,14,1.2776196002960205,0.036745551973581314
queue,10,5,146,156,3,4,False,fresh_chunk_suffix,5,5,1.2866735458374023,0.03678247705101967
queue,10,5,147,157,3,4,False,fresh_chunk_suffix,6,6,1.2815427780151367,0.0368407666683197
queue,10,5,148,158,3,4,False,fresh_chunk_suffix,7,7,1.271899700164795,0.03689861670136452
queue,10,5,149,159,3,4,False,fresh_chunk_suffix,8,8,1.2722142934799194,0.036953799426555634
queue,10,5,150,160,3,4,False,fresh_chunk_suffix,9,9,1.2861487865447998,0.03701420873403549
queue,10,5,151,161,3,4,False,previous_plan_remainder,0,10,1.3074085712432861,0.03704540804028511
queue,10,5,152,162,3,4,False,previous_plan_remainder,1,11,1.3381401300430298,0.03707769885659218
queue,10,5,153,163,3,4,False,previous_plan_remainder,2,12,1.3612725734710693,0.03710309788584709
queue,10,5,154,164,3,4,False,previous_plan_remainder,3,13,1.3867460489273071,0.03712814301252365
queue,10,5,155,165,3,4,False,previous_plan_remainder,4,14,1.406983733177185,0.03714469447731972
queue,10,5,156,166,3,4,False,fresh_chunk_suffix,5,5,1.4607443809509277,0.03717130050063133
queue,10,5,157,167,3,4,False,fresh_chunk_suffix,6,6,1.5011577606201172,0.037211671471595764
queue,10,5,158,168,3,4,False,fresh_chunk_suffix,7,7,1.5228317975997925,0.03725582733750343
queue,10,5,159,169,3,4,False,fresh_chunk_suffix,8,8,1.536755084991455,0.0372881144285202
queue,10,5,160,170,3,4,False,fresh_chunk_suffix,9,9,1.5408179759979248,0.03730834648013115
queue,10,5,161,171,3,4,False,previous_plan_remainder,0,10,1.5320055484771729,0.03733651712536812
queue,10,5,162,172,3,4,False,previous_plan_remainder,1,11,1.5115277767181396,0.037371858954429626
queue,10,5,163,173,3,4,False,previous_plan_remainder,2,12,1.4949449300765991,0.037406641989946365
queue,10,5,164,174,3,4,False,previous_plan_remainder,3,13,1.4746417999267578,0.037444259971380234
queue,10,5,165,175,3,4,False,previous_plan_remainder,4,14,1.4538240432739258,0.037481244653463364
queue,10,5,166,176,3,4,False,fresh_chunk_suffix,5,5,1.4356430768966675,0.037521086633205414
queue,10,5,167,177,3,4,False,fresh_chunk_suffix,6,6,1.3992310762405396,0.037549782544374466
queue,10,5,168,178,3,4,False,fresh_chunk_suffix,7,7,1.3380213975906372,0.03757506608963013
queue,10,5,169,179,3,4,False,fresh_chunk_suffix,8,8,1.2763556241989136,0.03762219846248627
queue,10,5,170,180,3,4,False,fresh_chunk_suffix,9,9,1.2147361040115356,0.03766879811882973
queue,10,5,171,181,3,4,False,previous_plan_remainder,0,10,1.147969126701355,0.0377236045897007
queue,10,5,172,182,3,4,False,previous_plan_remainder,1,11,1.0837268829345703,0.037756696343421936
queue,10,5,173,183,3,4,False,previous_plan_remainder,2,12,1.0147091150283813,0.03781619668006897
queue,10,5,174,184,3,4,False,previous_plan_remainder,3,13,0.9435434341430664,0.037866074591875076
queue,10,5,175,185,3,4,False,previous_plan_remainder,4,14,0.8738968968391418,0.03790625184774399
queue,10,5,176,186,3,4,False,fresh_chunk_suffix,5,5,0.8104525804519653,0.03794289752840996
queue,10,5,177,187,3,4,False,fresh_chunk_suffix,6,6,0.7482863664627075,0.03797471150755882
queue,10,5,178,188,3,4,False,fresh_chunk_suffix,7,7,0.6869840621948242,0.03801751509308815
queue,10,5,179,189,3,4,False,fresh_chunk_suffix,8,8,0.6295167803764343,0.03806053847074509
queue,10,5,180,190,3,4,False,fresh_chunk_suffix,9,9,0.571597158908844,0.03809240832924843
queue,10,5,181,191,3,4,False,previous_plan_remainder,0,10,0.5136561393737793,0.03811988979578018
queue,10,5,182,192,3,4,False,previous_plan_remainder,1,11,0.45657509565353394,0.03815323859453201
queue,10,5,183,193,3,4,False,previous_plan_remainder,2,12,0.40245509147644043,0.03819402679800987
queue,10,5,184,194,3,4,False,previous_plan_remainder,3,13,0.3523372411727905,0.03822699561715126
queue,10,5,185,195,3,4,False,previous_plan_remainder,4,14,0.3053908348083496,0.038260288536548615
queue,10,5,186,196,3,4,False,fresh_chunk_suffix,5,5,0.2614346444606781,0.03830505907535553
queue,10,5,187,197,3,4,False,fresh_chunk_suffix,6,6,0.21831482648849487,0.038348786532878876
queue,10,5,188,198,3,4,False,fresh_chunk_suffix,7,7,0.17589834332466125,0.03837747499346733
queue,10,5,189,199,2,4,False,fresh_chunk_suffix,8,8,0.13763296604156494,0.03840985521674156
queue,10,5,190,200,2,4,False,fresh_chunk_suffix,9,9,0.10993717610836029,0.03844072297215462
queue,10,5,191,201,2,4,False,previous_plan_remainder,0,10,0.09270520508289337,0.03846631199121475
queue,10,5,192,202,2,4,False,previous_plan_remainder,1,11,0.08390520513057709,0.0384838804602623
queue,10,5,193,203,2,4,False,previous_plan_remainder,2,12,0.07878915220499039,0.038508348166942596
queue,10,5,194,204,2,4,False,previous_plan_remainder,3,13,0.07448266446590424,0.03853333368897438
queue,10,5,195,205,2,4,False,previous_plan_remainder,4,14,0.07167255878448486,0.03855385631322861
queue,10,5,196,206,2,4,False,fresh_chunk_suffix,5,5,0.07001994550228119,0.03857060894370079
queue,10,5,197,207,2,4,False,fresh_chunk_suffix,6,6,0.07087419927120209,0.0385846383869648
queue,10,5,198,208,2,4,False,fresh_chunk_suffix,7,7,0.07113783061504364,0.0385957695543766
queue,10,5,199,209,2,4,False,fresh_chunk_suffix,8,8,0.07179909944534302,0.03861663490533829
queue,10,5,200,210,2,4,False,fresh_chunk_suffix,9,9,0.07309401035308838,0.038640256971120834
queue,10,5,201,211,2,4,False,previous_plan_remainder,0,10,0.07391032576560974,0.03867267072200775
queue,10,5,202,212,2,4,False,previous_plan_remainder,1,11,0.074109748005867,0.03869441896677017
queue,10,5,203,213,2,4,False,previous_plan_remainder,2,12,0.0743429958820343,0.038720328360795975
queue,10,5,204,214,2,4,False,previous_plan_remainder,3,13,0.07462620735168457,0.03875194117426872
queue,10,5,205,215,2,4,False,previous_plan_remainder,4,14,0.07503443956375122,0.03878724202513695
queue,10,5,206,216,2,4,False,fresh_chunk_suffix,5,5,0.07547634094953537,0.0388239324092865
queue,10,5,207,217,2,4,False,fresh_chunk_suffix,6,6,0.07576019316911697,0.0388663187623024
queue,10,5,208,218,2,4,False,fresh_chunk_suffix,7,7,0.07609549164772034,0.03891158476471901
queue,10,5,209,219,2,4,False,fresh_chunk_suffix,8,8,0.07638707756996155,0.03894730657339096
queue,10,5,210,220,2,4,False,fresh_chunk_suffix,9,9,0.0754677876830101,0.03899731859564781
queue,10,5,211,221,2,4,False,previous_plan_remainder,0,10,0.07464271783828735,0.039055172353982925
queue,10,5,212,222,2,4,False,previous_plan_remainder,1,11,0.07433638721704483,0.03910430520772934
queue,10,5,213,223,2,4,False,previous_plan_remainder,2,12,0.07411864399909973,0.03915891423821449
queue,10,5,214,224,2,4,False,previous_plan_remainder,3,13,0.07380492240190506,0.0392313115298748
queue,10,5,215,225,2,4,False,previous_plan_remainder,4,14,0.07334578782320023,0.03927851468324661
queue,10,5,216,226,2,4,False,fresh_chunk_suffix,5,5,0.0765957310795784,0.03933440521359444
queue,10,5,217,227,2,4,False,fresh_chunk_suffix,6,6,0.07959769666194916,0.039392005652189255
queue,10,5,218,228,2,4,False,fresh_chunk_suffix,7,7,0.08151277899742126,0.03945555165410042
queue,10,5,219,229,2,4,False,fresh_chunk_suffix,8,8,0.08249764144420624,0.03954063355922699
queue,10,5,220,230,2,4,False,fresh_chunk_suffix,9,9,0.08326064050197601,0.03961055725812912
queue,10,5,221,231,2,4,False,previous_plan_remainder,0,10,0.08375389873981476,0.039669450372457504
queue,10,5,222,232,2,4,False,previous_plan_remainder,1,11,0.08415713906288147,0.03973172605037689
queue,10,5,223,233,2,4,False,previous_plan_remainder,2,12,0.08500082790851593,0.03980422019958496
queue,10,5,224,234,2,4,False,previous_plan_remainder,3,13,0.08638887852430344,0.039880916476249695
queue,10,5,225,235,2,4,False,previous_plan_remainder,4,14,0.08772177994251251,0.03994428366422653
queue,10,5,226,236,2,4,False,fresh_chunk_suffix,5,5,0.09349365532398224,0.040016863495111465
queue,10,5,227,237,2,4,False,fresh_chunk_suffix,6,6,0.09804871678352356,0.04007427394390106
queue,10,5,228,238,2,4,False,fresh_chunk_suffix,7,7,0.0997917652130127,0.040119439363479614
queue,10,5,229,239,2,4,False,fresh_chunk_suffix,8,8,0.10113129019737244,0.04015808925032616
queue,10,5,230,240,2,4,False,fresh_chunk_suffix,9,9,0.10208076238632202,0.04018813744187355
queue,10,5,231,241,2,4,False,previous_plan_remainder,0,10,0.10231504589319229,0.040216781198978424
queue,10,5,232,242,2,4,False,previous_plan_remainder,1,11,0.10109896957874298,0.040244121104478836
queue,10,5,233,243,2,4,False,previous_plan_remainder,2,12,0.09909316897392273,0.040275994688272476
queue,10,5,234,244,2,4,False,previous_plan_remainder,3,13,0.0979267805814743,0.040301363915205
queue,10,5,235,245,2,4,False,previous_plan_remainder,4,14,0.09793930500745773,0.04032830521464348
queue,10,5,236,246,2,4,False,fresh_chunk_suffix,5,5,0.09848134219646454,0.04034639894962311
queue,10,5,237,247,2,4,False,fresh_chunk_suffix,6,6,0.09986991435289383,0.040369484573602676
queue,10,5,238,248,2,4,False,fresh_chunk_suffix,7,7,0.09963231533765793,0.04038451984524727
queue,10,5,239,249,2,4,False,fresh_chunk_suffix,8,8,0.10029489547014236,0.04040757194161415
queue,10,5,240,250,2,4,False,fresh_chunk_suffix,9,9,0.10016393661499023,0.040418438613414764
queue,10,5,241,251,2,4,False,previous_plan_remainder,0,10,0.10117296874523163,0.04043740779161453
queue,10,5,242,252,2,4,False,previous_plan_remainder,1,11,0.10184092819690704,0.04045683518052101
queue,10,5,243,253,2,4,False,previous_plan_remainder,2,12,0.10094942152500153,0.04048660397529602
queue,10,5,244,254,2,4,False,previous_plan_remainder,3,13,0.09957724064588547,0.04051420837640762
queue,10,5,245,255,2,4,False,previous_plan_remainder,4,14,0.09928496927022934,0.040546316653490067
queue,10,5,246,256,2,4,False,fresh_chunk_suffix,5,5,0.09648413211107254,0.04057180508971214
queue,10,5,247,257,2,4,False,fresh_chunk_suffix,6,6,0.09423570334911346,0.040604155510663986
queue,10,5,248,258,2,4,False,fresh_chunk_suffix,7,7,0.09248276799917221,0.0406324528157711
queue,10,5,249,259,2,4,False,fresh_chunk_suffix,8,8,0.09157391637563705,0.04066750407218933
queue,10,5,250,260,2,4,False,fresh_chunk_suffix,9,9,0.09123195707798004,0.040695566684007645
queue,10,5,251,261,2,4,False,previous_plan_remainder,0,10,0.09151330590248108,0.040724482387304306
queue,10,5,252,262,2,4,False,previous_plan_remainder,1,11,0.09252234548330307,0.0407564602792263
queue,10,5,253,263,2,4,False,previous_plan_remainder,2,12,0.09311981499195099,0.04079123213887215
queue,10,5,254,264,2,4,False,previous_plan_remainder,3,13,0.09354419261217117,0.04082564264535904
queue,10,5,255,265,2,4,False,previous_plan_remainder,4,14,0.09390535950660706,0.04085186496376991
queue,10,5,256,266,2,4,False,fresh_chunk_suffix,5,5,0.09416331350803375,0.040881287306547165
queue,10,5,257,267,2,4,False,fresh_chunk_suffix,6,6,0.09503359347581863,0.0409051850438118
queue,10,5,258,268,2,4,False,fresh_chunk_suffix,7,7,0.09676601737737656,0.04093269258737564
queue,10,5,259,269,2,4,False,fresh_chunk_suffix,8,8,0.09866567701101303,0.04095922410488129
queue,10,5,260,270,2,4,False,fresh_chunk_suffix,9,9,0.1006016656756401,0.040979910641908646
queue,10,5,261,271,2,4,False,previous_plan_remainder,0,10,0.10211608558893204,0.0409998819231987
queue,10,5,262,272,2,4,False,previous_plan_remainder,1,11,0.10274745523929596,0.041028812527656555
queue,10,5,263,273,2,4,False,previous_plan_remainder,2,12,0.102973572909832,0.0410577729344368
queue,10,5,264,274,2,4,False,previous_plan_remainder,3,13,0.10301127284765244,0.04107534512877464
queue,10,5,265,275,2,4,False,previous_plan_remainder,4,14,0.1035722866654396,0.04109503701329231
queue,10,5,266,276,2,4,False,fresh_chunk_suffix,5,5,0.10521749407052994,0.041117407381534576
queue,10,5,267,277,2,4,False,fresh_chunk_suffix,6,6,0.10606352239847183,0.04113342612981796
queue,10,5,268,278,2,4,False,fresh_chunk_suffix,7,7,0.10634646564722061,0.041160255670547485
queue,10,5,269,279,2,4,False,fresh_chunk_suffix,8,8,0.10594811290502548,0.04119158163666725
queue,10,5,270,280,2,4,False,fresh_chunk_suffix,9,9,0.10535544902086258,0.04121071472764015
queue,10,5,271,281,2,4,False,previous_plan_remainder,0,10,0.1052323654294014,0.04122518002986908
queue,10,5,272,282,2,4,False,previous_plan_remainder,1,11,0.10502481460571289,0.04123535752296448
queue,10,5,273,283,2,4,False,previous_plan_remainder,2,12,0.1049354076385498,0.041249070316553116
queue,10,5,274,284,2,4,False,previous_plan_remainder,3,13,0.1051500216126442,0.04125778377056122
queue,10,5,275,285,2,4,False,previous_plan_remainder,4,14,0.105233334004879,0.04127826169133186
queue,10,5,276,286,2,4,False,fresh_chunk_suffix,5,5,0.10642918944358826,0.04129355400800705
queue,10,5,277,287,2,4,False,fresh_chunk_suffix,6,6,0.10794153809547424,0.04129788652062416
queue,10,5,278,288,2,4,False,fresh_chunk_suffix,7,7,0.10897909104824066,0.04131355509161949
queue,10,5,279,289,2,4,False,fresh_chunk_suffix,8,8,0.1098342016339302,0.04133059084415436
queue,10,5,280,290,2,4,False,fresh_chunk_suffix,9,9,0.11237998306751251,0.041351716965436935
queue,10,5,281,291,2,4,False,previous_plan_remainder,0,10,0.11430664360523224,0.04136580228805542
queue,10,5,282,292,2,4,False,previous_plan_remainder,1,11,0.11587706953287125,0.041380926966667175
queue,10,5,283,293,2,4,False,previous_plan_remainder,2,12,0.11623866111040115,0.04138503223657608
queue,10,5,284,294,2,4,False,previous_plan_remainder,3,13,0.11641042679548264,0.041396964341402054
queue,10,5,285,295,2,4,False,previous_plan_remainder,4,14,0.11703355610370636,0.04140730947256088
queue,10,5,286,296,2,4,False,fresh_chunk_suffix,5,5,0.1177668571472168,0.04141927883028984
queue,10,5,287,297,2,4,False,fresh_chunk_suffix,6,6,0.11822935193777084,0.04143140837550163
queue,10,5,288,298,2,4,False,fresh_chunk_suffix,7,7,0.11878854036331177,0.04144011065363884
queue,10,5,289,299,2,4,False,fresh_chunk_suffix,8,8,0.11958977580070496,0.041452083736658096
queue,10,5,290,300,2,4,False,fresh_chunk_suffix,9,9,0.11996053159236908,0.04146267846226692
queue,10,5,291,301,2,4,False,previous_plan_remainder,0,10,0.1205735132098198,0.04147326946258545
queue,10,5,292,302,2,4,False,previous_plan_remainder,1,11,0.12165313214063644,0.041481997817754745
queue,10,5,293,303,2,4,False,previous_plan_remainder,2,12,0.12279598414897919,0.04149286076426506
queue,10,5,294,304,2,4,False,previous_plan_remainder,3,13,0.12309207022190094,0.041500646620988846
queue,10,5,295,305,2,4,False,previous_plan_remainder,4,14,0.12357790768146515,0.04151236265897751
queue,10,5,296,306,2,4,False,fresh_chunk_suffix,5,5,0.12264640629291534,0.04152281954884529
queue,10,5,297,307,2,4,False,fresh_chunk_suffix,6,6,0.12140001356601715,0.04153447225689888
queue,10,5,298,308,2,4,False,fresh_chunk_suffix,7,7,0.12055790424346924,0.04154835268855095
queue,10,5,299,309,2,4,False,fresh_chunk_suffix,8,8,0.12091731280088425,0.04156656190752983
queue,10,5,300,310,2,4,False,fresh_chunk_suffix,9,9,0.1210155040025711,0.04158008471131325
queue,10,5,301,311,2,4,False,previous_plan_remainder,0,10,0.12181703746318817,0.04159460589289665
queue,10,5,302,312,2,4,False,previous_plan_remainder,1,11,0.12213503569364548,0.04160480946302414
queue,10,5,303,313,2,4,False,previous_plan_remainder,2,12,0.12212105095386505,0.041609976440668106
queue,10,5,304,314,2,4,False,previous_plan_remainder,3,13,0.12211310118436813,0.041611991822719574
queue,10,5,305,315,2,4,False,previous_plan_remainder,4,14,0.12216957658529282,0.04161247983574867
queue,10,5,306,316,2,4,False,fresh_chunk_suffix,5,5,0.12293528020381927,0.041627418249845505
queue,10,5,307,317,2,4,False,fresh_chunk_suffix,6,6,0.12293550372123718,0.041646286845207214
queue,10,5,308,318,2,4,False,fresh_chunk_suffix,7,7,0.1228882372379303,0.04164944961667061
queue,10,5,309,319,2,4,False,fresh_chunk_suffix,8,8,0.12264373898506165,0.041661567986011505
queue,10,5,310,320,2,4,False,fresh_chunk_suffix,9,9,0.12218876928091049,0.041670311242341995
queue,10,5,311,321,2,4,False,previous_plan_remainder,0,10,0.12213607877492905,0.0416751466691494
queue,10,5,312,322,2,4,False,previous_plan_remainder,1,11,0.12156234681606293,0.04168625548481941
queue,10,5,313,323,2,4,False,previous_plan_remainder,2,12,0.12121478468179703,0.04168879985809326
queue,10,5,314,324,2,4,False,previous_plan_remainder,3,13,0.12084411084651947,0.04170030355453491
queue,10,5,315,325,2,4,False,previous_plan_remainder,4,14,0.12045581638813019,0.04171592742204666
queue,10,5,316,326,2,4,False,fresh_chunk_suffix,5,5,0.12288899719715118,0.041732050478458405
queue,10,5,317,327,2,4,False,fresh_chunk_suffix,6,6,0.1252780258655548,0.041746094822883606
queue,10,5,318,328,2,4,False,fresh_chunk_suffix,7,7,0.12882623076438904,0.041763678193092346
queue,10,5,319,329,2,4,False,fresh_chunk_suffix,8,8,0.13175354897975922,0.04178008809685707
queue,10,5,320,330,2,4,False,fresh_chunk_suffix,9,9,0.13346745073795319,0.04179779812693596
queue,10,5,321,331,2,4,False,previous_plan_remainder,0,10,0.13388267159461975,0.04181167110800743
queue,10,5,322,332,2,4,False,previous_plan_remainder,1,11,0.13408543169498444,0.04182412102818489
queue,10,5,323,333,2,4,False,previous_plan_remainder,2,12,0.13344983756542206,0.04183240234851837
queue,10,5,324,334,2,4,False,previous_plan_remainder,3,13,0.13236337900161743,0.0418381504714489
queue,10,5,325,335,2,4,False,previous_plan_remainder,4,14,0.13112115859985352,0.041842199862003326
queue,10,5,326,336,2,4,False,fresh_chunk_suffix,5,5,0.142459899187088,0.04184967279434204
queue,10,5,327,337,2,4,False,fresh_chunk_suffix,6,6,0.15525546669960022,0.041861288249492645
queue,10,5,328,338,2,4,False,fresh_chunk_suffix,7,7,0.1622900515794754,0.04186812415719032
queue,10,5,329,339,2,4,False,fresh_chunk_suffix,8,8,0.16531401872634888,0.041876014322042465
queue,10,5,330,340,2,4,False,fresh_chunk_suffix,9,9,0.16677922010421753,0.041884928941726685
queue,10,5,331,341,2,4,False,previous_plan_remainder,0,10,0.1648491621017456,0.04189446195960045
queue,10,5,332,342,2,4,False,previous_plan_remainder,1,11,0.16166488826274872,0.04190421849489212
queue,10,5,333,343,2,4,False,previous_plan_remainder,2,12,0.16154931485652924,0.041914474219083786
queue,10,5,334,344,2,4,False,previous_plan_remainder,3,13,0.1609416902065277,0.04192005842924118
queue,10,5,335,345,2,4,False,previous_plan_remainder,4,14,0.16329067945480347,0.04192821681499481
queue,10,5,336,346,2,4,False,fresh_chunk_suffix,5,5,0.1800847351551056,0.04193579778075218
queue,10,5,337,347,2,4,False,fresh_chunk_suffix,6,6,0.19806215167045593,0.04194904863834381
queue,10,5,338,348,2,4,False,fresh_chunk_suffix,7,7,0.21199797093868256,0.04196716472506523
queue,10,5,339,349,2,4,False,fresh_chunk_suffix,8,8,0.2167719602584839,0.04196687042713165
queue,10,5,340,350,2,4,False,fresh_chunk_suffix,9,9,0.2211994230747223,0.04197772964835167
queue,10,5,341,351,2,4,False,previous_plan_remainder,0,10,0.2290526032447815,0.04198884963989258
queue,10,5,342,352,2,4,False,previous_plan_remainder,1,11,0.23846937716007233,0.04199114441871643
queue,10,5,343,353,2,4,False,previous_plan_remainder,2,12,0.24789535999298096,0.041997380554676056
queue,10,5,344,354,2,4,False,previous_plan_remainder,3,13,0.2543974220752716,0.04200700297951698
queue,10,5,345,355,2,4,False,previous_plan_remainder,4,14,0.2590258717536926,0.04201577231287956
queue,10,5,346,356,2,4,False,fresh_chunk_suffix,5,5,0.2838083803653717,0.0420195646584034
queue,10,5,347,357,2,4,False,fresh_chunk_suffix,6,6,0.3116377294063568,0.04202764481306076
queue,10,5,348,358,2,4,False,fresh_chunk_suffix,7,7,0.3348556458950043,0.042045433074235916
queue,10,5,349,359,2,4,False,fresh_chunk_suffix,8,8,0.3528347313404083,0.04205498844385147
queue,10,5,350,360,2,4,False,fresh_chunk_suffix,9,9,0.36546531319618225,0.0420663096010685
queue,10,5,351,361,2,4,False,previous_plan_remainder,0,10,0.38350850343704224,0.04207238927483559
queue,10,5,352,362,2,4,False,previous_plan_remainder,1,11,0.39939936995506287,0.04207954555749893
queue,10,5,353,363,2,4,False,previous_plan_remainder,2,12,0.405365914106369,0.04209253564476967
queue,10,5,354,364,2,4,False,previous_plan_remainder,3,13,0.4098896384239197,0.04210326820611954
queue,10,5,355,365,2,4,False,previous_plan_remainder,4,14,0.4177609980106354,0.04212095960974693
queue,10,5,356,366,2,4,False,fresh_chunk_suffix,5,5,0.4340246915817261,0.04212803393602371
queue,10,5,357,367,2,4,False,fresh_chunk_suffix,6,6,0.44434916973114014,0.04213995113968849
queue,10,5,358,368,2,4,False,fresh_chunk_suffix,7,7,0.4540954530239105,0.042154461145401
queue,10,5,359,369,2,4,False,fresh_chunk_suffix,8,8,0.46751081943511963,0.04217071458697319
queue,10,5,360,370,2,4,False,fresh_chunk_suffix,9,9,0.47655463218688965,0.04217792674899101
queue,10,5,361,371,2,4,False,previous_plan_remainder,0,10,0.47844985127449036,0.042195409536361694
queue,10,5,362,372,2,4,False,previous_plan_remainder,1,11,0.47978639602661133,0.04220382869243622
queue,10,5,363,373,2,4,False,previous_plan_remainder,2,12,0.4845816195011139,0.04221043363213539
queue,10,5,364,374,2,4,False,previous_plan_remainder,3,13,0.49308276176452637,0.042218148708343506
queue,10,5,365,375,2,4,False,previous_plan_remainder,4,14,0.5060583353042603,0.04223150759935379
queue,10,5,366,376,2,4,False,fresh_chunk_suffix,5,5,0.5200852751731873,0.04224199801683426
queue,10,5,367,377,2,4,False,fresh_chunk_suffix,6,6,0.5328813195228577,0.04225856810808182
queue,10,5,368,378,2,4,False,fresh_chunk_suffix,7,7,0.5471813082695007,0.04228125885128975
queue,10,5,369,379,2,4,False,fresh_chunk_suffix,8,8,0.5562978386878967,0.042291417717933655
queue,10,5,370,380,2,4,False,fresh_chunk_suffix,9,9,0.5608491897583008,0.04231130704283714
queue,10,5,371,381,2,4,False,previous_plan_remainder,0,10,0.5672006607055664,0.04232857748866081
queue,10,5,372,382,2,4,False,previous_plan_remainder,1,11,0.5724704265594482,0.04235122725367546
queue,10,5,373,383,2,4,False,previous_plan_remainder,2,12,0.5737094283103943,0.042380042374134064
queue,10,5,374,384,2,4,False,previous_plan_remainder,3,13,0.5714324712753296,0.042405128479003906
queue,10,5,375,385,2,4,False,previous_plan_remainder,4,14,0.5748042464256287,0.04242644086480141
queue,10,5,376,386,2,4,False,fresh_chunk_suffix,5,5,0.5736655592918396,0.0424557700753212
queue,10,5,377,387,2,4,False,fresh_chunk_suffix,6,6,0.5682079195976257,0.042480625212192535
queue,10,5,378,388,2,4,False,fresh_chunk_suffix,7,7,0.5658156871795654,0.04250708594918251
queue,10,5,379,389,2,4,False,fresh_chunk_suffix,8,8,0.5631974935531616,0.042535729706287384
queue,10,5,380,390,2,4,False,fresh_chunk_suffix,9,9,0.5638411045074463,0.04256680607795715
queue,10,5,381,391,2,4,False,previous_plan_remainder,0,10,0.5633020401000977,0.042591989040374756
queue,10,5,382,392,2,4,False,previous_plan_remainder,1,11,0.558992326259613,0.04262344539165497
queue,10,5,383,393,2,4,False,previous_plan_remainder,2,12,0.5607738494873047,0.04266124963760376
queue,10,5,384,394,2,4,False,previous_plan_remainder,3,13,0.5761781930923462,0.042701151221990585
queue,10,5,385,395,2,4,False,previous_plan_remainder,4,14,0.5958671569824219,0.04273887723684311
queue,10,5,386,396,2,4,False,fresh_chunk_suffix,5,5,0.6260799169540405,0.042788371443748474
queue,10,5,387,397,2,4,False,fresh_chunk_suffix,6,6,0.6490626335144043,0.04282146692276001
queue,10,5,388,398,2,4,False,fresh_chunk_suffix,7,7,0.6646430492401123,0.04287213459610939
queue,10,5,389,399,2,4,False,fresh_chunk_suffix,8,8,0.678640604019165,0.04291030764579773
queue,10,5,390,400,2,4,False,fresh_chunk_suffix,9,9,0.6982357501983643,0.042961928993463516
queue,10,5,391,401,2,4,False,previous_plan_remainder,0,10,0.7235811352729797,0.043014850467443466
queue,10,5,392,402,2,4,False,previous_plan_remainder,1,11,0.743182361125946,0.04306774213910103
queue,10,5,393,403,2,4,False,previous_plan_remainder,2,12,0.765385627746582,0.04311463236808777
queue,10,5,394,404,2,4,False,previous_plan_remainder,3,13,0.7886825799942017,0.043170005083084106
queue,10,5,395,405,2,4,False,previous_plan_remainder,4,14,0.811276376247406,0.04321681708097458
queue,10,5,396,406,2,4,False,fresh_chunk_suffix,5,5,0.815028965473175,0.043258097022771835
queue,10,5,397,407,2,4,False,fresh_chunk_suffix,6,6,0.8223214149475098,0.043308161199092865
queue,10,5,398,408,2,4,False,fresh_chunk_suffix,7,7,0.8421065807342529,0.0433582104742527
queue,10,5,399,409,2,4,False,fresh_chunk_suffix,8,8,0.8626480102539062,0.04340358451008797
queue,10,5,400,410,2,4,False,fresh_chunk_suffix,9,9,0.8820163011550903,0.04343908280134201
queue,10,5,401,411,2,4,False,previous_plan_remainder,0,10,0.8998958468437195,0.04347832128405571
queue,10,5,402,412,2,4,False,previous_plan_remainder,1,11,0.9170240759849548,0.043509118258953094
queue,10,5,403,413,2,4,False,previous_plan_remainder,2,12,0.9311208128929138,0.043547533452510834
queue,10,5,404,414,2,4,False,previous_plan_remainder,3,13,0.9481661319732666,0.04358848184347153
queue,10,5,405,415,2,4,False,previous_plan_remainder,4,14,0.9696195125579834,0.043617844581604004
queue,10,5,406,416,2,4,False,fresh_chunk_suffix,5,5,0.9846287369728088,0.04366573691368103
queue,10,5,407,417,2,4,False,fresh_chunk_suffix,6,6,1.0020571947097778,0.04370211064815521
queue,10,5,408,418,2,4,False,fresh_chunk_suffix,7,7,1.0178894996643066,0.04373918101191521
queue,10,5,409,419,2,4,False,fresh_chunk_suffix,8,8,1.033447265625,0.04379720985889435
queue,10,5,410,420,2,4,False,fresh_chunk_suffix,9,9,1.0436087846755981,0.04385741800069809
queue,10,5,411,421,2,4,False,previous_plan_remainder,0,10,1.0491008758544922,0.04391549527645111
queue,10,5,412,422,2,4,False,previous_plan_remainder,1,11,1.0644347667694092,0.043971337378025055
queue,10,5,413,423,2,4,False,previous_plan_remainder,2,12,1.0733604431152344,0.0440315380692482
queue,10,5,414,424,2,4,False,previous_plan_remainder,3,13,1.0803987979888916,0.04408726468682289
queue,10,5,415,425,2,4,False,previous_plan_remainder,4,14,1.0812451839447021,0.04415320232510567
queue,10,5,416,426,2,4,False,fresh_chunk_suffix,5,5,1.095649242401123,0.04421273618936539
queue,10,5,417,427,2,4,False,fresh_chunk_suffix,6,6,1.1030067205429077,0.044257763773202896
queue,10,5,418,428,2,4,False,fresh_chunk_suffix,7,7,1.108398675918579,0.04431280493736267
queue,10,5,419,429,2,4,False,fresh_chunk_suffix,8,8,1.1043916940689087,0.04433862119913101
queue,10,5,420,430,2,4,False,fresh_chunk_suffix,9,9,1.0825527906417847,0.04437275975942612
queue,10,5,421,431,2,4,False,previous_plan_remainder,0,10,1.0556632280349731,0.04440642520785332
queue,10,5,422,432,2,4,False,previous_plan_remainder,1,11,1.0132595300674438,0.044427745044231415
queue,10,5,423,433,2,4,False,previous_plan_remainder,2,12,0.965154767036438,0.044463545083999634
queue,10,5,424,434,2,4,False,previous_plan_remainder,3,13,0.9161717295646667,0.04448592662811279
queue,10,5,425,435,2,4,False,previous_plan_remainder,4,14,0.8644644618034363,0.04450991004705429
queue,10,5,426,436,2,4,False,fresh_chunk_suffix,5,5,0.8302438259124756,0.04453200474381447
queue,10,5,427,437,2,4,False,fresh_chunk_suffix,6,6,0.7888020277023315,0.044559553265571594
queue,10,5,428,438,2,4,False,fresh_chunk_suffix,7,7,0.7464640736579895,0.044563259929418564
queue,10,5,429,439,2,4,False,fresh_chunk_suffix,8,8,0.7028823494911194,0.04457734152674675
queue,10,5,430,440,2,4,False,fresh_chunk_suffix,9,9,0.6568517088890076,0.04459751397371292
queue,10,5,431,441,2,4,False,previous_plan_remainder,0,10,0.6088067889213562,0.04460484907031059
queue,10,5,432,442,2,4,False,previous_plan_remainder,1,11,0.5626057386398315,0.044612765312194824
queue,10,5,433,443,2,4,False,previous_plan_remainder,2,12,0.5185006260871887,0.044627610594034195
queue,10,5,434,444,2,4,False,previous_plan_remainder,3,13,0.4758005738258362,0.04463956505060196
queue,10,5,435,445,2,4,False,previous_plan_remainder,4,14,0.43443959951400757,0.044654615223407745
queue,10,5,436,446,2,4,False,fresh_chunk_suffix,5,5,0.3932654559612274,0.04466627910733223
queue,10,5,437,447,2,4,False,fresh_chunk_suffix,6,6,0.3509020507335663,0.04468794912099838
queue,10,5,438,448,2,4,False,fresh_chunk_suffix,7,7,0.30906298756599426,0.04470384120941162
queue,10,5,439,449,2,4,False,fresh_chunk_suffix,8,8,0.26983708143234253,0.044723618775606155
queue,10,5,440,450,2,4,False,fresh_chunk_suffix,9,9,0.2346048355102539,0.04473870247602463
queue,10,5,441,451,2,4,False,previous_plan_remainder,0,10,0.20259113609790802,0.044756993651390076
queue,10,5,442,452,2,4,False,previous_plan_remainder,1,11,0.17595422267913818,0.04476911947131157
queue,10,5,443,453,2,4,False,previous_plan_remainder,2,12,0.1515408754348755,0.04478253424167633
queue,10,5,444,454,2,4,False,previous_plan_remainder,3,13,0.12909284234046936,0.0447959266602993
queue,10,5,445,455,2,4,False,previous_plan_remainder,4,14,0.11314546316862106,0.044806186109781265
queue,10,5,446,456,2,4,False,fresh_chunk_suffix,5,5,0.10165180265903473,0.04482002556324005
queue,10,5,447,457,2,4,False,fresh_chunk_suffix,6,6,0.09676680713891983,0.04483235627412796
queue,10,5,448,458,2,4,False,fresh_chunk_suffix,7,7,0.09533122181892395,0.04483798146247864
queue,10,5,449,459,2,4,False,fresh_chunk_suffix,8,8,0.09626999497413635,0.0448441207408905
queue,10,5,450,460,2,4,False,fresh_chunk_suffix,9,9,0.09718094021081924,0.044854093343019485
queue,10,5,451,461,2,4,False,previous_plan_remainder,0,10,0.0971762165427208,0.04486516863107681
queue,10,5,452,462,2,4,False,previous_plan_remainder,1,11,0.09742458164691925,0.044870827347040176
queue,10,5,453,463,2,4,False,previous_plan_remainder,2,12,0.09602376818656921,0.044889405369758606
queue,10,5,454,464,2,4,False,previous_plan_remainder,3,13,0.09494978934526443,0.04490453377366066
queue,10,5,455,465,2,4,False,previous_plan_remainder,4,14,0.09283113479614258,0.044918909668922424
queue,10,5,456,466,2,4,False,fresh_chunk_suffix,5,5,0.09321963042020798,0.044928524643182755
queue,10,5,457,467,2,4,False,fresh_chunk_suffix,6,6,0.09505408257246017,0.04494272544980049
queue,10,5,458,468,2,4,False,fresh_chunk_suffix,7,7,0.09640789777040482,0.04495275765657425
queue,10,5,459,469,2,4,False,fresh_chunk_suffix,8,8,0.09779154509305954,0.0449640154838562
queue,10,5,460,470,2,4,False,fresh_chunk_suffix,9,9,0.09893085062503815,0.044971149414777756
queue,10,5,461,471,2,4,False,previous_plan_remainder,0,10,0.10002174973487854,0.04498299956321716
queue,10,5,462,472,2,4,False,previous_plan_remainder,1,11,0.10053560882806778,0.044992078095674515
queue,10,5,463,473,2,4,False,previous_plan_remainder,2,12,0.10028361529111862,0.04500202834606171
queue,10,5,464,474,2,4,False,previous_plan_remainder,3,13,0.09967966377735138,0.04501384496688843
queue,10,5,465,475,2,4,False,previous_plan_remainder,4,14,0.09967690706253052,0.04503472149372101
queue,10,5,466,476,2,4,False,fresh_chunk_suffix,5,5,0.09959643334150314,0.04504508152604103
queue,10,5,467,477,2,4,False,fresh_chunk_suffix,6,6,0.09894966334104538,0.04506358131766319
queue,10,5,468,478,2,4,False,fresh_chunk_suffix,7,7,0.09929220378398895,0.045069802552461624
queue,10,5,469,479,2,4,False,fresh_chunk_suffix,8,8,0.10062733292579651,0.04508836194872856
queue,10,5,470,480,2,4,False,fresh_chunk_suffix,9,9,0.10128720104694366,0.04509278014302254
queue,10,5,471,481,2,4,False,previous_plan_remainder,0,10,0.10209104418754578,0.04510120302438736
queue,10,5,472,482,2,4,False,previous_plan_remainder,1,11,0.10267753154039383,0.0451073981821537
queue,10,5,473,483,2,4,False,previous_plan_remainder,2,12,0.10263283550739288,0.045116402208805084
queue,10,5,474,484,2,4,False,previous_plan_remainder,3,13,0.10220545530319214,0.04512353986501694
queue,10,5,475,485,2,4,False,previous_plan_remainder,4,14,0.10176953673362732,0.04512347653508186
queue,10,5,476,486,2,4,False,fresh_chunk_suffix,5,5,0.10183487087488174,0.04514420032501221
queue,10,5,477,487,2,4,False,fresh_chunk_suffix,6,6,0.10225166380405426,0.04514828324317932
queue,10,5,478,488,2,4,False,fresh_chunk_suffix,7,7,0.10339038074016571,0.04516112804412842
queue,10,5,479,489,2,4,False,fresh_chunk_suffix,8,8,0.10515695065259933,0.04517512023448944
queue,10,5,480,490,2,4,False,fresh_chunk_suffix,9,9,0.10824146121740341,0.045189447700977325
queue,10,5,481,491,2,4,False,previous_plan_remainder,0,10,0.10912928730249405,0.045188043266534805
queue,10,5,482,492,2,4,False,previous_plan_remainder,1,11,0.10864782333374023,0.04520276188850403
queue,10,5,483,493,2,4,False,previous_plan_remainder,2,12,0.10834342986345291,0.04520890861749649
queue,10,5,484,494,2,4,False,previous_plan_remainder,3,13,0.10892760753631592,0.04522222653031349
queue,10,5,485,495,2,4,False,previous_plan_remainder,4,14,0.10948298126459122,0.04522218182682991
queue,10,5,486,496,2,4,False,fresh_chunk_suffix,5,5,0.11020521819591522,0.04523468017578125
queue,10,5,487,497,2,4,False,fresh_chunk_suffix,6,6,0.1107654720544815,0.04523927718400955
queue,10,5,488,498,2,4,False,fresh_chunk_suffix,7,7,0.11036885529756546,0.04525846242904663
queue,10,5,489,499,2,4,False,fresh_chunk_suffix,8,8,0.1101967915892601,0.045266229659318924
queue,10,5,490,500,2,4,False,fresh_chunk_suffix,9,9,0.10960425436496735,0.045279618352651596
queue,10,5,491,501,2,4,False,previous_plan_remainder,0,10,0.1181476041674614,0.045291442424058914
queue,10,5,492,502,2,4,False,previous_plan_remainder,1,11,0.1270938515663147,0.04531488195061684
queue,10,5,493,503,2,4,False,previous_plan_remainder,2,12,0.13191528618335724,0.0453215017914772
queue,10,5,494,504,2,4,False,previous_plan_remainder,3,13,0.135532945394516,0.04533315449953079
queue,10,5,495,505,2,4,False,previous_plan_remainder,4,14,0.1381811648607254,0.045342132449150085
queue,10,5,496,506,2,4,False,fresh_chunk_suffix,5,5,0.14546331763267517,0.04534991830587387
queue,10,5,497,507,2,4,False,fresh_chunk_suffix,6,6,0.16931699216365814,0.04535801336169243
queue,10,5,498,508,2,4,False,fresh_chunk_suffix,7,7,0.18042129278182983,0.04538394883275032
queue,10,5,499,509,2,4,False,fresh_chunk_suffix,8,8,0.18051044642925262,0.04539991170167923
queue,10,5,500,510,2,4,False,fresh_chunk_suffix,9,9,0.1733381748199463,0.0454179123044014
queue,10,5,501,511,2,4,False,previous_plan_remainder,0,10,0.16359278559684753,0.04542822763323784
queue,10,5,502,512,2,4,False,previous_plan_remainder,1,11,0.15479430556297302,0.04544021934270859
queue,10,5,503,513,2,4,False,previous_plan_remainder,2,12,0.14775246381759644,0.04546083137392998
queue,10,5,504,514,2,4,False,previous_plan_remainder,3,13,0.14442116022109985,0.0454767644405365
queue,10,5,505,515,2,4,False,previous_plan_remainder,4,14,0.1454019844532013,0.0454983226954937
queue,10,5,506,516,2,4,False,fresh_chunk_suffix,5,5,0.14468824863433838,0.045518677681684494
queue,10,5,507,517,2,4,False,fresh_chunk_suffix,6,6,0.14279960095882416,0.04553861543536186
queue,10,5,508,518,2,4,False,fresh_chunk_suffix,7,7,0.14162956178188324,0.045548222959041595
queue,10,5,509,519,2,4,False,fresh_chunk_suffix,8,8,0.14016175270080566,0.04555617645382881
queue,10,5,510,520,2,4,False,fresh_chunk_suffix,9,9,0.14085030555725098,0.04556797072291374
queue,10,5,511,521,2,4,False,previous_plan_remainder,0,10,0.141996368765831,0.04558314010500908
queue,10,5,512,522,2,4,False,previous_plan_remainder,1,11,0.1399446427822113,0.04558706283569336
queue,10,5,513,523,2,4,False,previous_plan_remainder,2,12,0.13825932145118713,0.045597370713949203
queue,10,5,514,524,2,4,False,previous_plan_remainder,3,13,0.1388835459947586,0.04560588300228119
queue,10,5,515,525,2,4,False,previous_plan_remainder,4,14,0.1385808289051056,0.0456211194396019
queue,10,5,516,526,2,4,False,fresh_chunk_suffix,5,5,0.13867202401161194,0.04563358426094055
queue,10,5,517,527,2,4,False,fresh_chunk_suffix,6,6,0.14062729477882385,0.045651696622371674
queue,10,5,518,528,2,4,False,fresh_chunk_suffix,7,7,0.14157788455486298,0.045665815472602844
queue,10,5,519,529,2,4,False,fresh_chunk_suffix,8,8,0.1433132290840149,0.045685458928346634
queue,10,5,520,530,2,4,False,fresh_chunk_suffix,9,9,0.14505316317081451,0.04569646716117859
queue,10,5,521,531,2,4,False,previous_plan_remainder,0,10,0.1472206711769104,0.04571226239204407
queue,10,5,522,532,2,4,False,previous_plan_remainder,1,11,0.14852383732795715,0.045725442469120026
queue,10,5,523,533,2,4,False,previous_plan_remainder,2,12,0.14985445141792297,0.0457422100007534
queue,10,5,524,534,2,4,False,previous_plan_remainder,3,13,0.15139956772327423,0.04575609788298607
queue,10,5,525,535,2,4,False,previous_plan_remainder,4,14,0.15262922644615173,0.04576800391077995
queue,10,5,526,536,2,4,False,fresh_chunk_suffix,5,5,0.15544424951076508,0.04578261449933052
queue,10,5,527,537,2,4,False,fresh_chunk_suffix,6,6,0.1563505083322525,0.045806363224983215
queue,10,5,528,538,2,4,False,fresh_chunk_suffix,7,7,0.15715380012989044,0.04582558199763298
queue,10,5,529,539,2,4,False,fresh_chunk_suffix,8,8,0.15623879432678223,0.045843686908483505
queue,10,5,530,540,2,4,False,fresh_chunk_suffix,9,9,0.1554735153913498,0.04586249589920044
queue,10,5,531,541,2,4,False,previous_plan_remainder,0,10,0.1550130844116211,0.04588552936911583
queue,10,5,532,542,2,4,False,previous_plan_remainder,1,11,0.15607427060604095,0.045904114842414856
queue,10,5,533,543,2,4,False,previous_plan_remainder,2,12,0.15410418808460236,0.045923326164484024
queue,10,5,534,544,2,4,False,previous_plan_remainder,3,13,0.15198706090450287,0.045943114906549454
queue,10,5,535,545,2,4,False,previous_plan_remainder,4,14,0.15039952099323273,0.04597008600831032
queue,10,5,536,546,2,4,False,fresh_chunk_suffix,5,5,0.15217125415802002,0.04598839208483696
queue,10,5,537,547,2,4,False,fresh_chunk_suffix,6,6,0.15379966795444489,0.04601920023560524
queue,10,5,538,548,2,4,False,fresh_chunk_suffix,7,7,0.15461769700050354,0.04604579880833626
queue,10,5,539,549,2,4,False,fresh_chunk_suffix,8,8,0.15596650540828705,0.04607370123267174
queue,10,5,540,550,2,4,False,fresh_chunk_suffix,9,9,0.156058669090271,0.046095095574855804
queue,10,5,541,551,2,4,False,previous_plan_remainder,0,10,0.16047829389572144,0.04612929746508598
queue,10,5,542,552,2,4,False,previous_plan_remainder,1,11,0.17122326791286469,0.04615818336606026
queue,10,5,543,553,2,4,False,previous_plan_remainder,2,12,0.17848093807697296,0.046189337968826294
queue,10,5,544,554,2,4,False,previous_plan_remainder,3,13,0.1925984025001526,0.04620914161205292
queue,10,5,545,555,2,4,False,previous_plan_remainder,4,14,0.2075236588716507,0.046229951083660126
queue,10,5,546,556,2,4,False,fresh_chunk_suffix,5,5,0.21728643774986267,0.04625369980931282
queue,10,5,547,557,2,4,False,fresh_chunk_suffix,6,6,0.21805599331855774,0.04627653583884239
queue,10,5,548,558,2,4,False,fresh_chunk_suffix,7,7,0.2111583650112152,0.04629998281598091
queue,10,5,549,559,2,4,False,fresh_chunk_suffix,8,8,0.20430046319961548,0.046326521784067154
queue,10,5,550,560,2,4,False,fresh_chunk_suffix,9,9,0.1993665248155594,0.046356674283742905
queue,10,5,551,561,2,4,False,previous_plan_remainder,0,10,0.19475656747817993,0.046389609575271606
queue,10,5,552,562,2,4,False,previous_plan_remainder,1,11,0.19076958298683167,0.04641922935843468
queue,10,5,553,563,2,4,False,previous_plan_remainder,2,12,0.18865786492824554,0.04644228145480156
queue,10,5,554,564,2,4,False,previous_plan_remainder,3,13,0.18774768710136414,0.04646745324134827
queue,10,5,555,565,2,4,False,previous_plan_remainder,4,14,0.1863521933555603,0.04649926349520683
queue,10,5,556,566,2,4,False,fresh_chunk_suffix,5,5,0.18335303664207458,0.04652360826730728
queue,10,5,557,567,2,4,False,fresh_chunk_suffix,6,6,0.1852412223815918,0.046543724834918976
queue,10,5,558,568,2,4,False,fresh_chunk_suffix,7,7,0.1833193004131317,0.046565454453229904
queue,10,5,559,569,2,4,False,fresh_chunk_suffix,8,8,0.17979595065116882,0.04659200832247734
queue,10,5,560,570,2,4,False,fresh_chunk_suffix,9,9,0.17742955684661865,0.04661796987056732
queue,10,5,561,571,2,4,False,previous_plan_remainder,0,10,0.17477603256702423,0.04664977267384529
queue,10,5,562,572,2,4,False,previous_plan_remainder,1,11,0.17196398973464966,0.046663254499435425
queue,10,5,563,573,2,4,False,previous_plan_remainder,2,12,0.17243315279483795,0.04669927805662155
queue,10,5,564,574,2,4,False,previous_plan_remainder,3,13,0.17213945090770721,0.04671422764658928
queue,10,5,565,575,2,4,False,previous_plan_remainder,4,14,0.168116956949234,0.046727441251277924
queue,10,5,566,576,2,4,False,fresh_chunk_suffix,5,5,0.1698923408985138,0.04675079509615898
queue,10,5,567,577,2,4,False,fresh_chunk_suffix,6,6,0.17261748015880585,0.046779096126556396
queue,10,5,568,578,2,4,False,fresh_chunk_suffix,7,7,0.1738000065088272,0.0467936210334301
queue,10,5,569,579,2,4,False,fresh_chunk_suffix,8,8,0.17313773930072784,0.04681984707713127
queue,10,5,570,580,2,4,False,fresh_chunk_suffix,9,9,0.17218603193759918,0.04683724418282509
queue,10,5,571,581,2,4,False,previous_plan_remainder,0,10,0.17111201584339142,0.04686282202601433
queue,10,5,572,582,2,4,False,previous_plan_remainder,1,11,0.16998285055160522,0.046876680105924606
queue,10,5,573,583,2,4,False,previous_plan_remainder,2,12,0.1684739738702774,0.04689685255289078
queue,10,5,574,584,2,4,False,previous_plan_remainder,3,13,0.16717074811458588,0.04691613093018532
queue,10,5,575,585,2,4,False,previous_plan_remainder,4,14,0.16606275737285614,0.04693896323442459
queue,10,5,576,586,2,4,False,fresh_chunk_suffix,5,5,0.16774068772792816,0.046951234340667725
queue,10,5,577,587,2,4,False,fresh_chunk_suffix,6,6,0.1696450412273407,0.046968236565589905
queue,10,5,578,588,2,4,False,fresh_chunk_suffix,7,7,0.17081013321876526,0.04697514697909355
queue,10,5,579,589,2,4,False,fresh_chunk_suffix,8,8,0.1711471974849701,0.046992991119623184
queue,10,5,580,590,2,4,False,fresh_chunk_suffix,9,9,0.17102941870689392,0.04702562093734741
queue,10,5,581,591,2,4,False,previous_plan_remainder,0,10,0.16999611258506775,0.047056570649147034
queue,10,5,582,592,2,4,False,previous_plan_remainder,1,11,0.17039760947227478,0.047085314989089966
queue,10,5,583,593,2,4,False,previous_plan_remainder,2,12,0.17072579264640808,0.047101184725761414
queue,10,5,584,594,2,4,False,previous_plan_remainder,3,13,0.17071686685085297,0.047136206179857254
queue,10,5,585,595,2,4,False,previous_plan_remainder,4,14,0.17034399509429932,0.047171078622341156
queue,10,5,586,596,2,4,False,fresh_chunk_suffix,5,5,0.1713383048772812,0.04720677062869072
queue,10,5,587,597,2,4,False,fresh_chunk_suffix,6,6,0.17446886003017426,0.047244466841220856
queue,10,5,588,598,2,4,False,fresh_chunk_suffix,7,7,0.1772509217262268,0.047284696251153946
queue,10,5,589,599,2,4,False,fresh_chunk_suffix,8,8,0.1788594275712967,0.04732297733426094
queue,10,5,590,600,2,4,False,fresh_chunk_suffix,9,9,0.18100674450397491,0.04736717417836189
queue,10,10,1,11,2,4,False,previous_plan_remainder,0,10,4.809328935095891e-09,0.0
queue,10,10,2,12,2,4,False,previous_plan_remainder,1,11,1.0753986146028183e-08,0.0
queue,10,10,3,13,2,4,False,previous_plan_remainder,2,12,9.678587709061048e-09,0.0
queue,10,10,4,14,2,4,False,previous_plan_remainder,3,13,8.065489942588044e-10,0.0
queue,10,10,5,15,2,4,False,previous_plan_remainder,4,14,5.376993295058696e-10,0.0
queue,10,10,6,16,2,4,False,previous_plan_remainder,5,15,8.065489942588044e-10,0.0
queue,10,10,7,17,2,4,False,previous_plan_remainder,6,16,5.376993295058696e-10,0.0
queue,10,10,8,18,2,4,False,previous_plan_remainder,7,17,4.301594636046957e-09,0.0
queue,10,10,9,19,2,4,False,previous_plan_remainder,8,18,4.301594636046957e-09,0.0
queue,10,10,10,20,2,4,False,previous_plan_remainder,9,19,9.618657870191782e-09,0.0
queue,10,10,11,21,2,4,False,previous_plan_remainder,0,10,0.05832580476999283,0.0
queue,10,10,12,22,2,4,False,previous_plan_remainder,1,11,0.11906574666500092,0.0
queue,10,10,13,23,2,4,False,previous_plan_remainder,2,12,0.17464123666286469,0.0
queue,10,10,14,24,2,4,False,previous_plan_remainder,3,13,0.22509300708770752,0.0
queue,10,10,15,25,2,4,False,previous_plan_remainder,4,14,0.2727780044078827,0.0
queue,10,10,16,26,2,4,False,previous_plan_remainder,5,15,0.3164084255695343,0.0
queue,10,10,17,27,2,4,False,previous_plan_remainder,6,16,0.352058082818985,0.0
queue,10,10,18,28,2,4,False,previous_plan_remainder,7,17,0.3839348554611206,0.0
queue,10,10,19,29,2,4,False,previous_plan_remainder,8,18,0.41375985741615295,0.0
queue,10,10,20,30,2,4,False,previous_plan_remainder,9,19,0.4436282515525818,0.0
queue,10,10,21,31,2,4,False,previous_plan_remainder,0,10,0.40017908811569214,0.0
queue,10,10,22,32,2,4,False,previous_plan_remainder,1,11,0.35167911648750305,0.0
queue,10,10,23,33,2,4,False,previous_plan_remainder,2,12,0.3058893084526062,0.0
queue,10,10,24,34,2,4,False,previous_plan_remainder,3,13,0.26383328437805176,0.0
queue,10,10,25,35,2,4,False,previous_plan_remainder,4,14,0.22280780971050262,0.0
queue,10,10,26,36,2,4,False,previous_plan_remainder,5,15,0.18458186089992523,0.0
queue,10,10,27,37,2,4,False,previous_plan_remainder,6,16,0.1515960991382599,0.0
queue,10,10,28,38,2,4,False,previous_plan_remainder,7,17,0.12568652629852295,0.0
queue,10,10,29,39,2,4,False,previous_plan_remainder,8,18,0.10949017107486725,0.0
queue,10,10,30,40,2,4,False,previous_plan_remainder,9,19,0.10105227679014206,0.0
queue,10,10,31,41,2,4,False,previous_plan_remainder,0,10,0.12010502815246582,0.0
queue,10,10,32,42,2,4,False,previous_plan_remainder,1,11,0.12808141112327576,0.0
queue,10,10,33,43,2,4,False,previous_plan_remainder,2,12,0.13616099953651428,0.0
queue,10,10,34,44,2,4,False,previous_plan_remainder,3,13,0.16262222826480865,0.0
queue,10,10,35,45,2,4,False,previous_plan_remainder,4,14,0.1898951530456543,0.0
queue,10,10,36,46,2,4,False,previous_plan_remainder,5,15,0.21521621942520142,0.0
queue,10,10,37,47,2,4,False,previous_plan_remainder,6,16,0.24697569012641907,0.0
queue,10,10,38,48,2,4,False,previous_plan_remainder,7,17,0.2821612060070038,0.0
queue,10,10,39,49,2,4,False,previous_plan_remainder,8,18,0.3232547342777252,0.0
queue,10,10,40,50,2,4,False,previous_plan_remainder,9,19,0.3661610782146454,0.0
queue,10,10,41,51,2,4,False,previous_plan_remainder,0,10,0.38091519474983215,0.0
queue,10,10,42,52,2,4,False,previous_plan_remainder,1,11,0.3996257781982422,0.0
queue,10,10,43,53,2,4,False,previous_plan_remainder,2,12,0.4227372705936432,0.0
queue,10,10,44,54,2,4,False,previous_plan_remainder,3,13,0.450067400932312,0.0
queue,10,10,45,55,2,4,False,previous_plan_remainder,4,14,0.48321083188056946,0.0
queue,10,10,46,56,2,4,False,previous_plan_remainder,5,15,0.5185473561286926,0.0
queue,10,10,47,57,2,4,False,previous_plan_remainder,6,16,0.5599924921989441,0.0
queue,10,10,48,58,2,4,False,previous_plan_remainder,7,17,0.5992235541343689,0.0
queue,10,10,49,59,2,4,False,previous_plan_remainder,8,18,0.6350378394126892,0.0
queue,10,10,50,60,2,4,False,previous_plan_remainder,9,19,0.6673431992530823,0.0
queue,10,10,51,61,2,4,False,previous_plan_remainder,0,10,0.6553997993469238,0.0
queue,10,10,52,62,2,4,False,previous_plan_remainder,1,11,0.6423196196556091,0.0
queue,10,10,53,63,2,4,False,previous_plan_remainder,2,12,0.6337307095527649,0.0
queue,10,10,54,64,2,4,False,previous_plan_remainder,3,13,0.6250056028366089,0.0
queue,10,10,55,65,2,4,False,previous_plan_remainder,4,14,0.6189518570899963,1.829417215049034e-06
queue,10,10,56,66,2,4,False,previous_plan_remainder,5,15,0.6183150410652161,8.676815923536196e-06
queue,10,10,57,67,2,4,False,previous_plan_remainder,6,16,0.6283451914787292,2.593408316897694e-05
queue,10,10,58,68,2,4,False,previous_plan_remainder,7,17,0.6376780867576599,6.824824231443927e-05
queue,10,10,59,69,2,4,False,previous_plan_remainder,8,18,0.6495881080627441,0.0001256381074199453
queue,10,10,60,70,2,4,False,previous_plan_remainder,9,19,0.6530013084411621,0.0001484041422372684
queue,10,10,61,71,2,4,False,previous_plan_remainder,0,10,0.6558583378791809,0.00016031181439757347
queue,10,10,62,72,2,4,False,previous_plan_remainder,1,11,0.6618631482124329,0.00017259357264265418
queue,10,10,63,73,2,4,False,previous_plan_remainder,2,12,0.6708104610443115,0.00017703960475046188
queue,10,10,64,74,2,4,False,previous_plan_remainder,3,13,0.6841744184494019,0.00016469878028146923
queue,10,10,65,75,2,4,False,previous_plan_remainder,4,14,0.7055202722549438,0.0001418909669155255
queue,10,10,66,76,2,4,False,previous_plan_remainder,5,15,0.7309172749519348,9.195000893669203e-05
queue,10,10,67,77,2,4,False,previous_plan_remainder,6,16,0.7597756385803223,9.674794455349911e-06
queue,10,10,68,78,2,4,False,previous_plan_remainder,7,17,0.7861394286155701,0.00015478525892831385
queue,10,10,69,79,2,4,False,previous_plan_remainder,8,18,0.8146477937698364,0.00029466880369000137
queue,10,10,70,80,2,4,False,previous_plan_remainder,9,19,0.8378910422325134,0.0004729189968202263
queue,10,10,71,81,2,4,False,previous_plan_remainder,0,10,0.816450834274292,0.0006717793876305223
queue,10,10,72,82,2,4,False,previous_plan_remainder,1,11,0.7968060374259949,0.0009196997270919383
queue,10,10,73,83,2,4,False,previous_plan_remainder,2,12,0.7755470275878906,0.00118175707757473
queue,10,10,74,84,2,4,False,previous_plan_remainder,3,13,0.7485005259513855,0.0012232915032655
queue,10,10,75,85,2,4,False,previous_plan_remainder,4,14,0.7056547403335571,0.0010642483830451965
queue,10,10,76,86,2,4,False,previous_plan_remainder,5,15,0.6890751123428345,0.0009167657699435949
queue,10,10,77,87,2,4,False,previous_plan_remainder,6,16,0.683434784412384,0.0009020111756399274
queue,10,10,78,88,2,4,False,previous_plan_remainder,7,17,0.6790071725845337,0.0009435666142962873
queue,10,10,79,89,2,4,False,previous_plan_remainder,8,18,0.6794576644897461,0.0011016222415491939
queue,10,10,80,90,2,4,False,previous_plan_remainder,9,19,0.677650511264801,0.0013510249555110931
queue,10,10,81,91,2,4,False,previous_plan_remainder,0,10,0.6889200210571289,0.0018995783757418394
queue,10,10,82,92,2,4,False,previous_plan_remainder,1,11,0.7057321667671204,0.0025994214229285717
queue,10,10,83,93,2,4,False,previous_plan_remainder,2,12,0.7246924638748169,0.0034606566186994314
queue,10,10,84,94,2,4,False,previous_plan_remainder,3,13,0.7519436478614807,0.004391025751829147
queue,10,10,85,95,2,4,False,previous_plan_remainder,4,14,0.7839548587799072,0.00553116062656045
queue,10,10,86,96,2,4,False,previous_plan_remainder,5,15,0.8091986179351807,0.006801505573093891
queue,10,10,87,97,2,4,False,previous_plan_remainder,6,16,0.8284977078437805,0.008153312839567661
queue,10,10,88,98,2,4,False,previous_plan_remainder,7,17,0.8419209718704224,0.009645715355873108
queue,10,10,89,99,2,4,False,previous_plan_remainder,8,18,0.8520457148551941,0.011277375742793083
queue,10,10,90,100,2,4,False,previous_plan_remainder,9,19,0.8625310063362122,0.013058467768132687
queue,10,10,91,101,2,4,False,previous_plan_remainder,0,10,0.8741730451583862,0.015012571588158607
queue,10,10,92,102,2,4,False,previous_plan_remainder,1,11,0.8856197595596313,0.017121735960245132
queue,10,10,93,103,2,4,False,previous_plan_remainder,2,12,0.9072649478912354,0.019417649134993553
queue,10,10,94,104,2,4,False,previous_plan_remainder,3,13,0.9305833578109741,0.021845612674951553
queue,10,10,95,105,2,4,False,previous_plan_remainder,4,14,0.9560803771018982,0.024265103042125702
queue,10,10,96,106,2,4,False,previous_plan_remainder,5,15,0.9764241576194763,0.02653997577726841
queue,10,10,97,107,2,4,False,previous_plan_remainder,6,16,0.9952954053878784,0.028551412746310234
queue,10,10,98,108,2,4,False,previous_plan_remainder,7,17,1.019372582435608,0.030301736667752266
queue,10,10,99,109,2,4,False,previous_plan_remainder,8,18,1.0382601022720337,0.03175630792975426
queue,10,10,100,110,2,4,False,previous_plan_remainder,9,19,1.0346797704696655,0.03297032415866852
queue,10,10,101,111,2,4,False,previous_plan_remainder,0,10,1.0481178760528564,0.03390956670045853
queue,10,10,102,112,2,4,False,previous_plan_remainder,1,11,1.0724153518676758,0.03454713523387909
queue,10,10,103,113,2,4,False,previous_plan_remainder,2,12,1.092995047569275,0.034973181784152985
queue,10,10,104,114,2,4,False,previous_plan_remainder,3,13,1.1057684421539307,0.035295646637678146
queue,10,10,105,115,2,4,False,previous_plan_remainder,4,14,1.1097323894500732,0.03564617037773132
queue,10,10,106,116,2,4,False,previous_plan_remainder,5,15,1.1194937229156494,0.03604818135499954
queue,10,10,107,117,2,4,False,previous_plan_remainder,6,16,1.1344507932662964,0.03657754138112068
queue,10,10,108,118,2,4,False,previous_plan_remainder,7,17,1.1501692533493042,0.03728611767292023
queue,10,10,109,119,2,4,False,previous_plan_remainder,8,18,1.1589686870574951,0.03791888803243637
queue,10,10,110,120,2,4,False,previous_plan_remainder,9,19,1.1686805486679077,0.03823623061180115
queue,10,10,111,121,2,4,False,previous_plan_remainder,0,10,1.156624436378479,0.03832467272877693
queue,10,10,112,122,2,4,False,previous_plan_remainder,1,11,1.1513278484344482,0.038416679948568344
queue,10,10,113,123,2,4,False,previous_plan_remainder,2,12,1.1541558504104614,0.038706224411726
queue,10,10,114,124,2,4,False,previous_plan_remainder,3,13,1.15765380859375,0.039241380989551544
queue,10,10,115,125,2,4,False,previous_plan_remainder,4,14,1.1490498781204224,0.03992367163300514
queue,10,10,116,126,2,4,False,previous_plan_remainder,5,15,1.1504029035568237,0.04051171615719795
queue,10,10,117,127,2,4,False,previous_plan_remainder,6,16,1.149178147315979,0.04082237556576729
queue,10,10,118,128,2,4,False,previous_plan_remainder,7,17,1.142599105834961,0.04095418378710747
queue,10,10,119,129,2,4,False,previous_plan_remainder,8,18,1.130770206451416,0.04097786173224449
queue,10,10,120,130,2,4,False,previous_plan_remainder,9,19,1.100151538848877,0.0409952849149704
queue,10,10,121,131,2,4,False,previous_plan_remainder,0,10,1.0747838020324707,0.040997132658958435
queue,10,10,122,132,2,4,False,previous_plan_remainder,1,11,1.0534323453903198,0.04101546108722687
queue,10,10,123,133,2,4,False,previous_plan_remainder,2,12,1.01922607421875,0.041020262986421585
queue,10,10,124,134,2,4,False,previous_plan_remainder,3,13,0.9719301462173462,0.04101499915122986
queue,10,10,125,135,2,4,False,previous_plan_remainder,4,14,0.9223886132240295,0.04100761562585831
queue,10,10,126,136,2,4,False,previous_plan_remainder,5,15,0.8646267652511597,0.04101678729057312
queue,10,10,127,137,2,4,False,previous_plan_remainder,6,16,0.8064488768577576,0.041025057435035706
queue,10,10,128,138,2,4,False,previous_plan_remainder,7,17,0.7503109574317932,0.04102811962366104
queue,10,10,129,139,2,4,False,previous_plan_remainder,8,18,0.6923287510871887,0.041035380214452744
queue,10,10,130,140,2,4,False,previous_plan_remainder,9,19,0.6343702077865601,0.041053131222724915
queue,10,10,131,141,2,4,False,previous_plan_remainder,0,10,0.5616272687911987,0.041074443608522415
queue,10,10,132,142,2,4,False,previous_plan_remainder,1,11,0.49259355664253235,0.041092850267887115
queue,10,10,133,143,2,4,False,previous_plan_remainder,2,12,0.43358850479125977,0.04112266004085541
queue,10,10,134,144,2,4,False,previous_plan_remainder,3,13,0.3868827223777771,0.041144631803035736
queue,10,10,135,145,2,4,False,previous_plan_remainder,4,14,0.35565152764320374,0.041160210967063904
queue,10,10,136,146,2,4,False,previous_plan_remainder,5,15,0.3349530100822449,0.04116671904921532
queue,10,10,137,147,2,4,False,previous_plan_remainder,6,16,0.3256949186325073,0.041169945150613785
queue,10,10,138,148,2,4,False,previous_plan_remainder,7,17,0.3420531153678894,0.04117204621434212
queue,10,10,139,149,2,4,False,previous_plan_remainder,8,18,0.3656616806983948,0.041185855865478516
queue,10,10,140,150,2,4,False,previous_plan_remainder,9,19,0.3930930495262146,0.041195645928382874
queue,10,10,141,151,2,4,False,previous_plan_remainder,0,10,0.3633389472961426,0.04121944308280945
queue,10,10,142,152,2,4,False,previous_plan_remainder,1,11,0.3302658200263977,0.0412343367934227
queue,10,10,143,153,2,4,False,previous_plan_remainder,2,12,0.3015557825565338,0.041248176246881485
queue,10,10,144,154,2,4,False,previous_plan_remainder,3,13,0.2750774919986725,0.0412503182888031
queue,10,10,145,155,2,4,False,previous_plan_remainder,4,14,0.2515258193016052,0.04125354811549187
queue,10,10,146,156,2,4,False,previous_plan_remainder,5,15,0.23310090601444244,0.04125025495886803
queue,10,10,147,157,2,4,False,previous_plan_remainder,6,16,0.21687999367713928,0.04126185551285744
queue,10,10,148,158,2,4,False,previous_plan_remainder,7,17,0.20408572256565094,0.04127383232116699
queue,10,10,149,159,2,4,False,previous_plan_remainder,8,18,0.20063456892967224,0.041289281100034714
queue,10,10,150,160,2,4,False,previous_plan_remainder,9,19,0.2062513828277588,0.041307806968688965
queue,10,10,151,161,2,4,False,previous_plan_remainder,0,10,0.20234134793281555,0.04131462424993515
queue,10,10,152,162,2,4,False,previous_plan_remainder,1,11,0.22484347224235535,0.04131456837058067
queue,10,10,153,163,2,4,False,previous_plan_remainder,2,12,0.2623629570007324,0.041323740035295486
queue,10,10,154,164,2,4,False,previous_plan_remainder,3,13,0.3066937327384949,0.04132891818881035
queue,10,10,155,165,2,4,False,previous_plan_remainder,4,14,0.35489970445632935,0.04133649915456772
queue,10,10,156,166,2,4,False,previous_plan_remainder,5,15,0.4049243628978729,0.04134714975953102
queue,10,10,157,167,2,4,False,previous_plan_remainder,6,16,0.45442572236061096,0.041368380188941956
queue,10,10,158,168,2,4,False,previous_plan_remainder,7,17,0.5013031959533691,0.04138758033514023
queue,10,10,159,169,2,4,False,previous_plan_remainder,8,18,0.541090726852417,0.04140738770365715
queue,10,10,160,170,2,4,False,previous_plan_remainder,9,19,0.5707871317863464,0.041414178907871246
queue,10,10,161,171,2,4,False,previous_plan_remainder,0,10,0.5424019694328308,0.04142671823501587
queue,10,10,162,172,2,4,False,previous_plan_remainder,1,11,0.5097386837005615,0.04144033417105675
queue,10,10,163,173,2,4,False,previous_plan_remainder,2,12,0.4807385504245758,0.04145754128694534
queue,10,10,164,174,2,4,False,previous_plan_remainder,3,13,0.4600032866001129,0.04147490859031677
queue,10,10,165,175,2,4,False,previous_plan_remainder,4,14,0.4508707523345947,0.041494324803352356
queue,10,10,166,176,2,4,False,previous_plan_remainder,5,15,0.45541754364967346,0.041520003229379654
queue,10,10,167,177,2,4,False,previous_plan_remainder,6,16,0.46725231409072876,0.04152851924300194
queue,10,10,168,178,2,4,False,previous_plan_remainder,7,17,0.48324793577194214,0.04153403267264366
queue,10,10,169,179,2,4,False,previous_plan_remainder,8,18,0.4977464973926544,0.04155610501766205
queue,10,10,170,180,2,4,False,previous_plan_remainder,9,19,0.5070840716362,0.04160246253013611
queue,10,10,171,181,2,4,False,previous_plan_remainder,0,10,0.49135419726371765,0.04173684120178223
queue,10,10,172,182,2,4,False,previous_plan_remainder,1,11,0.4948098063468933,0.0419241338968277
queue,10,10,173,183,2,4,False,previous_plan_remainder,2,12,0.5067337155342102,0.042188264429569244
queue,10,10,174,184,2,4,False,previous_plan_remainder,3,13,0.5312467813491821,0.04244861379265785
queue,10,10,175,185,2,4,False,previous_plan_remainder,4,14,0.5656148195266724,0.0426156148314476
queue,10,10,176,186,2,4,False,previous_plan_remainder,5,15,0.6050068140029907,0.04267985746264458
queue,10,10,177,187,2,4,False,previous_plan_remainder,6,16,0.6447359919548035,0.042694222182035446
queue,10,10,178,188,2,4,False,previous_plan_remainder,7,17,0.6857243180274963,0.04268700256943703
queue,10,10,179,189,2,4,False,previous_plan_remainder,8,18,0.723406195640564,0.04267203062772751
queue,10,10,180,190,2,4,False,previous_plan_remainder,9,19,0.7592906355857849,0.04265645891427994
queue,10,10,181,191,2,4,False,previous_plan_remainder,0,10,0.7223671078681946,0.04263913631439209
queue,10,10,182,192,2,4,False,previous_plan_remainder,1,11,0.6866980791091919,0.04254690930247307
queue,10,10,183,193,2,4,False,previous_plan_remainder,2,12,0.6627076864242554,0.042360447347164154
queue,10,10,184,194,2,4,False,previous_plan_remainder,3,13,0.6449835300445557,0.04203604906797409
queue,10,10,185,195,2,4,False,previous_plan_remainder,4,14,0.6322664618492126,0.04165969416499138
queue,10,10,186,196,2,4,False,previous_plan_remainder,5,15,0.626422107219696,0.041358258575201035
queue,10,10,187,197,2,4,False,previous_plan_remainder,6,16,0.6243509650230408,0.04115020111203194
queue,10,10,188,198,2,4,False,previous_plan_remainder,7,17,0.6321313381195068,0.04106706380844116
queue,10,10,189,199,2,4,False,previous_plan_remainder,8,18,0.6493176817893982,0.041081640869379044
queue,10,10,190,200,2,4,False,previous_plan_remainder,9,19,0.6644641160964966,0.04112033545970917
queue,10,10,191,201,2,4,False,previous_plan_remainder,0,10,0.6530992388725281,0.04112580046057701
queue,10,10,192,202,2,4,False,previous_plan_remainder,1,11,0.6428839564323425,0.04119141399860382
queue,10,10,193,203,2,4,False,previous_plan_remainder,2,12,0.6477568745613098,0.04125889763236046
queue,10,10,194,204,2,4,False,previous_plan_remainder,3,13,0.661612868309021,0.04135853052139282
queue,10,10,195,205,2,4,False,previous_plan_remainder,4,14,0.6869890689849854,0.04148302227258682
queue,10,10,196,206,2,4,False,previous_plan_remainder,5,15,0.7184728384017944,0.041622333228588104
queue,10,10,197,207,2,4,False,previous_plan_remainder,6,16,0.7525668144226074,0.04172063618898392
queue,10,10,198,208,2,4,False,previous_plan_remainder,7,17,0.7888976335525513,0.04177308827638626
queue,10,10,199,209,2,4,False,previous_plan_remainder,8,18,0.8232811093330383,0.04180382564663887
queue,10,10,200,210,2,4,False,previous_plan_remainder,9,19,0.8582975268363953,0.04181825742125511
queue,10,10,201,211,2,4,False,previous_plan_remainder,0,10,0.8258259296417236,0.04183490574359894
queue,10,10,202,212,2,4,False,previous_plan_remainder,1,11,0.7943388223648071,0.041805170476436615
queue,10,10,203,213,2,4,False,previous_plan_remainder,2,12,0.7698714733123779,0.04167977347970009
queue,10,10,204,214,2,4,False,previous_plan_remainder,3,13,0.7531030178070068,0.041482239961624146
queue,10,10,205,215,2,4,False,previous_plan_remainder,4,14,0.7433397173881531,0.04127685725688934
queue,10,10,206,216,2,4,False,previous_plan_remainder,5,15,0.7400344014167786,0.041149627417325974
queue,10,10,207,217,2,4,False,previous_plan_remainder,6,16,0.7462413311004639,0.04109325259923935
queue,10,10,208,218,2,4,False,previous_plan_remainder,7,17,0.758695125579834,0.04112682119011879
queue,10,10,209,219,2,4,False,previous_plan_remainder,8,18,0.7751820683479309,0.04113360121846199
queue,10,10,210,220,2,4,False,previous_plan_remainder,9,19,0.7897459864616394,0.04112497717142105
queue,10,10,211,221,2,4,False,previous_plan_remainder,0,10,0.7824392318725586,0.04115746170282364
queue,10,10,212,222,2,4,False,previous_plan_remainder,1,11,0.7773063778877258,0.041246745735406876
queue,10,10,213,223,2,4,False,previous_plan_remainder,2,12,0.7782219648361206,0.04138817638158798
queue,10,10,214,224,2,4,False,previous_plan_remainder,3,13,0.7869771122932434,0.04152648150920868
queue,10,10,215,225,2,4,False,previous_plan_remainder,4,14,0.7992200255393982,0.04162383824586868
queue,10,10,216,226,2,4,False,previous_plan_remainder,5,15,0.8149392604827881,0.04174176976084709
queue,10,10,217,227,2,4,False,previous_plan_remainder,6,16,0.8383422493934631,0.041921570897102356
queue,10,10,218,228,2,4,False,previous_plan_remainder,7,17,0.865584671497345,0.0422501377761364
queue,10,10,219,229,2,4,False,previous_plan_remainder,8,18,0.8958300948143005,0.04271383583545685
queue,10,10,220,230,2,4,False,previous_plan_remainder,9,19,0.9255682229995728,0.043272584676742554
queue,10,10,221,231,2,4,False,previous_plan_remainder,0,10,0.896864116191864,0.04377445578575134
queue,10,10,222,232,2,4,False,previous_plan_remainder,1,11,0.8699802160263062,0.04392276331782341
queue,10,10,223,233,2,4,False,previous_plan_remainder,2,12,0.8576197028160095,0.04363778606057167
queue,10,10,224,234,2,4,False,previous_plan_remainder,3,13,0.8548623919487,0.04295438528060913
queue,10,10,225,235,2,4,False,previous_plan_remainder,4,14,0.8636102676391602,0.04203327000141144
queue,10,10,226,236,2,4,False,previous_plan_remainder,5,15,0.8726902008056641,0.04107608273625374
queue,10,10,227,237,2,4,False,previous_plan_remainder,6,16,0.8950898051261902,0.040256887674331665
queue,10,10,228,238,2,4,False,previous_plan_remainder,7,17,0.9260295033454895,0.03976301848888397
queue,10,10,229,239,2,4,False,previous_plan_remainder,8,18,0.9638298153877258,0.03957222029566765
queue,10,10,230,240,2,4,False,previous_plan_remainder,9,19,1.0075788497924805,0.03956561163067818
queue,10,10,231,241,2,4,False,previous_plan_remainder,0,10,1.020047903060913,0.039632197469472885
queue,10,10,232,242,2,4,False,previous_plan_remainder,1,11,1.03446626663208,0.0397271029651165
queue,10,10,233,243,2,4,False,previous_plan_remainder,2,12,1.0537128448486328,0.039850082248449326
queue,10,10,234,244,2,4,False,previous_plan_remainder,3,13,1.0698789358139038,0.0399942509829998
queue,10,10,235,245,2,4,False,previous_plan_remainder,4,14,1.0782300233840942,0.040159620344638824
queue,10,10,236,246,2,4,False,previous_plan_remainder,5,15,1.0845587253570557,0.04031560942530632
queue,10,10,237,247,2,4,False,previous_plan_remainder,6,16,1.091538429260254,0.04046810418367386
queue,10,10,238,248,2,4,False,previous_plan_remainder,7,17,1.102970004081726,0.04060157760977745
queue,10,10,239,249,2,4,False,previous_plan_remainder,8,18,1.111175298690796,0.04072564095258713
queue,10,10,240,250,2,4,False,previous_plan_remainder,9,19,1.1179041862487793,0.040823109447956085
queue,10,10,241,251,2,4,False,previous_plan_remainder,0,10,1.129796028137207,0.04091840237379074
queue,10,10,242,252,2,4,False,previous_plan_remainder,1,11,1.1329904794692993,0.04101822152733803
queue,10,10,243,253,2,4,False,previous_plan_remainder,2,12,1.1339590549468994,0.04110829904675484
queue,10,10,244,254,2,4,False,previous_plan_remainder,3,13,1.1390255689620972,0.041180990636348724
queue,10,10,245,255,2,4,False,previous_plan_remainder,4,14,1.1428759098052979,0.04123874381184578
queue,10,10,246,256,2,4,False,previous_plan_remainder,5,15,1.1494723558425903,0.04128071665763855
queue,10,10,247,257,2,4,False,previous_plan_remainder,6,16,1.166398525238037,0.04131292551755905
queue,10,10,248,258,2,4,False,previous_plan_remainder,7,17,1.1858654022216797,0.04133469983935356
queue,10,10,249,259,2,4,False,previous_plan_remainder,8,18,1.2096071243286133,0.041364021599292755
queue,10,10,250,260,2,4,False,previous_plan_remainder,9,19,1.2306348085403442,0.04138828441500664
queue,10,10,251,261,2,4,False,previous_plan_remainder,0,10,1.21616792678833,0.041410960257053375
queue,10,10,252,262,2,4,False,previous_plan_remainder,1,11,1.155770182609558,0.041434627026319504
queue,10,10,253,263,2,4,False,previous_plan_remainder,2,12,1.0977580547332764,0.041460491716861725
queue,10,10,254,264,2,4,False,previous_plan_remainder,3,13,1.037408471107483,0.04148867726325989
queue,10,10,255,265,2,4,False,previous_plan_remainder,4,14,0.9778929948806763,0.041513413190841675
queue,10,10,256,266,2,4,False,previous_plan_remainder,5,15,0.916951060295105,0.041541509330272675
queue,10,10,257,267,2,4,False,previous_plan_remainder,6,16,0.8556606769561768,0.04156295955181122
queue,10,10,258,268,2,4,False,previous_plan_remainder,7,17,0.7968037724494934,0.04158744961023331
queue,10,10,259,269,2,4,False,previous_plan_remainder,8,18,0.740958571434021,0.041607119143009186
queue,10,10,260,270,2,4,False,previous_plan_remainder,9,19,0.6898141503334045,0.041616711765527725
queue,10,10,261,271,2,4,False,previous_plan_remainder,0,10,0.6541969180107117,0.04163258522748947
queue,10,10,262,272,2,4,False,previous_plan_remainder,1,11,0.6307223439216614,0.041654374450445175
queue,10,10,263,273,2,4,False,previous_plan_remainder,2,12,0.6054722666740417,0.041678234934806824
queue,10,10,264,274,2,4,False,previous_plan_remainder,3,13,0.5761391520500183,0.04168950766324997
queue,10,10,265,275,2,4,False,previous_plan_remainder,4,14,0.5371087193489075,0.04170835018157959
queue,10,10,266,276,2,4,False,previous_plan_remainder,5,15,0.4909161627292633,0.04173026233911514
queue,10,10,267,277,2,4,False,previous_plan_remainder,6,16,0.4411158263683319,0.04173542931675911
queue,10,10,268,278,2,4,False,previous_plan_remainder,7,17,0.3925873935222626,0.04176099970936775
queue,10,10,269,279,2,4,False,previous_plan_remainder,8,18,0.34519174695014954,0.04177900403738022
queue,10,10,270,280,2,4,False,previous_plan_remainder,9,19,0.29930830001831055,0.0417962521314621
queue,10,10,271,281,2,4,False,previous_plan_remainder,0,10,0.2529855966567993,0.041809454560279846
queue,10,10,272,282,2,4,False,previous_plan_remainder,1,11,0.206404447555542,0.04181494936347008
queue,10,10,273,283,2,4,False,previous_plan_remainder,2,12,0.16578583419322968,0.04183332994580269
queue,10,10,274,284,2,4,False,previous_plan_remainder,3,13,0.13258779048919678,0.041842661798000336
queue,10,10,275,285,2,4,False,previous_plan_remainder,4,14,0.10854136198759079,0.0418587327003479
queue,10,10,276,286,2,4,False,previous_plan_remainder,5,15,0.0927024707198143,0.0418727770447731
queue,10,10,277,287,2,4,False,previous_plan_remainder,6,16,0.08576387912034988,0.041875265538692474
queue,10,10,278,288,2,4,False,previous_plan_remainder,7,17,0.07779967784881592,0.04189063981175423
queue,10,10,279,289,2,4,False,previous_plan_remainder,8,18,0.07339635491371155,0.04190501198172569
queue,10,10,280,290,2,4,False,previous_plan_remainder,9,19,0.08184769749641418,0.041919101029634476
queue,10,10,281,291,2,4,False,previous_plan_remainder,0,10,0.10478557646274567,0.041930001229047775
queue,10,10,282,292,2,4,False,previous_plan_remainder,1,11,0.14399126172065735,0.041945554316043854
queue,10,10,283,293,2,4,False,previous_plan_remainder,2,12,0.17482098937034607,0.04194986820220947
queue,10,10,284,294,2,4,False,previous_plan_remainder,3,13,0.21402253210544586,0.04195886105298996
queue,10,10,285,295,2,4,False,previous_plan_remainder,4,14,0.2516101002693176,0.04196390509605408
queue,10,10,286,296,2,4,False,previous_plan_remainder,5,15,0.2889562249183655,0.04197421669960022
queue,10,10,287,297,2,4,False,previous_plan_remainder,6,16,0.32730549573898315,0.04198331758379936
queue,10,10,288,298,2,4,False,previous_plan_remainder,7,17,0.3649578094482422,0.041992925107479095
queue,10,10,289,299,2,4,False,previous_plan_remainder,8,18,0.4017386734485626,0.04199961945414543
queue,10,10,290,300,2,4,False,previous_plan_remainder,9,19,0.438839316368103,0.042007219046354294
queue,10,10,291,301,2,4,False,previous_plan_remainder,0,10,0.39555925130844116,0.04201391711831093
queue,10,10,292,302,2,4,False,previous_plan_remainder,1,11,0.3446310758590698,0.04201925918459892
queue,10,10,293,303,2,4,False,previous_plan_remainder,2,12,0.29566290974617004,0.04202919453382492
queue,10,10,294,304,2,4,False,previous_plan_remainder,3,13,0.253631591796875,0.04203321412205696
queue,10,10,295,305,2,4,False,previous_plan_remainder,4,14,0.21670641005039215,0.04203766956925392
queue,10,10,296,306,2,4,False,previous_plan_remainder,5,15,0.1835399568080902,0.042047467082738876
queue,10,10,297,307,2,4,False,previous_plan_remainder,6,16,0.15404243767261505,0.042058397084474564
queue,10,10,298,308,2,4,False,previous_plan_remainder,7,17,0.12925554811954498,0.04207318648695946
queue,10,10,299,309,2,4,False,previous_plan_remainder,8,18,0.11321995407342911,0.04208848997950554
queue,10,10,300,310,2,4,False,previous_plan_remainder,9,19,0.1039961576461792,0.04209970682859421
queue,10,10,301,311,2,4,False,previous_plan_remainder,0,10,0.1428777128458023,0.04211253672838211
queue,10,10,302,312,2,4,False,previous_plan_remainder,1,11,0.1868051290512085,0.04212382808327675
queue,10,10,303,313,2,4,False,previous_plan_remainder,2,12,0.23116151988506317,0.04213154315948486
queue,10,10,304,314,2,4,False,previous_plan_remainder,3,13,0.273774653673172,0.04213500767946243
queue,10,10,305,315,2,4,False,previous_plan_remainder,4,14,0.31257593631744385,0.04212342947721481
queue,10,10,306,316,2,4,False,previous_plan_remainder,5,15,0.35005682706832886,0.042131442576646805
queue,10,10,307,317,2,4,False,previous_plan_remainder,6,16,0.39043182134628296,0.04214124381542206
queue,10,10,308,318,2,4,False,previous_plan_remainder,7,17,0.4282684624195099,0.04214470833539963
queue,10,10,309,319,2,4,False,previous_plan_remainder,8,18,0.4698491096496582,0.04215714707970619
queue,10,10,310,320,2,4,False,previous_plan_remainder,9,19,0.5130249261856079,0.04216679930686951
queue,10,10,311,321,2,4,False,previous_plan_remainder,0,10,0.47638562321662903,0.04216815158724785
queue,10,10,312,322,2,4,False,previous_plan_remainder,1,11,0.43020641803741455,0.042179662734270096
queue,10,10,313,323,2,4,False,previous_plan_remainder,2,12,0.3851185739040375,0.042176906019449234
queue,10,10,314,324,2,4,False,previous_plan_remainder,3,13,0.3408483564853668,0.04219130054116249
queue,10,10,315,325,2,4,False,previous_plan_remainder,4,14,0.29882368445396423,0.04220077395439148
queue,10,10,316,326,2,4,False,previous_plan_remainder,5,15,0.2564604580402374,0.04221773520112038
queue,10,10,317,327,2,4,False,previous_plan_remainder,6,16,0.21596884727478027,0.042227040976285934
queue,10,10,318,328,2,4,False,previous_plan_remainder,7,17,0.1807154268026352,0.042248133569955826
queue,10,10,319,329,2,4,False,previous_plan_remainder,8,18,0.15792398154735565,0.04225644841790199
queue,10,10,320,330,2,4,False,previous_plan_remainder,9,19,0.14267688989639282,0.042277347296476364
queue,10,10,321,331,2,4,False,previous_plan_remainder,0,10,0.17645682394504547,0.04228607937693596
queue,10,10,322,332,2,4,False,previous_plan_remainder,1,11,0.22636358439922333,0.04229951277375221
queue,10,10,323,333,2,4,False,previous_plan_remainder,2,12,0.27836617827415466,0.042308609932661057
queue,10,10,324,334,2,4,False,previous_plan_remainder,3,13,0.32963523268699646,0.04231796786189079
queue,10,10,325,335,2,4,False,previous_plan_remainder,4,14,0.3794560134410858,0.042319491505622864
queue,10,10,326,336,2,4,False,previous_plan_remainder,5,15,0.42552298307418823,0.04232765734195709
queue,10,10,327,337,2,4,False,previous_plan_remainder,6,16,0.4668896198272705,0.042335283011198044
queue,10,10,328,338,2,4,False,previous_plan_remainder,7,17,0.5039733052253723,0.04234296455979347
queue,10,10,329,339,2,4,False,previous_plan_remainder,8,18,0.5444803833961487,0.04235002398490906
queue,10,10,330,340,2,4,False,previous_plan_remainder,9,19,0.5849772691726685,0.04235827177762985
queue,10,10,331,341,2,4,False,previous_plan_remainder,0,10,0.5451380014419556,0.04236501455307007
queue,10,10,332,342,2,4,False,previous_plan_remainder,1,11,0.49584439396858215,0.04237337410449982
queue,10,10,333,343,2,4,False,previous_plan_remainder,2,12,0.44642096757888794,0.04238161817193031
queue,10,10,334,344,2,4,False,previous_plan_remainder,3,13,0.39840731024742126,0.04238756746053696
queue,10,10,335,345,2,4,False,previous_plan_remainder,4,14,0.35206136107444763,0.04239299148321152
queue,10,10,336,346,2,4,False,previous_plan_remainder,5,15,0.3099527060985565,0.04240255057811737
queue,10,10,337,347,2,4,False,previous_plan_remainder,6,16,0.26943066716194153,0.04241550713777542
queue,10,10,338,348,2,4,False,previous_plan_remainder,7,17,0.23105588555335999,0.04243066534399986
queue,10,10,339,349,2,4,False,previous_plan_remainder,8,18,0.19846414029598236,0.042428500950336456
queue,10,10,340,350,2,4,False,previous_plan_remainder,9,19,0.1756821870803833,0.0424424447119236
queue,10,10,341,351,2,4,False,previous_plan_remainder,0,10,0.22532738745212555,0.04245288297533989
queue,10,10,342,352,2,4,False,previous_plan_remainder,1,11,0.29120072722435,0.04245080426335335
queue,10,10,343,353,2,4,False,previous_plan_remainder,2,12,0.3505688011646271,0.04245467483997345
queue,10,10,344,354,2,4,False,previous_plan_remainder,3,13,0.4058268368244171,0.042461562901735306
queue,10,10,345,355,2,4,False,previous_plan_remainder,4,14,0.4577879011631012,0.04247292876243591
queue,10,10,346,356,2,4,False,previous_plan_remainder,5,15,0.49898144602775574,0.04247899353504181
queue,10,10,347,357,2,4,False,previous_plan_remainder,6,16,0.5304975509643555,0.04248737543821335
queue,10,10,348,358,2,4,False,previous_plan_remainder,7,17,0.5545819997787476,0.042500343173742294
queue,10,10,349,359,2,4,False,previous_plan_remainder,8,18,0.57442706823349,0.04251369461417198
queue,10,10,350,360,2,4,False,previous_plan_remainder,9,19,0.5894270539283752,0.042520977556705475
queue,10,10,351,361,2,4,False,previous_plan_remainder,0,10,0.5724876523017883,0.042526230216026306
queue,10,10,352,362,2,4,False,previous_plan_remainder,1,11,0.5479122400283813,0.04252967610955238
queue,10,10,353,363,2,4,False,previous_plan_remainder,2,12,0.5193111300468445,0.042540621012449265
queue,10,10,354,364,2,4,False,previous_plan_remainder,3,13,0.5001954436302185,0.0425480455160141
queue,10,10,355,365,2,4,False,previous_plan_remainder,4,14,0.49852100014686584,0.04256432130932808
queue,10,10,356,366,2,4,False,previous_plan_remainder,5,15,0.5004002451896667,0.04256061837077141
queue,10,10,357,367,2,4,False,previous_plan_remainder,6,16,0.5083122849464417,0.0425715409219265
queue,10,10,358,368,2,4,False,previous_plan_remainder,7,17,0.5190096497535706,0.04258378595113754
queue,10,10,359,369,2,4,False,previous_plan_remainder,8,18,0.5345537662506104,0.04259469732642174
queue,10,10,360,370,2,4,False,previous_plan_remainder,9,19,0.5471169948577881,0.04259805008769035
queue,10,10,361,371,2,4,False,previous_plan_remainder,0,10,0.5729609131813049,0.04261477664113045
queue,10,10,362,372,2,4,False,previous_plan_remainder,1,11,0.6056180596351624,0.042619600892066956
queue,10,10,363,373,2,4,False,previous_plan_remainder,2,12,0.6387107968330383,0.042622748762369156
queue,10,10,364,374,2,4,False,previous_plan_remainder,3,13,0.6693710088729858,0.04262254014611244
queue,10,10,365,375,2,4,False,previous_plan_remainder,4,14,0.6999285221099854,0.04263274371623993
queue,10,10,366,376,2,4,False,previous_plan_remainder,5,15,0.7234642505645752,0.04263346269726753
queue,10,10,367,377,2,4,False,previous_plan_remainder,6,16,0.7418378591537476,0.042643558233976364
queue,10,10,368,378,2,4,False,previous_plan_remainder,7,17,0.7617281675338745,0.04265909641981125
queue,10,10,369,379,2,4,False,previous_plan_remainder,8,18,0.7783910036087036,0.04266223683953285
queue,10,10,370,380,2,4,False,previous_plan_remainder,9,19,0.7899976968765259,0.04267105460166931
queue,10,10,371,381,2,4,False,previous_plan_remainder,0,10,0.7928603291511536,0.0426688976585865
queue,10,10,372,382,2,4,False,previous_plan_remainder,1,11,0.7932319045066833,0.04262801632285118
queue,10,10,373,383,2,4,False,previous_plan_remainder,2,12,0.7962262630462646,0.04258362576365471
queue,10,10,374,384,2,4,False,previous_plan_remainder,3,13,0.801959216594696,0.04254099726676941
queue,10,10,375,385,2,4,False,previous_plan_remainder,4,14,0.8103582859039307,0.042518772184848785
queue,10,10,376,386,2,4,False,previous_plan_remainder,5,15,0.8195787072181702,0.04253189638257027
queue,10,10,377,387,2,4,False,previous_plan_remainder,6,16,0.833723783493042,0.04254952073097229
queue,10,10,378,388,2,4,False,previous_plan_remainder,7,17,0.8466843962669373,0.04256594926118851
queue,10,10,379,389,2,4,False,previous_plan_remainder,8,18,0.8586408495903015,0.04258500412106514
queue,10,10,380,390,2,4,False,previous_plan_remainder,9,19,0.8670886754989624,0.04261016473174095
queue,10,10,381,391,2,4,False,previous_plan_remainder,0,10,0.864309549331665,0.04261625185608864
queue,10,10,382,392,2,4,False,previous_plan_remainder,1,11,0.8633182644844055,0.04262940585613251
queue,10,10,383,393,2,4,False,previous_plan_remainder,2,12,0.8674049377441406,0.0426618754863739
queue,10,10,384,394,2,4,False,previous_plan_remainder,3,13,0.8760242462158203,0.04270258545875549
queue,10,10,385,395,2,4,False,previous_plan_remainder,4,14,0.8888651728630066,0.042742710560560226
queue,10,10,386,396,1,4,False,previous_plan_remainder,5,15,0.9005740284919739,0.042771294713020325
queue,10,10,387,397,1,4,False,previous_plan_remainder,6,16,0.9101362228393555,0.042744506150484085
queue,10,10,388,398,1,4,False,previous_plan_remainder,7,17,0.9197957515716553,0.042593955993652344
queue,10,10,389,399,1,4,False,previous_plan_remainder,8,18,0.9268518090248108,0.042203713208436966
queue,10,10,390,400,1,4,False,previous_plan_remainder,9,19,0.9314722418785095,0.04165111109614372
queue,10,10,391,401,1,4,False,previous_plan_remainder,0,10,0.9221592545509338,0.0411226786673069
queue,10,10,392,402,1,4,False,previous_plan_remainder,1,11,0.9152810573577881,0.04081300273537636
queue,10,10,393,403,1,4,False,previous_plan_remainder,2,12,0.9204179048538208,0.04064437747001648
queue,10,10,394,404,1,4,False,previous_plan_remainder,3,13,0.92958664894104,0.04061722755432129
queue,10,10,395,405,1,4,False,previous_plan_remainder,4,14,0.9421216249465942,0.04069184139370918
queue,10,10,396,406,1,4,False,previous_plan_remainder,5,15,0.9643195867538452,0.040801357477903366
queue,10,10,397,407,1,4,False,previous_plan_remainder,6,16,0.9847416281700134,0.0408661812543869
queue,10,10,398,408,1,4,False,previous_plan_remainder,7,17,0.9963027834892273,0.040846019983291626
queue,10,10,399,409,1,4,False,previous_plan_remainder,8,18,1.0052388906478882,0.04075164720416069
queue,10,10,400,410,1,4,False,previous_plan_remainder,9,19,1.018710970878601,0.040570151060819626
queue,10,10,401,411,1,4,False,previous_plan_remainder,0,10,1.0516390800476074,0.040217991918325424
queue,10,10,402,412,1,4,False,previous_plan_remainder,1,11,1.087621808052063,0.039617858827114105
queue,10,10,403,413,1,4,False,previous_plan_remainder,2,12,1.1255966424942017,0.03891872987151146
queue,10,10,404,414,1,4,False,previous_plan_remainder,3,13,1.1618003845214844,0.03816954791545868
queue,10,10,405,415,1,4,False,previous_plan_remainder,4,14,1.2006433010101318,0.03735998272895813
queue,10,10,406,416,1,4,False,previous_plan_remainder,5,15,1.2353860139846802,0.036469440907239914
queue,10,10,407,417,1,4,False,previous_plan_remainder,6,16,1.2728514671325684,0.03548366203904152
queue,10,10,408,418,1,4,False,previous_plan_remainder,7,17,1.3097630739212036,0.034448325634002686
queue,10,10,409,419,1,4,False,previous_plan_remainder,8,18,1.3382534980773926,0.03343712165951729
queue,10,10,410,420,2,4,False,previous_plan_remainder,9,19,1.3598140478134155,0.032464247196912766
queue,10,10,411,421,2,4,False,previous_plan_remainder,0,10,1.3738726377487183,0.031711358577013016
queue,10,10,412,422,3,4,False,previous_plan_remainder,1,11,1.3918192386627197,0.031156301498413086
queue,10,10,413,423,3,4,False,previous_plan_remainder,2,12,1.4003825187683105,0.030645454302430153
queue,10,10,414,424,3,4,False,previous_plan_remainder,3,13,1.4006428718566895,0.030107971280813217
queue,10,10,415,425,3,4,False,previous_plan_remainder,4,14,1.3969693183898926,0.02952875941991806
queue,10,10,416,426,3,4,False,previous_plan_remainder,5,15,1.3955525159835815,0.028886307030916214
queue,10,10,417,427,3,4,False,previous_plan_remainder,6,16,1.3947986364364624,0.02818874642252922
queue,10,10,418,428,3,4,False,previous_plan_remainder,7,17,1.3936160802841187,0.027463765814900398
queue,10,10,419,429,3,4,False,previous_plan_remainder,8,18,1.4010508060455322,0.02677024155855179
queue,10,10,420,430,3,4,False,previous_plan_remainder,9,19,1.4007521867752075,0.02625505067408085
queue,10,10,421,431,3,4,False,previous_plan_remainder,0,10,1.4534798860549927,0.025975767523050308
queue,10,10,422,432,3,4,False,previous_plan_remainder,1,11,1.505693793296814,0.025924358516931534
queue,10,10,423,433,3,4,False,previous_plan_remainder,2,12,1.5526381731033325,0.026077676564455032
queue,10,10,424,434,3,4,False,previous_plan_remainder,3,13,1.587820053100586,0.02635095827281475
queue,10,10,425,435,3,4,False,previous_plan_remainder,4,14,1.5956331491470337,0.026611443608999252
queue,10,10,426,436,3,4,False,previous_plan_remainder,5,15,1.5994656085968018,0.026763278990983963
queue,10,10,427,437,3,4,False,previous_plan_remainder,6,16,1.5818549394607544,0.026846176013350487
queue,10,10,428,438,3,4,False,previous_plan_remainder,7,17,1.5573667287826538,0.026868032291531563
queue,10,10,429,439,3,4,False,previous_plan_remainder,8,18,1.5301200151443481,0.026884987950325012
queue,10,10,430,440,3,4,False,previous_plan_remainder,9,19,1.4984244108200073,0.026895008981227875
queue,10,10,431,441,3,4,False,previous_plan_remainder,0,10,1.463857889175415,0.026901541277766228
queue,10,10,432,442,3,4,False,previous_plan_remainder,1,11,1.43408203125,0.026921715587377548
queue,10,10,433,443,3,4,False,previous_plan_remainder,2,12,1.392058253288269,0.026945099234580994
queue,10,10,434,444,3,4,False,previous_plan_remainder,3,13,1.3272027969360352,0.0269607026129961
queue,10,10,435,445,3,4,False,previous_plan_remainder,4,14,1.2625856399536133,0.02697858400642872
queue,10,10,436,446,3,4,False,previous_plan_remainder,5,15,1.1971690654754639,0.0269942507147789
queue,10,10,437,447,3,4,False,previous_plan_remainder,6,16,1.1308389902114868,0.027018854394555092
queue,10,10,438,448,3,4,False,previous_plan_remainder,7,17,1.0631746053695679,0.027042394503951073
queue,10,10,439,449,3,4,False,previous_plan_remainder,8,18,0.9950021505355835,0.02706800028681755
queue,10,10,440,450,3,4,False,previous_plan_remainder,9,19,0.9290398955345154,0.02709449827671051
queue,10,10,441,451,3,4,False,previous_plan_remainder,0,10,0.8659682869911194,0.027116110548377037
queue,10,10,442,452,3,4,False,previous_plan_remainder,1,11,0.8030005097389221,0.02713773399591446
queue,10,10,443,453,3,4,False,previous_plan_remainder,2,12,0.7416226863861084,0.027155356481671333
queue,10,10,444,454,3,4,False,previous_plan_remainder,3,13,0.6806367635726929,0.027169305831193924
queue,10,10,445,455,3,4,False,previous_plan_remainder,4,14,0.6221923828125,0.027186529710888863
queue,10,10,446,456,3,4,False,previous_plan_remainder,5,15,0.5628111362457275,0.02720501273870468
queue,10,10,447,457,3,4,False,previous_plan_remainder,6,16,0.5040711760520935,0.027229826897382736
queue,10,10,448,458,3,4,False,previous_plan_remainder,7,17,0.4462774991989136,0.0272341500967741
queue,10,10,449,459,3,4,False,previous_plan_remainder,8,18,0.39180782437324524,0.027249084785580635
queue,10,10,450,460,3,4,False,previous_plan_remainder,9,19,0.3433496356010437,0.02725718542933464
queue,10,10,451,461,3,4,False,previous_plan_remainder,0,10,0.29584720730781555,0.027273669838905334
queue,10,10,452,462,3,4,False,previous_plan_remainder,1,11,0.2509829103946686,0.027278708294034004
queue,10,10,453,463,3,4,False,previous_plan_remainder,2,12,0.21038049459457397,0.02729879505932331
queue,10,10,454,464,3,4,False,previous_plan_remainder,3,13,0.17299121618270874,0.0273108072578907
queue,10,10,455,465,3,4,False,previous_plan_remainder,4,14,0.1403457671403885,0.027336977422237396
queue,10,10,456,466,3,4,False,previous_plan_remainder,5,15,0.11562028527259827,0.027351856231689453
queue,10,10,457,467,3,4,False,previous_plan_remainder,6,16,0.10049866139888763,0.02737555466592312
queue,10,10,458,468,3,4,False,previous_plan_remainder,7,17,0.09313107281923294,0.027391137555241585
queue,10,10,459,469,3,4,False,previous_plan_remainder,8,18,0.09023118764162064,0.0274159237742424
queue,10,10,460,470,3,4,False,previous_plan_remainder,9,19,0.08979764580726624,0.027426037937402725
queue,10,10,461,471,3,4,False,previous_plan_remainder,0,10,0.0967589020729065,0.027445143088698387
queue,10,10,462,472,3,4,False,previous_plan_remainder,1,11,0.10187166184186935,0.02746293880045414
queue,10,10,463,473,3,4,False,previous_plan_remainder,2,12,0.10583603382110596,0.027481069788336754
queue,10,10,464,474,3,4,False,previous_plan_remainder,3,13,0.10821141302585602,0.02750093676149845
queue,10,10,465,475,3,4,False,previous_plan_remainder,4,14,0.10922027379274368,0.02752736024558544
queue,10,10,466,476,3,4,False,previous_plan_remainder,5,15,0.10966751724481583,0.027545049786567688
queue,10,10,467,477,3,4,False,previous_plan_remainder,6,16,0.1093757301568985,0.02757580392062664
queue,10,10,468,478,3,4,False,previous_plan_remainder,7,17,0.11007663607597351,0.027590854093432426
queue,10,10,469,479,3,4,False,previous_plan_remainder,8,18,0.11038095504045486,0.02761770971119404
queue,10,10,470,480,3,4,False,previous_plan_remainder,9,19,0.11045777052640915,0.027630062773823738
queue,10,10,471,481,3,4,False,previous_plan_remainder,0,10,0.10576515644788742,0.0276489220559597
queue,10,10,472,482,3,4,False,previous_plan_remainder,1,11,0.10185307264328003,0.027659263461828232
queue,10,10,473,483,3,4,False,previous_plan_remainder,2,12,0.09905283153057098,0.027670767158269882
queue,10,10,474,484,3,4,False,previous_plan_remainder,3,13,0.09681863337755203,0.027684887871146202
queue,10,10,475,485,3,4,False,previous_plan_remainder,4,14,0.09497010707855225,0.02769581973552704
queue,10,10,476,486,3,4,False,previous_plan_remainder,5,15,0.09317323565483093,0.027717914432287216
queue,10,10,477,487,3,4,False,previous_plan_remainder,6,16,0.0918116495013237,0.027729080989956856
queue,10,10,478,488,3,4,False,previous_plan_remainder,7,17,0.09222640097141266,0.02774813398718834
queue,10,10,479,489,3,4,False,previous_plan_remainder,8,18,0.092058464884758,0.027768198400735855
queue,10,10,480,490,3,4,False,previous_plan_remainder,9,19,0.09328475594520569,0.02778591774404049
queue,10,10,481,491,3,4,False,previous_plan_remainder,0,10,0.09757310897111893,0.02778821624815464
queue,10,10,482,492,3,4,False,previous_plan_remainder,1,11,0.10044726729393005,0.027811337262392044
queue,10,10,483,493,3,4,False,previous_plan_remainder,2,12,0.1031298041343689,0.027827385812997818
queue,10,10,484,494,3,4,False,previous_plan_remainder,3,13,0.1057749092578888,0.0278459545224905
queue,10,10,485,495,3,4,False,previous_plan_remainder,4,14,0.10777027159929276,0.0278535857796669
queue,10,10,486,496,3,4,False,previous_plan_remainder,5,15,0.1099882498383522,0.027871180325746536
queue,10,10,487,497,3,4,False,previous_plan_remainder,6,16,0.11158223450183868,0.02788539230823517
queue,10,10,488,498,3,4,False,previous_plan_remainder,7,17,0.11200954020023346,0.027909468859434128
queue,10,10,489,499,3,4,False,previous_plan_remainder,8,18,0.11183036118745804,0.027919042855501175
queue,10,10,490,500,3,4,False,previous_plan_remainder,9,19,0.11127778887748718,0.027939319610595703
queue,10,10,491,501,3,4,False,previous_plan_remainder,0,10,0.11443354189395905,0.027957333251833916
queue,10,10,492,502,3,4,False,previous_plan_remainder,1,11,0.11844631284475327,0.027983056381344795
queue,10,10,493,503,3,4,False,previous_plan_remainder,2,12,0.12137577682733536,0.027999872341752052
queue,10,10,494,504,3,4,False,previous_plan_remainder,3,13,0.12425049394369125,0.028016110882163048
queue,10,10,495,505,3,4,False,previous_plan_remainder,4,14,0.12628905475139618,0.028032785281538963
queue,10,10,496,506,3,4,False,previous_plan_remainder,5,15,0.13082170486450195,0.028043096885085106
queue,10,10,497,507,3,4,False,previous_plan_remainder,6,16,0.15492352843284607,0.028056716546416283
queue,10,10,498,508,3,4,False,previous_plan_remainder,7,17,0.1662670522928238,0.028090959414839745
queue,10,10,499,509,3,4,False,previous_plan_remainder,8,18,0.1646287739276886,0.028111552819609642
queue,10,10,500,510,3,4,False,previous_plan_remainder,9,19,0.15671327710151672,0.028132235631346703
queue,10,10,501,511,3,4,False,previous_plan_remainder,0,10,0.15084215998649597,0.028144419193267822
queue,10,10,502,512,3,4,False,previous_plan_remainder,1,11,0.1461181342601776,0.02815631590783596
queue,10,10,503,513,3,4,False,previous_plan_remainder,2,12,0.1422014981508255,0.028180288150906563
queue,10,10,504,514,3,4,False,previous_plan_remainder,3,13,0.14123135805130005,0.028201250359416008
queue,10,10,505,515,3,4,False,previous_plan_remainder,4,14,0.14325208961963654,0.02821938320994377
queue,10,10,506,516,3,4,False,previous_plan_remainder,5,15,0.1440562605857849,0.028239324688911438
queue,10,10,507,517,3,4,False,previous_plan_remainder,6,16,0.14294639229774475,0.028264256194233894
queue,10,10,508,518,3,4,False,previous_plan_remainder,7,17,0.14249087870121002,0.02827204018831253
queue,10,10,509,519,3,4,False,previous_plan_remainder,8,18,0.14222368597984314,0.028285052627325058
queue,10,10,510,520,3,4,False,previous_plan_remainder,9,19,0.1438436210155487,0.028289828449487686
queue,10,10,511,521,3,4,False,previous_plan_remainder,0,10,0.13939990103244781,0.02830786630511284
queue,10,10,512,522,3,4,False,previous_plan_remainder,1,11,0.1327134072780609,0.028306037187576294
queue,10,10,513,523,3,4,False,previous_plan_remainder,2,12,0.12846679985523224,0.02831479161977768
queue,10,10,514,524,3,4,False,previous_plan_remainder,3,13,0.1275557428598404,0.028321407735347748
queue,10,10,515,525,3,4,False,previous_plan_remainder,4,14,0.12621861696243286,0.02834039367735386
queue,10,10,516,526,3,4,False,previous_plan_remainder,5,15,0.12473150342702866,0.02834460325539112
queue,10,10,517,527,3,4,False,previous_plan_remainder,6,16,0.12476074695587158,0.02835836075246334
queue,10,10,518,528,3,4,False,previous_plan_remainder,7,17,0.12512058019638062,0.02837386727333069
queue,10,10,519,529,3,4,False,previous_plan_remainder,8,18,0.12554918229579926,0.028395531699061394
queue,10,10,520,530,3,4,False,previous_plan_remainder,9,19,0.125853031873703,0.02840275689959526
queue,10,10,521,531,3,4,False,previous_plan_remainder,0,10,0.1313164234161377,0.028421171009540558
queue,10,10,522,532,3,4,False,previous_plan_remainder,1,11,0.1361108273267746,0.028431450948119164
queue,10,10,523,533,3,4,False,previous_plan_remainder,2,12,0.1404685229063034,0.028454240411520004
queue,10,10,524,534,3,4,False,previous_plan_remainder,3,13,0.1444813460111618,0.02846948429942131
queue,10,10,525,535,3,4,False,previous_plan_remainder,4,14,0.14726068079471588,0.02848690189421177
queue,10,10,526,536,3,4,False,previous_plan_remainder,5,15,0.15128792822360992,0.028506804257631302
queue,10,10,527,537,3,4,False,previous_plan_remainder,6,16,0.15221825242042542,0.0285326037555933
queue,10,10,528,538,3,4,False,previous_plan_remainder,7,17,0.15244151651859283,0.028551392257213593
queue,10,10,529,539,3,4,False,previous_plan_remainder,8,18,0.1505499929189682,0.02857556752860546
queue,10,10,530,540,3,4,False,previous_plan_remainder,9,19,0.14913877844810486,0.028594957664608955
queue,10,10,531,541,3,4,False,previous_plan_remainder,0,10,0.1442636251449585,0.028621051460504532
queue,10,10,532,542,3,4,False,previous_plan_remainder,1,11,0.14111508429050446,0.028641216456890106
queue,10,10,533,543,3,4,False,previous_plan_remainder,2,12,0.1368352621793747,0.028661923483014107
queue,10,10,534,544,3,4,False,previous_plan_remainder,3,13,0.13272486627101898,0.028681142255663872
queue,10,10,535,545,3,4,False,previous_plan_remainder,4,14,0.12967325747013092,0.028713572770357132
queue,10,10,536,546,3,4,False,previous_plan_remainder,5,15,0.12949243187904358,0.028731394559144974
queue,10,10,537,547,3,4,False,previous_plan_remainder,6,16,0.12910884618759155,0.028764817863702774
queue,10,10,538,548,3,4,False,previous_plan_remainder,7,17,0.1288219690322876,0.02879035472869873
queue,10,10,539,549,3,4,False,previous_plan_remainder,8,18,0.12950213253498077,0.028819499537348747
queue,10,10,540,550,3,4,False,previous_plan_remainder,9,19,0.12911097705364227,0.028842700645327568
queue,10,10,541,551,3,4,False,previous_plan_remainder,0,10,0.1375151425600052,0.02888924442231655
queue,10,10,542,552,3,4,False,previous_plan_remainder,1,11,0.15229704976081848,0.02892414666712284
queue,10,10,543,553,3,4,False,previous_plan_remainder,2,12,0.16240783035755157,0.028958093374967575
queue,10,10,544,554,3,4,False,previous_plan_remainder,3,13,0.17974276840686798,0.028979763388633728
queue,10,10,545,555,3,4,False,previous_plan_remainder,4,14,0.19607172906398773,0.029006844386458397
queue,10,10,546,556,3,4,False,previous_plan_remainder,5,15,0.2082984894514084,0.029035378247499466
queue,10,10,547,557,3,4,False,previous_plan_remainder,6,16,0.21133427321910858,0.029065458104014397
queue,10,10,548,558,3,4,False,previous_plan_remainder,7,17,0.20573677122592926,0.029095208272337914
queue,10,10,549,559,3,4,False,previous_plan_remainder,8,18,0.1999051719903946,0.029128985479474068
queue,10,10,550,560,3,4,False,previous_plan_remainder,9,19,0.19525958597660065,0.02916126139461994
queue,10,10,551,561,3,4,False,previous_plan_remainder,0,10,0.18584904074668884,0.029197514057159424
queue,10,10,552,562,3,4,False,previous_plan_remainder,1,11,0.17649702727794647,0.029233593493700027
queue,10,10,553,563,3,4,False,previous_plan_remainder,2,12,0.16991853713989258,0.029264552518725395
queue,10,10,554,564,3,4,False,previous_plan_remainder,3,13,0.16550451517105103,0.029296161606907845
queue,10,10,555,565,3,4,False,previous_plan_remainder,4,14,0.16174963116645813,0.029335567727684975
queue,10,10,556,566,3,4,False,previous_plan_remainder,5,15,0.15789824724197388,0.029366089031100273
queue,10,10,557,567,3,4,False,previous_plan_remainder,6,16,0.15784066915512085,0.029394520446658134
queue,10,10,558,568,3,4,False,previous_plan_remainder,7,17,0.15519575774669647,0.02941995859146118
queue,10,10,559,569,3,4,False,previous_plan_remainder,8,18,0.15337900817394257,0.02944919280707836
queue,10,10,560,570,3,4,False,previous_plan_remainder,9,19,0.1528947651386261,0.029483335092663765
queue,10,10,561,571,3,4,False,previous_plan_remainder,0,10,0.1543339043855667,0.02952132187783718
queue,10,10,562,572,3,4,False,previous_plan_remainder,1,11,0.15626877546310425,0.029545696452260017
queue,10,10,563,573,3,4,False,previous_plan_remainder,2,12,0.15949614346027374,0.029586130753159523
queue,10,10,564,574,3,4,False,previous_plan_remainder,3,13,0.16123291850090027,0.029605668038129807
queue,10,10,565,575,3,4,False,previous_plan_remainder,4,14,0.16205407679080963,0.029621025547385216
queue,10,10,566,576,3,4,False,previous_plan_remainder,5,15,0.1624392569065094,0.02964833937585354
queue,10,10,567,577,3,4,False,previous_plan_remainder,6,16,0.1616012454032898,0.02967977523803711
queue,10,10,568,578,3,4,False,previous_plan_remainder,7,17,0.15991321206092834,0.029694978147745132
queue,10,10,569,579,3,4,False,previous_plan_remainder,8,18,0.15693742036819458,0.029724590480327606
queue,10,10,570,580,3,4,False,previous_plan_remainder,9,19,0.15462909638881683,0.02974531427025795
queue,10,10,571,581,3,4,False,previous_plan_remainder,0,10,0.14880909025669098,0.029775051400065422
queue,10,10,572,582,3,4,False,previous_plan_remainder,1,11,0.143426313996315,0.029793312773108482
queue,10,10,573,583,3,4,False,previous_plan_remainder,2,12,0.13896432518959045,0.029817229136824608
queue,10,10,574,584,3,4,False,previous_plan_remainder,3,13,0.1354178488254547,0.02984781563282013
queue,10,10,575,585,3,4,False,previous_plan_remainder,4,14,0.1325923055410385,0.029870979487895966
queue,10,10,576,586,3,4,False,previous_plan_remainder,5,15,0.13104982674121857,0.029888233169913292
queue,10,10,577,587,3,4,False,previous_plan_remainder,6,16,0.1310509294271469,0.029904501512646675
queue,10,10,578,588,3,4,False,previous_plan_remainder,7,17,0.13050170242786407,0.029918665066361427
queue,10,10,579,589,3,4,False,previous_plan_remainder,8,18,0.12950119376182556,0.02994169294834137
queue,10,10,580,590,3,4,False,previous_plan_remainder,9,19,0.1287846714258194,0.029977481812238693
queue,10,10,581,591,3,4,False,previous_plan_remainder,0,10,0.13262517750263214,0.03001222386956215
queue,10,10,582,592,3,4,False,previous_plan_remainder,1,11,0.13824842870235443,0.030043616890907288
queue,10,10,583,593,3,4,False,previous_plan_remainder,2,12,0.1422562301158905,0.030066151171922684
queue,10,10,584,594,3,4,False,previous_plan_remainder,3,13,0.14434534311294556,0.030102301388978958
queue,10,10,585,595,3,4,False,previous_plan_remainder,4,14,0.1452399492263794,0.030143283307552338
queue,10,10,586,596,3,4,False,previous_plan_remainder,5,15,0.14591197669506073,0.030182475224137306
queue,10,10,587,597,3,4,False,previous_plan_remainder,6,16,0.14668747782707214,0.030223025009036064
queue,10,10,588,598,3,4,False,previous_plan_remainder,7,17,0.14690618216991425,0.030267586931586266
queue,10,10,589,599,3,4,False,previous_plan_remainder,8,18,0.14723406732082367,0.0303169135004282
queue,10,10,590,600,3,4,False,previous_plan_remainder,9,19,0.14787021279335022,0.030368775129318237
