checkpoint,boundary_action,action_index,joint,delta_from_cached_h50_rad,abs_delta_rad
step_000025,5,1,0,0.08025066554546356,0.08025066554546356
step_000025,5,1,1,-0.0706561803817749,0.0706561803817749
step_000025,5,1,2,-0.024435758590698242,0.024435758590698242
step_000025,5,1,3,-0.021538734436035156,0.021538734436035156
step_000025,5,1,4,-0.08598309755325317,0.08598309755325317
step_000025,5,1,5,-0.0009945482015609741,0.0009945482015609741
step_000025,5,1,6,0.08520609140396118,0.08520609140396118
step_000025,5,1,7,-0.036805033683776855,0.036805033683776855
step_000025,5,1,8,-0.13764429092407227,0.13764429092407227
step_000025,5,1,9,-0.044409990310668945,0.044409990310668945
step_000025,5,1,10,-0.04525423049926758,0.04525423049926758
step_000025,5,1,11,0.009843483567237854,0.009843483567237854
step_000025,5,2,0,0.03244662284851074,0.03244662284851074
step_000025,5,2,1,-0.06381285190582275,0.06381285190582275
step_000025,5,2,2,0.016723155975341797,0.016723155975341797
step_000025,5,2,3,-0.009511232376098633,0.009511232376098633
step_000025,5,2,4,-0.013746470212936401,0.013746470212936401
step_000025,5,2,5,0.00037795305252075195,0.00037795305252075195
step_000025,5,2,6,0.03808195888996124,0.03808195888996124
step_000025,5,2,7,0.006813168525695801,0.006813168525695801
step_000025,5,2,8,-0.055072665214538574,0.055072665214538574
step_000025,5,2,9,-0.05938160419464111,0.05938160419464111
step_000025,5,2,10,-0.01737627387046814,0.01737627387046814
step_000025,5,2,11,0.000197678804397583,0.000197678804397583
step_000025,5,3,0,0.07039818167686462,0.07039818167686462
step_000025,5,3,1,-0.09108757972717285,0.09108757972717285
step_000025,5,3,2,0.004828333854675293,0.004828333854675293
step_000025,5,3,3,0.01133418083190918,0.01133418083190918
step_000025,5,3,4,-0.008587419986724854,0.008587419986724854
step_000025,5,3,5,0.0001326054334640503,0.0001326054334640503
step_000025,5,3,6,-0.03328520059585571,0.03328520059585571
step_000025,5,3,7,-0.1594562530517578,0.1594562530517578
step_000025,5,3,8,-0.004642009735107422,0.004642009735107422
step_000025,5,3,9,0.027163147926330566,0.027163147926330566
step_000025,5,3,10,-0.002063453197479248,0.002063453197479248
step_000025,5,3,11,-0.004489585757255554,0.004489585757255554
step_000025,5,4,0,0.04034566879272461,0.04034566879272461
step_000025,5,4,1,-0.08568334579467773,0.08568334579467773
step_000025,5,4,2,0.035765647888183594,0.035765647888183594
step_000025,5,4,3,-0.010466456413269043,0.010466456413269043
step_000025,5,4,4,-0.025822550058364868,0.025822550058364868
step_000025,5,4,5,0.0012370198965072632,0.0012370198965072632
step_000025,5,4,6,-0.022022247314453125,0.022022247314453125
step_000025,5,4,7,-0.13017761707305908,0.13017761707305908
step_000025,5,4,8,-0.006613731384277344,0.006613731384277344
step_000025,5,4,9,0.05096995830535889,0.05096995830535889
step_000025,5,4,10,0.02164822816848755,0.02164822816848755
step_000025,5,4,11,0.0032113492488861084,0.0032113492488861084
step_000025,5,5,0,0.02872242033481598,0.02872242033481598
step_000025,5,5,1,-0.06976687908172607,0.06976687908172607
step_000025,5,5,2,0.027854204177856445,0.027854204177856445
step_000025,5,5,3,0.004063606262207031,0.004063606262207031
step_000025,5,5,4,-0.03844726085662842,0.03844726085662842
step_000025,5,5,5,0.0014259666204452515,0.0014259666204452515
step_000025,5,5,6,0.001081615686416626,0.001081615686416626
step_000025,5,5,7,-0.09557688236236572,0.09557688236236572
step_000025,5,5,8,0.01093745231628418,0.01093745231628418
step_000025,5,5,9,0.04123127460479736,0.04123127460479736
step_000025,5,5,10,0.036350637674331665,0.036350637674331665
step_000025,5,5,11,-0.004769712686538696,0.004769712686538696
step_000025,5,6,0,0.04145000874996185,0.04145000874996185
step_000025,5,6,1,-0.06294965744018555,0.06294965744018555
step_000025,5,6,2,0.05322122573852539,0.05322122573852539
step_000025,5,6,3,-0.007316112518310547,0.007316112518310547
step_000025,5,6,4,0.014911085367202759,0.014911085367202759
step_000025,5,6,5,-0.001823529601097107,0.001823529601097107
step_000025,5,6,6,0.007287502288818359,0.007287502288818359
step_000025,5,6,7,-0.04575824737548828,0.04575824737548828
step_000025,5,6,8,-0.010889530181884766,0.010889530181884766
step_000025,5,6,9,0.04786252975463867,0.04786252975463867
step_000025,5,6,10,0.03768700361251831,0.03768700361251831
step_000025,5,6,11,-0.0024607330560684204,0.0024607330560684204
step_000025,5,7,0,0.03648132085800171,0.03648132085800171
step_000025,5,7,1,-0.07755899429321289,0.07755899429321289
step_000025,5,7,2,0.052599310874938965,0.052599310874938965
step_000025,5,7,3,-0.011644840240478516,0.011644840240478516
step_000025,5,7,4,-0.03760647773742676,0.03760647773742676
step_000025,5,7,5,0.0037123560905456543,0.0037123560905456543
step_000025,5,7,6,0.017174720764160156,0.017174720764160156
step_000025,5,7,7,-0.10535323619842529,0.10535323619842529
step_000025,5,7,8,-0.0262143611907959,0.0262143611907959
step_000025,5,7,9,0.07282519340515137,0.07282519340515137
step_000025,5,7,10,0.05795148015022278,0.05795148015022278
step_000025,5,7,11,0.0019808709621429443,0.0019808709621429443
step_000025,5,8,0,-0.009869575500488281,0.009869575500488281
step_000025,5,8,1,-0.037724971771240234,0.037724971771240234
step_000025,5,8,2,0.0002472400665283203,0.0002472400665283203
step_000025,5,8,3,-0.023151755332946777,0.023151755332946777
step_000025,5,8,4,-0.17296335101127625,0.17296335101127625
step_000025,5,8,5,0.0041964054107666016,0.0041964054107666016
step_000025,5,8,6,0.11584150791168213,0.11584150791168213
step_000025,5,8,7,0.05573165416717529,0.05573165416717529
step_000025,5,8,8,-0.1789546012878418,0.1789546012878418
step_000025,5,8,9,0.07381606101989746,0.07381606101989746
step_000025,5,8,10,0.1579902172088623,0.1579902172088623
step_000025,5,8,11,0.00046803057193756104,0.00046803057193756104
step_000025,5,9,0,0.05862557888031006,0.05862557888031006
step_000025,5,9,1,-0.0009442567825317383,0.0009442567825317383
step_000025,5,9,2,-0.011160850524902344,0.011160850524902344
step_000025,5,9,3,-0.011594772338867188,0.011594772338867188
step_000025,5,9,4,-0.15233972668647766,0.15233972668647766
step_000025,5,9,5,0.005862995982170105,0.005862995982170105
step_000025,5,9,6,0.09795889258384705,0.09795889258384705
step_000025,5,9,7,0.09513258934020996,0.09513258934020996
step_000025,5,9,8,-0.1863861083984375,0.1863861083984375
step_000025,5,9,9,0.04531264305114746,0.04531264305114746
step_000025,5,9,10,0.15385040640830994,0.15385040640830994
step_000025,5,9,11,0.012255489826202393,0.012255489826202393
step_000025,5,10,0,0.07268352806568146,0.07268352806568146
step_000025,5,10,1,-0.054294705390930176,0.054294705390930176
step_000025,5,10,2,0.03060305118560791,0.03060305118560791
step_000025,5,10,3,-0.005894303321838379,0.005894303321838379
step_000025,5,10,4,-0.11465322971343994,0.11465322971343994
step_000025,5,10,5,0.006933808326721191,0.006933808326721191
step_000025,5,10,6,0.06949639320373535,0.06949639320373535
step_000025,5,10,7,0.03887784481048584,0.03887784481048584
step_000025,5,10,8,-0.15005898475646973,0.15005898475646973
step_000025,5,10,9,0.06945586204528809,0.06945586204528809
step_000025,5,10,10,0.12495192885398865,0.12495192885398865
step_000025,5,10,11,0.005199074745178223,0.005199074745178223
step_000025,10,1,0,-0.010220229625701904,0.010220229625701904
step_000025,10,1,1,-0.021721601486206055,0.021721601486206055
step_000025,10,1,2,0.009721755981445312,0.009721755981445312
step_000025,10,1,3,0.03637361526489258,0.03637361526489258
step_000025,10,1,4,-0.08155262470245361,0.08155262470245361
step_000025,10,1,5,0.0073950886726379395,0.0073950886726379395
step_000025,10,1,6,0.05764812231063843,0.05764812231063843
step_000025,10,1,7,0.06132304668426514,0.06132304668426514
step_000025,10,1,8,-0.15443050861358643,0.15443050861358643
step_000025,10,1,9,0.0131150484085083,0.0131150484085083
step_000025,10,1,10,-0.050192683935165405,0.050192683935165405
step_000025,10,1,11,0.010996729135513306,0.010996729135513306
step_000025,10,2,0,-0.06071215867996216,0.06071215867996216
step_000025,10,2,1,-0.02257847785949707,0.02257847785949707
step_000025,10,2,2,0.019673585891723633,0.019673585891723633
step_000025,10,2,3,0.012785673141479492,0.012785673141479492
step_000025,10,2,4,-0.04777839779853821,0.04777839779853821
step_000025,10,2,5,0.01339632272720337,0.01339632272720337
step_000025,10,2,6,0.041389912366867065,0.041389912366867065
step_000025,10,2,7,0.0459895133972168,0.0459895133972168
step_000025,10,2,8,-0.0806128978729248,0.0806128978729248
step_000025,10,2,9,-0.016365647315979004,0.016365647315979004
step_000025,10,2,10,-0.02384832501411438,0.02384832501411438
step_000025,10,2,11,-0.0018301606178283691,0.0018301606178283691
step_000025,10,3,0,-0.06650561094284058,0.06650561094284058
step_000025,10,3,1,-0.015688657760620117,0.015688657760620117
step_000025,10,3,2,-0.01818525791168213,0.01818525791168213
step_000025,10,3,3,0.01849651336669922,0.01849651336669922
step_000025,10,3,4,-0.15765103697776794,0.15765103697776794
step_000025,10,3,5,0.009467467665672302,0.009467467665672302
step_000025,10,3,6,0.016981780529022217,0.016981780529022217
step_000025,10,3,7,-0.08652150630950928,0.08652150630950928
step_000025,10,3,8,-0.09511733055114746,0.09511733055114746
step_000025,10,3,9,0.07480001449584961,0.07480001449584961
step_000025,10,3,10,0.03816661238670349,0.03816661238670349
step_000025,10,3,11,-0.003988549113273621,0.003988549113273621
step_000025,10,4,0,-0.03294423222541809,0.03294423222541809
step_000025,10,4,1,0.19540631771087646,0.19540631771087646
step_000025,10,4,2,-0.1041412353515625,0.1041412353515625
step_000025,10,4,3,-0.009614229202270508,0.009614229202270508
step_000025,10,4,4,-0.20257845520973206,0.20257845520973206
step_000025,10,4,5,0.4562823921442032,0.4562823921442032
step_000025,10,4,6,0.05945482850074768,0.05945482850074768
step_000025,10,4,7,-0.0422595739364624,0.0422595739364624
step_000025,10,4,8,-0.10778868198394775,0.10778868198394775
step_000025,10,4,9,0.07243633270263672,0.07243633270263672
step_000025,10,4,10,0.05260598659515381,0.05260598659515381
step_000025,10,4,11,0.011789709329605103,0.011789709329605103
step_000025,10,5,0,-0.0540490448474884,0.0540490448474884
step_000025,10,5,1,0.09912943840026855,0.09912943840026855
step_000025,10,5,2,-0.05721580982208252,0.05721580982208252
step_000025,10,5,3,0.026883959770202637,0.026883959770202637
step_000025,10,5,4,-0.1847400665283203,0.1847400665283203
step_000025,10,5,5,0.12325022369623184,0.12325022369623184
step_000025,10,5,6,0.06443190574645996,0.06443190574645996
step_000025,10,5,7,-0.025234103202819824,0.025234103202819824
step_000025,10,5,8,-0.0696570873260498,0.0696570873260498
step_000025,10,5,9,0.06575942039489746,0.06575942039489746
step_000025,10,5,10,0.04529988765716553,0.04529988765716553
step_000025,10,5,11,0.0008040070533752441,0.0008040070533752441
step_000025,10,6,0,-0.014365702867507935,0.014365702867507935
step_000025,10,6,1,0.014333009719848633,0.014333009719848633
step_000025,10,6,2,-0.006411433219909668,0.006411433219909668
step_000025,10,6,3,0.017128348350524902,0.017128348350524902
step_000025,10,6,4,-0.07887813448905945,0.07887813448905945
step_000025,10,6,5,0.031854331493377686,0.031854331493377686
step_000025,10,6,6,0.05069050192832947,0.05069050192832947
step_000025,10,6,7,0.08639252185821533,0.08639252185821533
step_000025,10,6,8,-0.17028141021728516,0.17028141021728516
step_000025,10,6,9,0.10026466846466064,0.10026466846466064
step_000025,10,6,10,0.04814651608467102,0.04814651608467102
step_000025,10,6,11,0.007941856980323792,0.007941856980323792
step_000025,10,7,0,-0.02475060522556305,0.02475060522556305
step_000025,10,7,1,0.0062139034271240234,0.0062139034271240234
step_000025,10,7,2,0.0223085880279541,0.0223085880279541
step_000025,10,7,3,-0.012189269065856934,0.012189269065856934
step_000025,10,7,4,-0.12438201904296875,0.12438201904296875
step_000025,10,7,5,0.033969536423683167,0.033969536423683167
step_000025,10,7,6,0.04520618915557861,0.04520618915557861
step_000025,10,7,7,-0.0145188570022583,0.0145188570022583
step_000025,10,7,8,-0.1779489517211914,0.1779489517211914
step_000025,10,7,9,0.13248133659362793,0.13248133659362793
step_000025,10,7,10,0.0697580873966217,0.0697580873966217
step_000025,10,7,11,0.006794393062591553,0.006794393062591553
step_000025,10,8,0,-0.11548277735710144,0.11548277735710144
step_000025,10,8,1,0.2994070053100586,0.2994070053100586
step_000025,10,8,2,-0.12352681159973145,0.12352681159973145
step_000025,10,8,3,-0.036927103996276855,0.036927103996276855
step_000025,10,8,4,-0.4085799753665924,0.4085799753665924
step_000025,10,8,5,0.49493394792079926,0.49493394792079926
step_000025,10,8,6,0.10887828469276428,0.10887828469276428
step_000025,10,8,7,0.13372290134429932,0.13372290134429932
step_000025,10,8,8,-0.24277639389038086,0.24277639389038086
step_000025,10,8,9,0.22574102878570557,0.22574102878570557
step_000025,10,8,10,0.09483391046524048,0.09483391046524048
step_000025,10,8,11,0.023439958691596985,0.023439958691596985
step_000025,10,9,0,0.02339412271976471,0.02339412271976471
step_000025,10,9,1,0.42708146572113037,0.42708146572113037
step_000025,10,9,2,-0.19976627826690674,0.19976627826690674
step_000025,10,9,3,-0.04247391223907471,0.04247391223907471
step_000025,10,9,4,-0.37340158224105835,0.37340158224105835
step_000025,10,9,5,0.5508977472782135,0.5508977472782135
step_000025,10,9,6,0.07254162430763245,0.07254162430763245
step_000025,10,9,7,0.21975600719451904,0.21975600719451904
step_000025,10,9,8,-0.25752270221710205,0.25752270221710205
step_000025,10,9,9,0.0822075605392456,0.0822075605392456
step_000025,10,9,10,0.1173420250415802,0.1173420250415802
step_000025,10,9,11,0.054671794176101685,0.054671794176101685
step_000025,10,10,0,0.06891544163227081,0.06891544163227081
step_000025,10,10,1,0.3130040168762207,0.3130040168762207
step_000025,10,10,2,-0.18507754802703857,0.18507754802703857
step_000025,10,10,3,-0.018505215644836426,0.018505215644836426
step_000025,10,10,4,-0.2997641861438751,0.2997641861438751
step_000025,10,10,5,0.43753285706043243,0.43753285706043243
step_000025,10,10,6,0.006780445575714111,0.006780445575714111
step_000025,10,10,7,0.1730341911315918,0.1730341911315918
step_000025,10,10,8,-0.2389909029006958,0.2389909029006958
step_000025,10,10,9,0.10074746608734131,0.10074746608734131
step_000025,10,10,10,0.06449487805366516,0.06449487805366516
step_000025,10,10,11,0.001528128981590271,0.001528128981590271
step_000050,5,1,0,0.10251769423484802,0.10251769423484802
step_000050,5,1,1,-0.04484355449676514,0.04484355449676514
step_000050,5,1,2,-0.03144121170043945,0.03144121170043945
step_000050,5,1,3,-0.017490506172180176,0.017490506172180176
step_000050,5,1,4,-0.06969127058982849,0.06969127058982849
step_000050,5,1,5,-0.002826869487762451,0.002826869487762451
step_000050,5,1,6,0.07059475779533386,0.07059475779533386
step_000050,5,1,7,-0.06222105026245117,0.06222105026245117
step_000050,5,1,8,-0.14499568939208984,0.14499568939208984
step_000050,5,1,9,-0.025171875953674316,0.025171875953674316
step_000050,5,1,10,-0.04282161593437195,0.04282161593437195
step_000050,5,1,11,0.00967569649219513,0.00967569649219513
step_000050,5,2,0,0.05565375089645386,0.05565375089645386
step_000050,5,2,1,-0.03489208221435547,0.03489208221435547
step_000050,5,2,2,0.0051451921463012695,0.0051451921463012695
step_000050,5,2,3,-0.005647063255310059,0.005647063255310059
step_000050,5,2,4,-0.0030557215213775635,0.0030557215213775635
step_000050,5,2,5,-0.002055555582046509,0.002055555582046509
step_000050,5,2,6,0.023203924298286438,0.023203924298286438
step_000050,5,2,7,-0.009362339973449707,0.009362339973449707
step_000050,5,2,8,-0.06853330135345459,0.06853330135345459
step_000050,5,2,9,-0.04265785217285156,0.04265785217285156
step_000050,5,2,10,-0.015359938144683838,0.015359938144683838
step_000050,5,2,11,0.0007767528295516968,0.0007767528295516968
step_000050,5,3,0,0.0958855003118515,0.0958855003118515
step_000050,5,3,1,-0.07119131088256836,0.07119131088256836
step_000050,5,3,2,-0.0031272172927856445,0.0031272172927856445
step_000050,5,3,3,0.015421271324157715,0.015421271324157715
step_000050,5,3,4,0.0031967461109161377,0.0031967461109161377
step_000050,5,3,5,-0.001661047339439392,0.001661047339439392
step_000050,5,3,6,-0.044206976890563965,0.044206976890563965
step_000050,5,3,7,-0.1674652099609375,0.1674652099609375
step_000050,5,3,8,-0.02101421356201172,0.02101421356201172
step_000050,5,3,9,0.03994619846343994,0.03994619846343994
step_000050,5,3,10,-0.002947688102722168,0.002947688102722168
step_000050,5,3,11,-0.00416959822177887,0.00416959822177887
step_000050,5,4,0,0.06343749165534973,0.06343749165534973
step_000050,5,4,1,-0.06925046443939209,0.06925046443939209
step_000050,5,4,2,0.027266740798950195,0.027266740798950195
step_000050,5,4,3,-0.005534768104553223,0.005534768104553223
step_000050,5,4,4,-0.014553964138031006,0.014553964138031006
step_000050,5,4,5,-0.0006757974624633789,0.0006757974624633789
step_000050,5,4,6,-0.03254786133766174,0.03254786133766174
step_000050,5,4,7,-0.13901519775390625,0.13901519775390625
step_000050,5,4,8,-0.02469015121459961,0.02469015121459961
step_000050,5,4,9,0.06296336650848389,0.06296336650848389
step_000050,5,4,10,0.019330888986587524,0.019330888986587524
step_000050,5,4,11,0.0034568607807159424,0.0034568607807159424
step_000050,5,5,0,0.0504075288772583,0.0504075288772583
step_000050,5,5,1,-0.0491715669631958,0.0491715669631958
step_000050,5,5,2,0.018083810806274414,0.018083810806274414
step_000050,5,5,3,0.0075005292892456055,0.0075005292892456055
step_000050,5,5,4,-0.02835175395011902,0.02835175395011902
step_000050,5,5,5,0.00031162798404693604,0.00031162798404693604
step_000050,5,5,6,-0.00922781229019165,0.00922781229019165
step_000050,5,5,7,-0.10506808757781982,0.10506808757781982
step_000050,5,5,8,-0.007659435272216797,0.007659435272216797
step_000050,5,5,9,0.05506432056427002,0.05506432056427002
step_000050,5,5,10,0.03510001301765442,0.03510001301765442
step_000050,5,5,11,-0.004644304513931274,0.004644304513931274
step_000050,5,6,0,0.061402127146720886,0.061402127146720886
step_000050,5,6,1,-0.04375100135803223,0.04375100135803223
step_000050,5,6,2,0.043294310569763184,0.043294310569763184
step_000050,5,6,3,-0.004346489906311035,0.004346489906311035
step_000050,5,6,4,0.02085009217262268,0.02085009217262268
step_000050,5,6,5,-0.0026406943798065186,0.0026406943798065186
step_000050,5,6,6,-0.0024943649768829346,0.0024943649768829346
step_000050,5,6,7,-0.05071437358856201,0.05071437358856201
step_000050,5,6,8,-0.03665661811828613,0.03665661811828613
step_000050,5,6,9,0.06440067291259766,0.06440067291259766
step_000050,5,6,10,0.038854509592056274,0.038854509592056274
step_000050,5,6,11,-0.0016318857669830322,0.0016318857669830322
step_000050,5,7,0,0.058820247650146484,0.058820247650146484
step_000050,5,7,1,-0.058922529220581055,0.058922529220581055
step_000050,5,7,2,0.041890740394592285,0.041890740394592285
step_000050,5,7,3,-0.008014440536499023,0.008014440536499023
step_000050,5,7,4,-0.03352522850036621,0.03352522850036621
step_000050,5,7,5,0.0024726837873458862,0.0024726837873458862
step_000050,5,7,6,0.0092124342918396,0.0092124342918396
step_000050,5,7,7,-0.10553956031799316,0.10553956031799316
step_000050,5,7,8,-0.05761992931365967,0.05761992931365967
step_000050,5,7,9,0.0923689603805542,0.0923689603805542
step_000050,5,7,10,0.06257373094558716,0.06257373094558716
step_000050,5,7,11,0.005517616868019104,0.005517616868019104
step_000050,5,8,0,0.009598657488822937,0.009598657488822937
step_000050,5,8,1,-0.01565992832183838,0.01565992832183838
step_000050,5,8,2,-0.02063572406768799,0.02063572406768799
step_000050,5,8,3,-0.02279043197631836,0.02279043197631836
step_000050,5,8,4,-0.1693984568119049,0.1693984568119049
step_000050,5,8,5,0.003401041030883789,0.003401041030883789
step_000050,5,8,6,0.11651793122291565,0.11651793122291565
step_000050,5,8,7,0.06581664085388184,0.06581664085388184
step_000050,5,8,8,-0.2320725917816162,0.2320725917816162
step_000050,5,8,9,0.09802162647247314,0.09802162647247314
step_000050,5,8,10,0.16785547137260437,0.16785547137260437
step_000050,5,8,11,0.003552868962287903,0.003552868962287903
step_000050,5,9,0,0.07718107104301453,0.07718107104301453
step_000050,5,9,1,0.02575099468231201,0.02575099468231201
step_000050,5,9,2,-0.03146994113922119,0.03146994113922119
step_000050,5,9,3,-0.009226202964782715,0.009226202964782715
step_000050,5,9,4,-0.14960190653800964,0.14960190653800964
step_000050,5,9,5,0.003962859511375427,0.003962859511375427
step_000050,5,9,6,0.10033667087554932,0.10033667087554932
step_000050,5,9,7,0.11747133731842041,0.11747133731842041
step_000050,5,9,8,-0.24010992050170898,0.24010992050170898
step_000050,5,9,9,0.06812775135040283,0.06812775135040283
step_000050,5,9,10,0.16610169410705566,0.16610169410705566
step_000050,5,9,11,0.023981750011444092,0.023981750011444092
step_000050,5,10,0,0.09387129545211792,0.09387129545211792
step_000050,5,10,1,-0.03166353702545166,0.03166353702545166
step_000050,5,10,2,0.017682313919067383,0.017682313919067383
step_000050,5,10,3,-0.003879070281982422,0.003879070281982422
step_000050,5,10,4,-0.10993117094039917,0.10993117094039917
step_000050,5,10,5,0.005754828453063965,0.005754828453063965
step_000050,5,10,6,0.06858992576599121,0.06858992576599121
step_000050,5,10,7,0.059375643730163574,0.059375643730163574
step_000050,5,10,8,-0.20633673667907715,0.20633673667907715
step_000050,5,10,9,0.09061729907989502,0.09061729907989502
step_000050,5,10,10,0.13524937629699707,0.13524937629699707
step_000050,5,10,11,0.006480783224105835,0.006480783224105835
step_000050,10,1,0,0.007705003023147583,0.007705003023147583
step_000050,10,1,1,-0.006543397903442383,0.006543397903442383
step_000050,10,1,2,0.005528688430786133,0.005528688430786133
step_000050,10,1,3,0.03181159496307373,0.03181159496307373
step_000050,10,1,4,-0.07107561826705933,0.07107561826705933
step_000050,10,1,5,0.003953367471694946,0.003953367471694946
step_000050,10,1,6,0.03650718927383423,0.03650718927383423
step_000050,10,1,7,0.03808021545410156,0.03808021545410156
step_000050,10,1,8,-0.17061913013458252,0.17061913013458252
step_000050,10,1,9,0.02877187728881836,0.02877187728881836
step_000050,10,1,10,-0.045812785625457764,0.045812785625457764
step_000050,10,1,11,0.011384472250938416,0.011384472250938416
step_000050,10,2,0,-0.04065874218940735,0.04065874218940735
step_000050,10,2,1,-0.0012514591217041016,0.0012514591217041016
step_000050,10,2,2,0.012522697448730469,0.012522697448730469
step_000050,10,2,3,0.009698867797851562,0.009698867797851562
step_000050,10,2,4,-0.04335853457450867,0.04335853457450867
step_000050,10,2,5,0.00822766125202179,0.00822766125202179
step_000050,10,2,6,0.01681247353553772,0.01681247353553772
step_000050,10,2,7,0.029627203941345215,0.029627203941345215
step_000050,10,2,8,-0.09863615036010742,0.09863615036010742
step_000050,10,2,9,-0.002383708953857422,0.002383708953857422
step_000050,10,2,10,-0.020533502101898193,0.020533502101898193
step_000050,10,2,11,-0.0007425248622894287,0.0007425248622894287
step_000050,10,3,0,-0.04546487331390381,0.04546487331390381
step_000050,10,3,1,-0.012634515762329102,0.012634515762329102
step_000050,10,3,2,-0.017007827758789062,0.017007827758789062
step_000050,10,3,3,0.01733076572418213,0.01733076572418213
step_000050,10,3,4,-0.1478905975818634,0.1478905975818634
step_000050,10,3,5,0.005218997597694397,0.005218997597694397
step_000050,10,3,6,-0.006581425666809082,0.006581425666809082
step_000050,10,3,7,-0.09349417686462402,0.09349417686462402
step_000050,10,3,8,-0.11556363105773926,0.11556363105773926
step_000050,10,3,9,0.08664059638977051,0.08664059638977051
step_000050,10,3,10,0.03967604041099548,0.03967604041099548
step_000050,10,3,11,-0.002676725387573242,0.002676725387573242
step_000050,10,4,0,-0.029091596603393555,0.029091596603393555
step_000050,10,4,1,0.12048327922821045,0.12048327922821045
step_000050,10,4,2,-0.08313179016113281,0.08313179016113281
step_000050,10,4,3,0.0008209943771362305,0.0008209943771362305
step_000050,10,4,4,-0.19164803624153137,0.19164803624153137
step_000050,10,4,5,0.3270629197359085,0.3270629197359085
step_000050,10,4,6,0.028631150722503662,0.028631150722503662
step_000050,10,4,7,-0.06216311454772949,0.06216311454772949
step_000050,10,4,8,-0.1186288595199585,0.1186288595199585
step_000050,10,4,9,0.08664524555206299,0.08664524555206299
step_000050,10,4,10,0.056370675563812256,0.056370675563812256
step_000050,10,4,11,0.010549381375312805,0.010549381375312805
step_000050,10,5,0,-0.045254290103912354,0.045254290103912354
step_000050,10,5,1,0.05368781089782715,0.05368781089782715
step_000050,10,5,2,-0.02161729335784912,0.02161729335784912
step_000050,10,5,3,0.021646499633789062,0.021646499633789062
step_000050,10,5,4,-0.16367566585540771,0.16367566585540771
step_000050,10,5,5,0.055089496076107025,0.055089496076107025
step_000050,10,5,6,0.038185298442840576,0.038185298442840576
step_000050,10,5,7,-0.04319608211517334,0.04319608211517334
step_000050,10,5,8,-0.08935952186584473,0.08935952186584473
step_000050,10,5,9,0.0867842435836792,0.0867842435836792
step_000050,10,5,10,0.04484561085700989,0.04484561085700989
step_000050,10,5,11,0.0031273365020751953,0.0031273365020751953
step_000050,10,6,0,-0.011068493127822876,0.011068493127822876
step_000050,10,6,1,0.010951876640319824,0.010951876640319824
step_000050,10,6,2,-0.0001455545425415039,0.0001455545425415039
step_000050,10,6,3,0.015344977378845215,0.015344977378845215
step_000050,10,6,4,-0.08002087473869324,0.08002087473869324
step_000050,10,6,5,0.019460678100585938,0.019460678100585938
step_000050,10,6,6,0.027240455150604248,0.027240455150604248
step_000050,10,6,7,0.08698797225952148,0.08698797225952148
step_000050,10,6,8,-0.2031717300415039,0.2031717300415039
step_000050,10,6,9,0.12252366542816162,0.12252366542816162
step_000050,10,6,10,0.05243492126464844,0.05243492126464844
step_000050,10,6,11,0.00798480212688446,0.00798480212688446
step_000050,10,7,0,-0.0153016597032547,0.0153016597032547
step_000050,10,7,1,0.0025173425674438477,0.0025173425674438477
step_000050,10,7,2,0.02057623863220215,0.02057623863220215
step_000050,10,7,3,-0.0075016021728515625,0.0075016021728515625
step_000050,10,7,4,-0.11909639835357666,0.11909639835357666
step_000050,10,7,5,0.02305881679058075,0.02305881679058075
step_000050,10,7,6,0.02292492985725403,0.02292492985725403
step_000050,10,7,7,0.0025000572204589844,0.0025000572204589844
step_000050,10,7,8,-0.22292065620422363,0.22292065620422363
step_000050,10,7,9,0.1560065746307373,0.1560065746307373
step_000050,10,7,10,0.07529637217521667,0.07529637217521667
step_000050,10,7,11,0.010274067521095276,0.010274067521095276
step_000050,10,8,0,-0.1172868013381958,0.1172868013381958
step_000050,10,8,1,0.23514044284820557,0.23514044284820557
step_000050,10,8,2,-0.1230020523071289,0.1230020523071289
step_000050,10,8,3,-0.01663827896118164,0.01663827896118164
step_000050,10,8,4,-0.40182825922966003,0.40182825922966003
step_000050,10,8,5,0.37835320830345154,0.37835320830345154
step_000050,10,8,6,0.08638405799865723,0.08638405799865723
step_000050,10,8,7,0.16744458675384521,0.16744458675384521
step_000050,10,8,8,-0.3196530342102051,0.3196530342102051
step_000050,10,8,9,0.25538694858551025,0.25538694858551025
step_000050,10,8,10,0.11324313282966614,0.11324313282966614
step_000050,10,8,11,0.02824196219444275,0.02824196219444275
step_000050,10,9,0,0.02641846239566803,0.02641846239566803
step_000050,10,9,1,0.3601346015930176,0.3601346015930176
step_000050,10,9,2,-0.20269465446472168,0.20269465446472168
step_000050,10,9,3,-0.011794686317443848,0.011794686317443848
step_000050,10,9,4,-0.3749867081642151,0.3749867081642151
step_000050,10,9,5,0.485356867313385,0.485356867313385
step_000050,10,9,6,0.04691401124000549,0.04691401124000549
step_000050,10,9,7,0.3027838468551636,0.3027838468551636
step_000050,10,9,8,-0.34848856925964355,0.34848856925964355
step_000050,10,9,9,0.1056830883026123,0.1056830883026123
step_000050,10,9,10,0.142098069190979,0.142098069190979
step_000050,10,9,11,0.09540954604744911,0.09540954604744911
step_000050,10,10,0,0.07386057078838348,0.07386057078838348
step_000050,10,10,1,0.19154644012451172,0.19154644012451172
step_000050,10,10,2,-0.17016196250915527,0.17016196250915527
step_000050,10,10,3,0.010111451148986816,0.010111451148986816
step_000050,10,10,4,-0.270096093416214,0.270096093416214
step_000050,10,10,5,0.28157103061676025,0.28157103061676025
step_000050,10,10,6,-0.024188727140426636,0.024188727140426636
step_000050,10,10,7,0.25249361991882324,0.25249361991882324
step_000050,10,10,8,-0.3363931179046631,0.3363931179046631
step_000050,10,10,9,0.12664055824279785,0.12664055824279785
step_000050,10,10,10,0.07801508903503418,0.07801508903503418
step_000050,10,10,11,-0.00035628676414489746,0.00035628676414489746
step_000075,5,1,0,0.11121346056461334,0.11121346056461334
step_000075,5,1,1,-0.05426609516143799,0.05426609516143799
step_000075,5,1,2,-0.015621781349182129,0.015621781349182129
step_000075,5,1,3,-0.018063664436340332,0.018063664436340332
step_000075,5,1,4,-0.05742001533508301,0.05742001533508301
step_000075,5,1,5,-0.0037253648042678833,0.0037253648042678833
step_000075,5,1,6,0.06763976812362671,0.06763976812362671
step_000075,5,1,7,-0.07420027256011963,0.07420027256011963
step_000075,5,1,8,-0.1361246109008789,0.1361246109008789
step_000075,5,1,9,-0.02520298957824707,0.02520298957824707
step_000075,5,1,10,-0.05114775896072388,0.05114775896072388
step_000075,5,1,11,0.010206520557403564,0.010206520557403564
step_000075,5,2,0,0.06246495246887207,0.06246495246887207
step_000075,5,2,1,-0.039227843284606934,0.039227843284606934
step_000075,5,2,2,0.020444154739379883,0.020444154739379883
step_000075,5,2,3,-0.008152604103088379,0.008152604103088379
step_000075,5,2,4,0.009549230337142944,0.009549230337142944
step_000075,5,2,5,-0.0023001879453659058,0.0023001879453659058
step_000075,5,2,6,0.020218119025230408,0.020218119025230408
step_000075,5,2,7,-0.01355886459350586,0.01355886459350586
step_000075,5,2,8,-0.06406593322753906,0.06406593322753906
step_000075,5,2,9,-0.04230606555938721,0.04230606555938721
step_000075,5,2,10,-0.025754272937774658,0.025754272937774658
step_000075,5,2,11,0.001654103398323059,0.001654103398323059
step_000075,5,3,0,0.10310322046279907,0.10310322046279907
step_000075,5,3,1,-0.08127880096435547,0.08127880096435547
step_000075,5,3,2,0.011035442352294922,0.011035442352294922
step_000075,5,3,3,0.012653112411499023,0.012653112411499023
step_000075,5,3,4,0.014581650495529175,0.014581650495529175
step_000075,5,3,5,-0.0027207881212234497,0.0027207881212234497
step_000075,5,3,6,-0.04535675048828125,0.04535675048828125
step_000075,5,3,7,-0.16742396354675293,0.16742396354675293
step_000075,5,3,8,-0.021685361862182617,0.021685361862182617
step_000075,5,3,9,0.03639650344848633,0.03639650344848633
step_000075,5,3,10,-0.020598381757736206,0.020598381757736206
step_000075,5,3,11,-0.0028573274612426758,0.0028573274612426758
step_000075,5,4,0,0.06914100050926208,0.06914100050926208
step_000075,5,4,1,-0.07945680618286133,0.07945680618286133
step_000075,5,4,2,0.043305158615112305,0.043305158615112305
step_000075,5,4,3,-0.008942842483520508,0.008942842483520508
step_000075,5,4,4,-0.0020411312580108643,0.0020411312580108643
step_000075,5,4,5,-0.0005800575017929077,0.0005800575017929077
step_000075,5,4,6,-0.03275427222251892,0.03275427222251892
step_000075,5,4,7,-0.13818025588989258,0.13818025588989258
step_000075,5,4,8,-0.026344656944274902,0.026344656944274902
step_000075,5,4,9,0.05830240249633789,0.05830240249633789
step_000075,5,4,10,-0.0007995069026947021,0.0007995069026947021
step_000075,5,4,11,0.004078119993209839,0.004078119993209839
step_000075,5,5,0,0.0561223030090332,0.0561223030090332
step_000075,5,5,1,-0.056414008140563965,0.056414008140563965
step_000075,5,5,2,0.030699491500854492,0.030699491500854492
step_000075,5,5,3,0.0056018829345703125,0.0056018829345703125
step_000075,5,5,4,-0.01600709557533264,0.01600709557533264
step_000075,5,5,5,-0.001487642526626587,0.001487642526626587
step_000075,5,5,6,-0.011403799057006836,0.011403799057006836
step_000075,5,5,7,-0.10526025295257568,0.10526025295257568
step_000075,5,5,8,-0.008490800857543945,0.008490800857543945
step_000075,5,5,9,0.051448702812194824,0.051448702812194824
step_000075,5,5,10,0.01521444320678711,0.01521444320678711
step_000075,5,5,11,-0.004317238926887512,0.004317238926887512
step_000075,5,6,0,0.06593529880046844,0.06593529880046844
step_000075,5,6,1,-0.054257869720458984,0.054257869720458984
step_000075,5,6,2,0.05440545082092285,0.05440545082092285
step_000075,5,6,3,-0.007634162902832031,0.007634162902832031
step_000075,5,6,4,0.030770093202590942,0.030770093202590942
step_000075,5,6,5,-0.0033690929412841797,0.0033690929412841797
step_000075,5,6,6,-0.0060076117515563965,0.0060076117515563965
step_000075,5,6,7,-0.05345571041107178,0.05345571041107178
step_000075,5,6,8,-0.0417788028717041,0.0417788028717041
step_000075,5,6,9,0.06319653987884521,0.06319653987884521
step_000075,5,6,10,0.019709289073944092,0.019709289073944092
step_000075,5,6,11,0.00070953369140625,0.00070953369140625
step_000075,5,7,0,0.06309358775615692,0.06309358775615692
step_000075,5,7,1,-0.07046890258789062,0.07046890258789062
step_000075,5,7,2,0.055603623390197754,0.055603623390197754
step_000075,5,7,3,-0.012624621391296387,0.012624621391296387
step_000075,5,7,4,-0.0269719660282135,0.0269719660282135
step_000075,5,7,5,0.0017070919275283813,0.0017070919275283813
step_000075,5,7,6,0.0065116286277771,0.0065116286277771
step_000075,5,7,7,-0.10743606090545654,0.10743606090545654
step_000075,5,7,8,-0.07124710083007812,0.07124710083007812
step_000075,5,7,9,0.09299647808074951,0.09299647808074951
step_000075,5,7,10,0.04666602611541748,0.04666602611541748
step_000075,5,7,11,0.009518906474113464,0.009518906474113464
step_000075,5,8,0,0.009226575493812561,0.009226575493812561
step_000075,5,8,1,-0.01924121379852295,0.01924121379852295
step_000075,5,8,2,-0.01530468463897705,0.01530468463897705
step_000075,5,8,3,-0.03018808364868164,0.03018808364868164
step_000075,5,8,4,-0.16448500752449036,0.16448500752449036
step_000075,5,8,5,0.004362180829048157,0.004362180829048157
step_000075,5,8,6,0.11768829822540283,0.11768829822540283
step_000075,5,8,7,0.06524062156677246,0.06524062156677246
step_000075,5,8,8,-0.25841236114501953,0.25841236114501953
step_000075,5,8,9,0.10847198963165283,0.10847198963165283
step_000075,5,8,10,0.15687131881713867,0.15687131881713867
step_000075,5,8,11,0.008228465914726257,0.008228465914726257
step_000075,5,9,0,0.07954888045787811,0.07954888045787811
step_000075,5,9,1,0.02331840991973877,0.02331840991973877
step_000075,5,9,2,-0.027912378311157227,0.027912378311157227
step_000075,5,9,3,-0.01487720012664795,0.01487720012664795
step_000075,5,9,4,-0.14368227124214172,0.14368227124214172
step_000075,5,9,5,0.005855992436408997,0.005855992436408997
step_000075,5,9,6,0.10044977068901062,0.10044977068901062
step_000075,5,9,7,0.11977577209472656,0.11977577209472656
step_000075,5,9,8,-0.2697019577026367,0.2697019577026367
step_000075,5,9,9,0.08390438556671143,0.08390438556671143
step_000075,5,9,10,0.15956181287765503,0.15956181287765503
step_000075,5,9,11,0.04834085702896118,0.04834085702896118
step_000075,5,10,0,0.09646065533161163,0.09646065533161163
step_000075,5,10,1,-0.044059157371520996,0.044059157371520996
step_000075,5,10,2,0.026019573211669922,0.026019573211669922
step_000075,5,10,3,-0.008382320404052734,0.008382320404052734
step_000075,5,10,4,-0.09900903701782227,0.09900903701782227
step_000075,5,10,5,0.005369976162910461,0.005369976162910461
step_000075,5,10,6,0.068087637424469,0.068087637424469
step_000075,5,10,7,0.06209719181060791,0.06209719181060791
step_000075,5,10,8,-0.23392987251281738,0.23392987251281738
step_000075,5,10,9,0.10603344440460205,0.10603344440460205
step_000075,5,10,10,0.12544667720794678,0.12544667720794678
step_000075,5,10,11,0.009660884737968445,0.009660884737968445
step_000075,10,1,0,0.005803853273391724,0.005803853273391724
step_000075,10,1,1,-0.019257664680480957,0.019257664680480957
step_000075,10,1,2,0.0223846435546875,0.0223846435546875
step_000075,10,1,3,0.026562213897705078,0.026562213897705078
step_000075,10,1,4,-0.06825798749923706,0.06825798749923706
step_000075,10,1,5,0.0033600032329559326,0.0033600032329559326
step_000075,10,1,6,0.03331616520881653,0.03331616520881653
step_000075,10,1,7,0.011412501335144043,0.011412501335144043
step_000075,10,1,8,-0.1535806655883789,0.1535806655883789
step_000075,10,1,9,0.026934027671813965,0.026934027671813965
step_000075,10,1,10,-0.051263585686683655,0.051263585686683655
step_000075,10,1,11,0.0119875967502594,0.0119875967502594
step_000075,10,2,0,-0.04179742932319641,0.04179742932319641
step_000075,10,2,1,-0.006488323211669922,0.006488323211669922
step_000075,10,2,2,0.026071667671203613,0.026071667671203613
step_000075,10,2,3,0.005349636077880859,0.005349636077880859
step_000075,10,2,4,-0.04158073663711548,0.04158073663711548
step_000075,10,2,5,0.0070415884256362915,0.0070415884256362915
step_000075,10,2,6,0.012427210807800293,0.012427210807800293
step_000075,10,2,7,0.006374955177307129,0.006374955177307129
step_000075,10,2,8,-0.08081686496734619,0.08081686496734619
step_000075,10,2,9,-0.0038280487060546875,0.0038280487060546875
step_000075,10,2,10,-0.025606662034988403,0.025606662034988403
step_000075,10,2,11,-0.0004147738218307495,0.0004147738218307495
step_000075,10,3,0,-0.04994851350784302,0.04994851350784302
step_000075,10,3,1,-0.026082515716552734,0.026082515716552734
step_000075,10,3,2,-0.002187013626098633,0.002187013626098633
step_000075,10,3,3,0.013094782829284668,0.013094782829284668
step_000075,10,3,4,-0.14907506108283997,0.14907506108283997
step_000075,10,3,5,0.0047116875648498535,0.0047116875648498535
step_000075,10,3,6,-0.006531774997711182,0.006531774997711182
step_000075,10,3,7,-0.11370563507080078,0.11370563507080078
step_000075,10,3,8,-0.0947110652923584,0.0947110652923584
step_000075,10,3,9,0.08082401752471924,0.08082401752471924
step_000075,10,3,10,0.022990942001342773,0.022990942001342773
step_000075,10,3,11,-0.002085641026496887,0.002085641026496887
step_000075,10,4,0,-0.0422113835811615,0.0422113835811615
step_000075,10,4,1,0.11237037181854248,0.11237037181854248
step_000075,10,4,2,-0.06654143333435059,0.06654143333435059
step_000075,10,4,3,-0.0034395456314086914,0.0034395456314086914
step_000075,10,4,4,-0.20122089982032776,0.20122089982032776
step_000075,10,4,5,0.34730036556720734,0.34730036556720734
step_000075,10,4,6,0.03230708837509155,0.03230708837509155
step_000075,10,4,7,-0.09035801887512207,0.09035801887512207
step_000075,10,4,8,-0.09347856044769287,0.09347856044769287
step_000075,10,4,9,0.07850396633148193,0.07850396633148193
step_000075,10,4,10,0.03467795252799988,0.03467795252799988
step_000075,10,4,11,0.010138362646102905,0.010138362646102905
step_000075,10,5,0,-0.05683201551437378,0.05683201551437378
step_000075,10,5,1,0.04547250270843506,0.04547250270843506
step_000075,10,5,2,-0.007862329483032227,0.007862329483032227
step_000075,10,5,3,0.020391345024108887,0.020391345024108887
step_000075,10,5,4,-0.16818612813949585,0.16818612813949585
step_000075,10,5,5,0.06204477697610855,0.06204477697610855
step_000075,10,5,6,0.03763929009437561,0.03763929009437561
step_000075,10,5,7,-0.06922852993011475,0.06922852993011475
step_000075,10,5,8,-0.06352663040161133,0.06352663040161133
step_000075,10,5,9,0.07733345031738281,0.07733345031738281
step_000075,10,5,10,0.025034010410308838,0.025034010410308838
step_000075,10,5,11,0.0016933679580688477,0.0016933679580688477
step_000075,10,6,0,-0.02166813611984253,0.02166813611984253
step_000075,10,6,1,-0.001493692398071289,0.001493692398071289
step_000075,10,6,2,0.013904452323913574,0.013904452323913574
step_000075,10,6,3,0.012562155723571777,0.012562155723571777
step_000075,10,6,4,-0.08404314517974854,0.08404314517974854
step_000075,10,6,5,0.022192612290382385,0.022192612290382385
step_000075,10,6,6,0.025041401386260986,0.025041401386260986
step_000075,10,6,7,0.039389967918395996,0.039389967918395996
step_000075,10,6,8,-0.16663742065429688,0.16663742065429688
step_000075,10,6,9,0.11606955528259277,0.11606955528259277
step_000075,10,6,10,0.030407190322875977,0.030407190322875977
step_000075,10,6,11,0.007074505090713501,0.007074505090713501
step_000075,10,7,0,-0.026135042309761047,0.026135042309761047
step_000075,10,7,1,-0.011806249618530273,0.011806249618530273
step_000075,10,7,2,0.03308248519897461,0.03308248519897461
step_000075,10,7,3,-0.011608600616455078,0.011608600616455078
step_000075,10,7,4,-0.12751102447509766,0.12751102447509766
step_000075,10,7,5,0.023761659860610962,0.023761659860610962
step_000075,10,7,6,0.019435226917266846,0.019435226917266846
step_000075,10,7,7,-0.036638498306274414,0.036638498306274414
step_000075,10,7,8,-0.19218921661376953,0.19218921661376953
step_000075,10,7,9,0.14769959449768066,0.14769959449768066
step_000075,10,7,10,0.05578577518463135,0.05578577518463135
step_000075,10,7,11,0.010299146175384521,0.010299146175384521
step_000075,10,8,0,-0.14166861772537231,0.14166861772537231
step_000075,10,8,1,0.2283543348312378,0.2283543348312378
step_000075,10,8,2,-0.108498215675354,0.108498215675354
step_000075,10,8,3,-0.022548556327819824,0.022548556327819824
step_000075,10,8,4,-0.4205673038959503,0.4205673038959503
step_000075,10,8,5,0.3946439325809479,0.3946439325809479
step_000075,10,8,6,0.08120200037956238,0.08120200037956238
step_000075,10,8,7,0.0943373441696167,0.0943373441696167
step_000075,10,8,8,-0.2666745185852051,0.2666745185852051
step_000075,10,8,9,0.25054872035980225,0.25054872035980225
step_000075,10,8,10,0.08226299285888672,0.08226299285888672
step_000075,10,8,11,0.024144038558006287,0.024144038558006287
step_000075,10,9,0,-0.008819609880447388,0.008819609880447388
step_000075,10,9,1,0.3492090702056885,0.3492090702056885
step_000075,10,9,2,-0.1923520565032959,0.1923520565032959
step_000075,10,9,3,-0.01870286464691162,0.01870286464691162
step_000075,10,9,4,-0.38880324363708496,0.38880324363708496
step_000075,10,9,5,0.49331673979759216,0.49331673979759216
step_000075,10,9,6,0.05498462915420532,0.05498462915420532
step_000075,10,9,7,0.18895208835601807,0.18895208835601807
step_000075,10,9,8,-0.28255724906921387,0.28255724906921387
step_000075,10,9,9,0.11014175415039062,0.11014175415039062
step_000075,10,9,10,0.10488688945770264,0.10488688945770264
step_000075,10,9,11,0.058683425188064575,0.058683425188064575
step_000075,10,10,0,0.03660106658935547,0.03660106658935547
step_000075,10,10,1,0.1806560754776001,0.1806560754776001
step_000075,10,10,2,-0.15361428260803223,0.15361428260803223
step_000075,10,10,3,0.004161238670349121,0.004161238670349121
step_000075,10,10,4,-0.2861427366733551,0.2861427366733551
step_000075,10,10,5,0.308726504445076,0.308726504445076
step_000075,10,10,6,-0.00915306806564331,0.00915306806564331
step_000075,10,10,7,0.13540303707122803,0.13540303707122803
step_000075,10,10,8,-0.2563716173171997,0.2563716173171997
step_000075,10,10,9,0.1274961233139038,0.1274961233139038
step_000075,10,10,10,0.04496109485626221,0.04496109485626221
step_000075,10,10,11,-0.0014085620641708374,0.0014085620641708374
step_000100,5,1,0,0.11064167320728302,0.11064167320728302
step_000100,5,1,1,-0.05573916435241699,0.05573916435241699
step_000100,5,1,2,-0.010986566543579102,0.010986566543579102
step_000100,5,1,3,-0.01612269878387451,0.01612269878387451
step_000100,5,1,4,-0.050657689571380615,0.050657689571380615
step_000100,5,1,5,-0.003151625394821167,0.003151625394821167
step_000100,5,1,6,0.05185779929161072,0.05185779929161072
step_000100,5,1,7,-0.05828428268432617,0.05828428268432617
step_000100,5,1,8,-0.12496709823608398,0.12496709823608398
step_000100,5,1,9,-0.02778148651123047,0.02778148651123047
step_000100,5,1,10,-0.05269181728363037,0.05269181728363037
step_000100,5,1,11,0.009641081094741821,0.009641081094741821
step_000100,5,2,0,0.06299349665641785,0.06299349665641785
step_000100,5,2,1,-0.041388750076293945,0.041388750076293945
step_000100,5,2,2,0.020951509475708008,0.020951509475708008
step_000100,5,2,3,-0.006403326988220215,0.006403326988220215
step_000100,5,2,4,0.01420411467552185,0.01420411467552185
step_000100,5,2,5,-0.0027424097061157227,0.0027424097061157227
step_000100,5,2,6,0.007249191403388977,0.007249191403388977
step_000100,5,2,7,0.004902243614196777,0.004902243614196777
step_000100,5,2,8,-0.06201028823852539,0.06201028823852539
step_000100,5,2,9,-0.044557929039001465,0.044557929039001465
step_000100,5,2,10,-0.03019237518310547,0.03019237518310547
step_000100,5,2,11,0.002448752522468567,0.002448752522468567
step_000100,5,3,0,0.10222227871417999,0.10222227871417999
step_000100,5,3,1,-0.0829012393951416,0.0829012393951416
step_000100,5,3,2,0.014455437660217285,0.014455437660217285
step_000100,5,3,3,0.014789223670959473,0.014789223670959473
step_000100,5,3,4,0.02420005202293396,0.02420005202293396
step_000100,5,3,5,-0.00330960750579834,0.00330960750579834
step_000100,5,3,6,-0.05618812143802643,0.05618812143802643
step_000100,5,3,7,-0.13971304893493652,0.13971304893493652
step_000100,5,3,8,-0.022894978523254395,0.022894978523254395
step_000100,5,3,9,0.0276029109954834,0.0276029109954834
step_000100,5,3,10,-0.03326690196990967,0.03326690196990967
step_000100,5,3,11,-0.0009624212980270386,0.0009624212980270386
step_000100,5,4,0,0.06720361113548279,0.06720361113548279
step_000100,5,4,1,-0.08374595642089844,0.08374595642089844
step_000100,5,4,2,0.04490375518798828,0.04490375518798828
step_000100,5,4,3,-0.0032758712768554688,0.0032758712768554688
step_000100,5,4,4,0.009158611297607422,0.009158611297607422
step_000100,5,4,5,-0.001913115382194519,0.001913115382194519
step_000100,5,4,6,-0.044755131006240845,0.044755131006240845
step_000100,5,4,7,-0.1155393123626709,0.1155393123626709
step_000100,5,4,8,-0.024311065673828125,0.024311065673828125
step_000100,5,4,9,0.04828464984893799,0.04828464984893799
step_000100,5,4,10,-0.01632779836654663,0.01632779836654663
step_000100,5,4,11,0.0047999173402786255,0.0047999173402786255
step_000100,5,5,0,0.05295650660991669,0.05295650660991669
step_000100,5,5,1,-0.06057441234588623,0.06057441234588623
step_000100,5,5,2,0.0307009220123291,0.0307009220123291
step_000100,5,5,3,0.00874471664428711,0.00874471664428711
step_000100,5,5,4,-0.006854146718978882,0.006854146718978882
step_000100,5,5,5,-0.002315416932106018,0.002315416932106018
step_000100,5,5,6,-0.025666415691375732,0.025666415691375732
step_000100,5,5,7,-0.08826148509979248,0.08826148509979248
step_000100,5,5,8,-0.01275479793548584,0.01275479793548584
step_000100,5,5,9,0.04222393035888672,0.04222393035888672
step_000100,5,5,10,-0.0012145042419433594,0.0012145042419433594
step_000100,5,5,11,-0.003953665494918823,0.003953665494918823
step_000100,5,6,0,0.06104739010334015,0.06104739010334015
step_000100,5,6,1,-0.05564594268798828,0.05564594268798828
step_000100,5,6,2,0.051950693130493164,0.051950693130493164
step_000100,5,6,3,-0.004535794258117676,0.004535794258117676
step_000100,5,6,4,0.035859614610672,0.035859614610672
step_000100,5,6,5,-0.0034913569688796997,0.0034913569688796997
step_000100,5,6,6,-0.020908355712890625,0.020908355712890625
step_000100,5,6,7,-0.04566085338592529,0.04566085338592529
step_000100,5,6,8,-0.037703514099121094,0.037703514099121094
step_000100,5,6,9,0.050747036933898926,0.050747036933898926
step_000100,5,6,10,0.0007833242416381836,0.0007833242416381836
step_000100,5,6,11,-0.0006554722785949707,0.0006554722785949707
step_000100,5,7,0,0.0582306832075119,0.0582306832075119
step_000100,5,7,1,-0.07415080070495605,0.07415080070495605
step_000100,5,7,2,0.053868889808654785,0.053868889808654785
step_000100,5,7,3,-0.00788569450378418,0.00788569450378418
step_000100,5,7,4,-0.01982763409614563,0.01982763409614563
step_000100,5,7,5,0.0015048980712890625,0.0015048980712890625
step_000100,5,7,6,-0.008850961923599243,0.008850961923599243
step_000100,5,7,7,-0.09543883800506592,0.09543883800506592
step_000100,5,7,8,-0.06329011917114258,0.06329011917114258
step_000100,5,7,9,0.07823586463928223,0.07823586463928223
step_000100,5,7,10,0.025591522455215454,0.025591522455215454
step_000100,5,7,11,0.006248593330383301,0.006248593330383301
step_000100,5,8,0,0.003916993737220764,0.003916993737220764
step_000100,5,8,1,-0.026883363723754883,0.026883363723754883
step_000100,5,8,2,-0.011019587516784668,0.011019587516784668
step_000100,5,8,3,-0.02370905876159668,0.02370905876159668
step_000100,5,8,4,-0.14968791604042053,0.14968791604042053
step_000100,5,8,5,0.003637939691543579,0.003637939691543579
step_000100,5,8,6,0.09133484959602356,0.09133484959602356
step_000100,5,8,7,0.03888297080993652,0.03888297080993652
step_000100,5,8,8,-0.22646117210388184,0.22646117210388184
step_000100,5,8,9,0.09626579284667969,0.09626579284667969
step_000100,5,8,10,0.1252393126487732,0.1252393126487732
step_000100,5,8,11,0.0061570703983306885,0.0061570703983306885
step_000100,5,9,0,0.0675874650478363,0.0675874650478363
step_000100,5,9,1,0.005965828895568848,0.005965828895568848
step_000100,5,9,2,-0.01802539825439453,0.01802539825439453
step_000100,5,9,3,-0.0077980756759643555,0.0077980756759643555
step_000100,5,9,4,-0.12474027276039124,0.12474027276039124
step_000100,5,9,5,0.005582854151725769,0.005582854151725769
step_000100,5,9,6,0.07772114872932434,0.07772114872932434
step_000100,5,9,7,0.0712747573852539,0.0712747573852539
step_000100,5,9,8,-0.2279118299484253,0.2279118299484253
step_000100,5,9,9,0.07428181171417236,0.07428181171417236
step_000100,5,9,10,0.12179654836654663,0.12179654836654663
step_000100,5,9,11,0.023681461811065674,0.023681461811065674
step_000100,5,10,0,0.0837397426366806,0.0837397426366806
step_000100,5,10,1,-0.050859928131103516,0.050859928131103516
step_000100,5,10,2,0.032119035720825195,0.032119035720825195
step_000100,5,10,3,-0.0023729801177978516,0.0023729801177978516
step_000100,5,10,4,-0.08385252952575684,0.08385252952575684
step_000100,5,10,5,0.004085063934326172,0.004085063934326172
step_000100,5,10,6,0.04524073004722595,0.04524073004722595
step_000100,5,10,7,0.027977824211120605,0.027977824211120605
step_000100,5,10,8,-0.1920468807220459,0.1920468807220459
step_000100,5,10,9,0.09753918647766113,0.09753918647766113
step_000100,5,10,10,0.0931345522403717,0.0931345522403717
step_000100,5,10,11,0.007392510771751404,0.007392510771751404
step_000100,10,1,0,0.0012463033199310303,0.0012463033199310303
step_000100,10,1,1,-0.023827075958251953,0.023827075958251953
step_000100,10,1,2,0.028612613677978516,0.028612613677978516
step_000100,10,1,3,0.022169828414916992,0.022169828414916992
step_000100,10,1,4,-0.06423217058181763,0.06423217058181763
step_000100,10,1,5,0.0032283663749694824,0.0032283663749694824
step_000100,10,1,6,0.028704524040222168,0.028704524040222168
step_000100,10,1,7,0.008895397186279297,0.008895397186279297
step_000100,10,1,8,-0.1251671314239502,0.1251671314239502
step_000100,10,1,9,0.01625347137451172,0.01625347137451172
step_000100,10,1,10,-0.0474114716053009,0.0474114716053009
step_000100,10,1,11,0.011216402053833008,0.011216402053833008
step_000100,10,2,0,-0.044940292835235596,0.044940292835235596
step_000100,10,2,1,-0.011992931365966797,0.011992931365966797
step_000100,10,2,2,0.028416872024536133,0.028416872024536133
step_000100,10,2,3,0.0034252405166625977,0.0034252405166625977
step_000100,10,2,4,-0.03915157914161682,0.03915157914161682
step_000100,10,2,5,0.006665810942649841,0.006665810942649841
step_000100,10,2,6,0.009672850370407104,0.009672850370407104
step_000100,10,2,7,0.006395697593688965,0.006395697593688965
step_000100,10,2,8,-0.06404614448547363,0.06404614448547363
step_000100,10,2,9,-0.010721802711486816,0.010721802711486816
step_000100,10,2,10,-0.02344447374343872,0.02344447374343872
step_000100,10,2,11,0.0005507469177246094,0.0005507469177246094
step_000100,10,3,0,-0.052925169467926025,0.052925169467926025
step_000100,10,3,1,-0.031556129455566406,0.031556129455566406
step_000100,10,3,2,0.0022673606872558594,0.0022673606872558594
step_000100,10,3,3,0.013048410415649414,0.013048410415649414
step_000100,10,3,4,-0.14369812607765198,0.14369812607765198
step_000100,10,3,5,0.004406556487083435,0.004406556487083435
step_000100,10,3,6,-0.0074121952056884766,0.0074121952056884766
step_000100,10,3,7,-0.10781335830688477,0.10781335830688477
step_000100,10,3,8,-0.07547855377197266,0.07547855377197266
step_000100,10,3,9,0.0685734748840332,0.0685734748840332
step_000100,10,3,10,0.016569823026657104,0.016569823026657104
step_000100,10,3,11,0.0007783174514770508,0.0007783174514770508
step_000100,10,4,0,-0.04918944835662842,0.04918944835662842
step_000100,10,4,1,0.1074373722076416,0.1074373722076416
step_000100,10,4,2,-0.06677865982055664,0.06677865982055664
step_000100,10,4,3,-0.00047409534454345703,0.00047409534454345703
step_000100,10,4,4,-0.1975717842578888,0.1975717842578888
step_000100,10,4,5,0.33507372438907623,0.33507372438907623
step_000100,10,4,6,0.029122769832611084,0.029122769832611084
step_000100,10,4,7,-0.09424412250518799,0.09424412250518799
step_000100,10,4,8,-0.07365274429321289,0.07365274429321289
step_000100,10,4,9,0.06382632255554199,0.06382632255554199
step_000100,10,4,10,0.02463686466217041,0.02463686466217041
step_000100,10,4,11,0.009572207927703857,0.009572207927703857
step_000100,10,5,0,-0.06375941634178162,0.06375941634178162
step_000100,10,5,1,0.03593730926513672,0.03593730926513672
step_000100,10,5,2,-0.0056226253509521484,0.0056226253509521484
step_000100,10,5,3,0.02122342586517334,0.02122342586517334
step_000100,10,5,4,-0.1620292067527771,0.1620292067527771
step_000100,10,5,5,0.05457180738449097,0.05457180738449097
step_000100,10,5,6,0.03355929255485535,0.03355929255485535
step_000100,10,5,7,-0.0643700361251831,0.0643700361251831
step_000100,10,5,8,-0.055737972259521484,0.055737972259521484
step_000100,10,5,9,0.06493139266967773,0.06493139266967773
step_000100,10,5,10,0.015310198068618774,0.015310198068618774
step_000100,10,5,11,0.004316419363021851,0.004316419363021851
step_000100,10,6,0,-0.03421187400817871,0.03421187400817871
step_000100,10,6,1,-0.004502773284912109,0.004502773284912109
step_000100,10,6,2,0.016207337379455566,0.016207337379455566
step_000100,10,6,3,0.013927102088928223,0.013927102088928223
step_000100,10,6,4,-0.08798140287399292,0.08798140287399292
step_000100,10,6,5,0.023620814085006714,0.023620814085006714
step_000100,10,6,6,0.022489219903945923,0.022489219903945923
step_000100,10,6,7,-0.0030924081802368164,0.0030924081802368164
step_000100,10,6,8,-0.10904693603515625,0.10904693603515625
step_000100,10,6,9,0.08965504169464111,0.08965504169464111
step_000100,10,6,10,0.016009211540222168,0.016009211540222168
step_000100,10,6,11,0.0028664618730545044,0.0028664618730545044
step_000100,10,7,0,-0.036979928612709045,0.036979928612709045
step_000100,10,7,1,-0.01347506046295166,0.01347506046295166
step_000100,10,7,2,0.03278934955596924,0.03278934955596924
step_000100,10,7,3,-0.008297562599182129,0.008297562599182129
step_000100,10,7,4,-0.12958121299743652,0.12958121299743652
step_000100,10,7,5,0.024410396814346313,0.024410396814346313
step_000100,10,7,6,0.018273979425430298,0.018273979425430298
step_000100,10,7,7,-0.06888937950134277,0.06888937950134277
step_000100,10,7,8,-0.13081598281860352,0.13081598281860352
step_000100,10,7,9,0.11918020248413086,0.11918020248413086
step_000100,10,7,10,0.03996288776397705,0.03996288776397705
step_000100,10,7,11,0.0037829726934432983,0.0037829726934432983
step_000100,10,8,0,-0.15750256180763245,0.15750256180763245
step_000100,10,8,1,0.23103010654449463,0.23103010654449463
step_000100,10,8,2,-0.11549663543701172,0.11549663543701172
step_000100,10,8,3,-0.0175856351852417,0.0175856351852417
step_000100,10,8,4,-0.4281614124774933,0.4281614124774933
step_000100,10,8,5,0.39941467344760895,0.39941467344760895
step_000100,10,8,6,0.0767504870891571,0.0767504870891571
step_000100,10,8,7,0.028995871543884277,0.028995871543884277
step_000100,10,8,8,-0.20154106616973877,0.20154106616973877
step_000100,10,8,9,0.2252897024154663,0.2252897024154663
step_000100,10,8,10,0.05592191219329834,0.05592191219329834
step_000100,10,8,11,0.01441211998462677,0.01441211998462677
step_000100,10,9,0,-0.031399041414260864,0.031399041414260864
step_000100,10,9,1,0.3549981117248535,0.3549981117248535
step_000100,10,9,2,-0.2004990577697754,0.2004990577697754
step_000100,10,9,3,-0.017044425010681152,0.017044425010681152
step_000100,10,9,4,-0.3913866877555847,0.3913866877555847
step_000100,10,9,5,0.4997381269931793,0.4997381269931793
step_000100,10,9,6,0.06152883172035217,0.06152883172035217
step_000100,10,9,7,0.08741879463195801,0.08741879463195801
step_000100,10,9,8,-0.20049774646759033,0.20049774646759033
step_000100,10,9,9,0.09210455417633057,0.09210455417633057
step_000100,10,9,10,0.07197883725166321,0.07197883725166321
step_000100,10,9,11,0.02517084777355194,0.02517084777355194
step_000100,10,10,0,0.013034895062446594,0.013034895062446594
step_000100,10,10,1,0.1801588535308838,0.1801588535308838
step_000100,10,10,2,-0.15328514575958252,0.15328514575958252
step_000100,10,10,3,0.005003929138183594,0.005003929138183594
step_000100,10,10,4,-0.2924846112728119,0.2924846112728119
step_000100,10,10,5,0.316543385386467,0.316543385386467
step_000100,10,10,6,-0.0013592839241027832,0.0013592839241027832
step_000100,10,10,7,0.04874563217163086,0.04874563217163086
step_000100,10,10,8,-0.17206764221191406,0.17206764221191406
step_000100,10,10,9,0.10765576362609863,0.10765576362609863
step_000100,10,10,10,0.019777387380599976,0.019777387380599976
step_000100,10,10,11,-0.0017419606447219849,0.0017419606447219849
step_000125,5,1,0,0.11404962837696075,0.11404962837696075
step_000125,5,1,1,-0.04402625560760498,0.04402625560760498
step_000125,5,1,2,-0.0033380985260009766,0.0033380985260009766
step_000125,5,1,3,-0.020470857620239258,0.020470857620239258
step_000125,5,1,4,-0.03954455256462097,0.03954455256462097
step_000125,5,1,5,-0.0037273168563842773,0.0037273168563842773
step_000125,5,1,6,0.04391133785247803,0.04391133785247803
step_000125,5,1,7,-0.0583188533782959,0.0583188533782959
step_000125,5,1,8,-0.10044717788696289,0.10044717788696289
step_000125,5,1,9,-0.03031754493713379,0.03031754493713379
step_000125,5,1,10,-0.057747602462768555,0.057747602462768555
step_000125,5,1,11,0.005056694149971008,0.005056694149971008
step_000125,5,2,0,0.06576117873191833,0.06576117873191833
step_000125,5,2,1,-0.027132034301757812,0.027132034301757812
step_000125,5,2,2,0.0249483585357666,0.0249483585357666
step_000125,5,2,3,-0.010254740715026855,0.010254740715026855
step_000125,5,2,4,0.024860769510269165,0.024860769510269165
step_000125,5,2,5,-0.0030158311128616333,0.0030158311128616333
step_000125,5,2,6,0.0014721602201461792,0.0014721602201461792
step_000125,5,2,7,0.007050991058349609,0.007050991058349609
step_000125,5,2,8,-0.04620099067687988,0.04620099067687988
step_000125,5,2,9,-0.046251535415649414,0.046251535415649414
step_000125,5,2,10,-0.03618766367435455,0.03618766367435455
step_000125,5,2,11,-0.001405969262123108,0.001405969262123108
step_000125,5,3,0,0.10674498975276947,0.10674498975276947
step_000125,5,3,1,-0.07285618782043457,0.07285618782043457
step_000125,5,3,2,0.018735051155090332,0.018735051155090332
step_000125,5,3,3,0.010513782501220703,0.010513782501220703
step_000125,5,3,4,0.039425164461135864,0.039425164461135864
step_000125,5,3,5,-0.0038410574197769165,0.0038410574197769165
step_000125,5,3,6,-0.060260772705078125,0.060260772705078125
step_000125,5,3,7,-0.13552558422088623,0.13552558422088623
step_000125,5,3,8,-0.009414315223693848,0.009414315223693848
step_000125,5,3,9,0.022273898124694824,0.022273898124694824
step_000125,5,3,10,-0.045907020568847656,0.045907020568847656
step_000125,5,3,11,-0.0048653483390808105,0.0048653483390808105
step_000125,5,4,0,0.07123325765132904,0.07123325765132904
step_000125,5,4,1,-0.07471680641174316,0.07471680641174316
step_000125,5,4,2,0.05170559883117676,0.05170559883117676
step_000125,5,4,3,-0.006579041481018066,0.006579041481018066
step_000125,5,4,4,0.026566237211227417,0.026566237211227417
step_000125,5,4,5,-0.00271037220954895,0.00271037220954895
step_000125,5,4,6,-0.04865428805351257,0.04865428805351257
step_000125,5,4,7,-0.11091578006744385,0.11091578006744385
step_000125,5,4,8,-0.011633634567260742,0.011633634567260742
step_000125,5,4,9,0.04239392280578613,0.04239392280578613
step_000125,5,4,10,-0.03043842315673828,0.03043842315673828
step_000125,5,4,11,0.0004795938730239868,0.0004795938730239868
step_000125,5,5,0,0.05609096586704254,0.05609096586704254
step_000125,5,5,1,-0.05180394649505615,0.05180394649505615
step_000125,5,5,2,0.03642404079437256,0.03642404079437256
step_000125,5,5,3,0.004790663719177246,0.004790663719177246
step_000125,5,5,4,0.009407907724380493,0.009407907724380493
step_000125,5,5,5,-0.003932923078536987,0.003932923078536987
step_000125,5,5,6,-0.030699700117111206,0.030699700117111206
step_000125,5,5,7,-0.08605563640594482,0.08605563640594482
step_000125,5,5,8,0.00016736984252929688,0.00016736984252929688
step_000125,5,5,9,0.03845870494842529,0.03845870494842529
step_000125,5,5,10,-0.015325099229812622,0.015325099229812622
step_000125,5,5,11,-0.008312448859214783,0.008312448859214783
step_000125,5,6,0,0.06426963210105896,0.06426963210105896
step_000125,5,6,1,-0.04717862606048584,0.04717862606048584
step_000125,5,6,2,0.05601787567138672,0.05601787567138672
step_000125,5,6,3,-0.008557319641113281,0.008557319641113281
step_000125,5,6,4,0.048460036516189575,0.048460036516189575
step_000125,5,6,5,-0.003656044602394104,0.003656044602394104
step_000125,5,6,6,-0.025974780321121216,0.025974780321121216
step_000125,5,6,7,-0.04590165615081787,0.04590165615081787
step_000125,5,6,8,-0.028533458709716797,0.028533458709716797
step_000125,5,6,9,0.04756665229797363,0.04756665229797363
step_000125,5,6,10,-0.013443410396575928,0.013443410396575928
step_000125,5,6,11,-0.00583513081073761,0.00583513081073761
step_000125,5,7,0,0.05975078046321869,0.05975078046321869
step_000125,5,7,1,-0.06332802772521973,0.06332802772521973
step_000125,5,7,2,0.05566763877868652,0.05566763877868652
step_000125,5,7,3,-0.010402917861938477,0.010402917861938477
step_000125,5,7,4,-0.00497812032699585,0.00497812032699585
step_000125,5,7,5,0.0011565536260604858,0.0011565536260604858
step_000125,5,7,6,-0.014209151268005371,0.014209151268005371
step_000125,5,7,7,-0.09646248817443848,0.09646248817443848
step_000125,5,7,8,-0.05387425422668457,0.05387425422668457
step_000125,5,7,9,0.07356953620910645,0.07356953620910645
step_000125,5,7,10,0.01107490062713623,0.01107490062713623
step_000125,5,7,11,0.0020773708820343018,0.0020773708820343018
step_000125,5,8,0,0.010465562343597412,0.010465562343597412
step_000125,5,8,1,-0.02674543857574463,0.02674543857574463
step_000125,5,8,2,0.0038739442825317383,0.0038739442825317383
step_000125,5,8,3,-0.023533344268798828,0.023533344268798828
step_000125,5,8,4,-0.1148587167263031,0.1148587167263031
step_000125,5,8,5,0.00272330641746521,0.00272330641746521
step_000125,5,8,6,0.08616238832473755,0.08616238832473755
step_000125,5,8,7,0.03851020336151123,0.03851020336151123
step_000125,5,8,8,-0.2234482765197754,0.2234482765197754
step_000125,5,8,9,0.09822714328765869,0.09822714328765869
step_000125,5,8,10,0.11000818014144897,0.11000818014144897
step_000125,5,8,11,0.003247663378715515,0.003247663378715515
step_000125,5,9,0,0.06654815375804901,0.06654815375804901
step_000125,5,9,1,-0.0005214214324951172,0.0005214214324951172
step_000125,5,9,2,0.0008982419967651367,0.0008982419967651367
step_000125,5,9,3,-0.008970022201538086,0.008970022201538086
step_000125,5,9,4,-0.0898299515247345,0.0898299515247345
step_000125,5,9,5,0.004890799522399902,0.004890799522399902
step_000125,5,9,6,0.07249611616134644,0.07249611616134644
step_000125,5,9,7,0.06624901294708252,0.06624901294708252
step_000125,5,9,8,-0.22198331356048584,0.22198331356048584
step_000125,5,9,9,0.07840251922607422,0.07840251922607422
step_000125,5,9,10,0.10630771517753601,0.10630771517753601
step_000125,5,9,11,0.024850621819496155,0.024850621819496155
step_000125,5,10,0,0.08246088027954102,0.08246088027954102
step_000125,5,10,1,-0.045801639556884766,0.045801639556884766
step_000125,5,10,2,0.04097151756286621,0.04097151756286621
step_000125,5,10,3,-0.004329800605773926,0.004329800605773926
step_000125,5,10,4,-0.058025062084198,0.058025062084198
step_000125,5,10,5,0.002903774380683899,0.002903774380683899
step_000125,5,10,6,0.03988263010978699,0.03988263010978699
step_000125,5,10,7,0.017968297004699707,0.017968297004699707
step_000125,5,10,8,-0.18173599243164062,0.18173599243164062
step_000125,5,10,9,0.09976685047149658,0.09976685047149658
step_000125,5,10,10,0.0788530707359314,0.0788530707359314
step_000125,5,10,11,0.0031773149967193604,0.0031773149967193604
step_000125,10,1,0,-0.0001901388168334961,0.0001901388168334961
step_000125,10,1,1,-0.014547586441040039,0.014547586441040039
step_000125,10,1,2,0.03878927230834961,0.03878927230834961
step_000125,10,1,3,0.010602355003356934,0.010602355003356934
step_000125,10,1,4,-0.054294705390930176,0.054294705390930176
step_000125,10,1,5,0.0025593042373657227,0.0025593042373657227
step_000125,10,1,6,0.02431449294090271,0.02431449294090271
step_000125,10,1,7,0.001652836799621582,0.001652836799621582
step_000125,10,1,8,-0.10004019737243652,0.10004019737243652
step_000125,10,1,9,0.0110243558883667,0.0110243558883667
step_000125,10,1,10,-0.04937434196472168,0.04937434196472168
step_000125,10,1,11,0.006730422377586365,0.006730422377586365
step_000125,10,2,0,-0.04350638389587402,0.04350638389587402
step_000125,10,2,1,0.001459956169128418,0.001459956169128418
step_000125,10,2,2,0.03612518310546875,0.03612518310546875
step_000125,10,2,3,-0.006921887397766113,0.006921887397766113
step_000125,10,2,4,-0.03068557381629944,0.03068557381629944
step_000125,10,2,5,0.005003973841667175,0.005003973841667175
step_000125,10,2,6,0.006691277027130127,0.006691277027130127
step_000125,10,2,7,0.004669785499572754,0.004669785499572754
step_000125,10,2,8,-0.04621386528015137,0.04621386528015137
step_000125,10,2,9,-0.01367807388305664,0.01367807388305664
step_000125,10,2,10,-0.025806665420532227,0.025806665420532227
step_000125,10,2,11,-0.002451077103614807,0.002451077103614807
step_000125,10,3,0,-0.05049699544906616,0.05049699544906616
step_000125,10,3,1,-0.024770021438598633,0.024770021438598633
step_000125,10,3,2,0.01484227180480957,0.01484227180480957
step_000125,10,3,3,0.003505110740661621,0.003505110740661621
step_000125,10,3,4,-0.1256246268749237,0.1256246268749237
step_000125,10,3,5,0.0037768036127090454,0.0037768036127090454
step_000125,10,3,6,-0.009898751974105835,0.009898751974105835
step_000125,10,3,7,-0.10655879974365234,0.10655879974365234
step_000125,10,3,8,-0.05654096603393555,0.05654096603393555
step_000125,10,3,9,0.05995595455169678,0.05995595455169678
step_000125,10,3,10,0.006865143775939941,0.006865143775939941
step_000125,10,3,11,-0.0029846131801605225,0.0029846131801605225
step_000125,10,4,0,-0.052187055349349976,0.052187055349349976
step_000125,10,4,1,0.08191215991973877,0.08191215991973877
step_000125,10,4,2,-0.04654955863952637,0.04654955863952637
step_000125,10,4,3,-0.0047675371170043945,0.0047675371170043945
step_000125,10,4,4,-0.17573043704032898,0.17573043704032898
step_000125,10,4,5,0.2696012556552887,0.2696012556552887
step_000125,10,4,6,0.023279964923858643,0.023279964923858643
step_000125,10,4,7,-0.10067355632781982,0.10067355632781982
step_000125,10,4,8,-0.04990410804748535,0.04990410804748535
step_000125,10,4,9,0.05617094039916992,0.05617094039916992
step_000125,10,4,10,0.015094369649887085,0.015094369649887085
step_000125,10,4,11,0.0059630125761032104,0.0059630125761032104
step_000125,10,5,0,-0.06367039680480957,0.06367039680480957
step_000125,10,5,1,0.024887442588806152,0.024887442588806152
step_000125,10,5,2,0.016319990158081055,0.016319990158081055
step_000125,10,5,3,0.011770963668823242,0.011770963668823242
step_000125,10,5,4,-0.1366645097732544,0.1366645097732544
step_000125,10,5,5,0.03747103363275528,0.03747103363275528
step_000125,10,5,6,0.02627044916152954,0.02627044916152954
step_000125,10,5,7,-0.06732726097106934,0.06732726097106934
step_000125,10,5,8,-0.03698098659515381,0.03698098659515381
step_000125,10,5,9,0.05984950065612793,0.05984950065612793
step_000125,10,5,10,0.004144072532653809,0.004144072532653809
step_000125,10,5,11,-0.00028361380100250244,0.00028361380100250244
step_000125,10,6,0,-0.03782585263252258,0.03782585263252258
step_000125,10,6,1,-0.00041961669921875,0.00041961669921875
step_000125,10,6,2,0.02641117572784424,0.02641117572784424
step_000125,10,6,3,0.0057228803634643555,0.0057228803634643555
step_000125,10,6,4,-0.0777098536491394,0.0777098536491394
step_000125,10,6,5,0.02139344811439514,0.02139344811439514
step_000125,10,6,6,0.01856464147567749,0.01856464147567749
step_000125,10,6,7,-0.016542434692382812,0.016542434692382812
step_000125,10,6,8,-0.08366274833679199,0.08366274833679199
step_000125,10,6,9,0.08131575584411621,0.08131575584411621
step_000125,10,6,10,0.004999816417694092,0.004999816417694092
step_000125,10,6,11,-0.002087727189064026,0.002087727189064026
step_000125,10,7,0,-0.0395878404378891,0.0395878404378891
step_000125,10,7,1,-0.007042050361633301,0.007042050361633301
step_000125,10,7,2,0.0392146110534668,0.0392146110534668
step_000125,10,7,3,-0.012771010398864746,0.012771010398864746
step_000125,10,7,4,-0.11473232507705688,0.11473232507705688
step_000125,10,7,5,0.021895036101341248,0.021895036101341248
step_000125,10,7,6,0.01600271463394165,0.01600271463394165
step_000125,10,7,7,-0.07579445838928223,0.07579445838928223
step_000125,10,7,8,-0.10580563545227051,0.10580563545227051
step_000125,10,7,9,0.10912728309631348,0.10912728309631348
step_000125,10,7,10,0.027945667505264282,0.027945667505264282
step_000125,10,7,11,-0.0015573352575302124,0.0015573352575302124
step_000125,10,8,0,-0.16146469116210938,0.16146469116210938
step_000125,10,8,1,0.21169960498809814,0.21169960498809814
step_000125,10,8,2,-0.10653471946716309,0.10653471946716309
step_000125,10,8,3,-0.017227649688720703,0.017227649688720703
step_000125,10,8,4,-0.40756478905677795,0.40756478905677795
step_000125,10,8,5,0.3551081120967865,0.3551081120967865
step_000125,10,8,6,0.072702556848526,0.072702556848526
step_000125,10,8,7,0.009839892387390137,0.009839892387390137
step_000125,10,8,8,-0.18000364303588867,0.18000364303588867
step_000125,10,8,9,0.21946442127227783,0.21946442127227783
step_000125,10,8,10,0.042776405811309814,0.042776405811309814
step_000125,10,8,11,0.00826406478881836,0.00826406478881836
step_000125,10,9,0,-0.037381380796432495,0.037381380796432495
step_000125,10,9,1,0.3370633125305176,0.3370633125305176
step_000125,10,9,2,-0.1923351287841797,0.1923351287841797
step_000125,10,9,3,-0.01625537872314453,0.01625537872314453
step_000125,10,9,4,-0.37316232919692993,0.37316232919692993
step_000125,10,9,5,0.475597620010376,0.475597620010376
step_000125,10,9,6,0.06072762608528137,0.06072762608528137
step_000125,10,9,7,0.06889021396636963,0.06889021396636963
step_000125,10,9,8,-0.1820453405380249,0.1820453405380249
step_000125,10,9,9,0.0875861644744873,0.0875861644744873
step_000125,10,9,10,0.05852934718132019,0.05852934718132019
step_000125,10,9,11,0.01867610216140747,0.01867610216140747
step_000125,10,10,0,0.003312736749649048,0.003312736749649048
step_000125,10,10,1,0.14032840728759766,0.14032840728759766
step_000125,10,10,2,-0.12741446495056152,0.12741446495056152
step_000125,10,10,3,0.0040149688720703125,0.0040149688720703125
step_000125,10,10,4,-0.2633145749568939,0.2633145749568939
step_000125,10,10,5,0.26017918437719345,0.26017918437719345
step_000125,10,10,6,-0.0025621354579925537,0.0025621354579925537
step_000125,10,10,7,0.028207778930664062,0.028207778930664062
step_000125,10,10,8,-0.14473438262939453,0.14473438262939453
step_000125,10,10,9,0.1024709939956665,0.1024709939956665
step_000125,10,10,10,0.005257308483123779,0.005257308483123779
step_000125,10,10,11,-0.00536423921585083,0.00536423921585083
step_000150,5,1,0,0.11435310542583466,0.11435310542583466
step_000150,5,1,1,-0.053200364112854004,0.053200364112854004
step_000150,5,1,2,8.106231689453125e-06,8.106231689453125e-06
step_000150,5,1,3,-0.013539433479309082,0.013539433479309082
step_000150,5,1,4,-0.044465452432632446,0.044465452432632446
step_000150,5,1,5,-0.00286276638507843,0.00286276638507843
step_000150,5,1,6,0.03485313057899475,0.03485313057899475
step_000150,5,1,7,-0.05602872371673584,0.05602872371673584
step_000150,5,1,8,-0.08702445030212402,0.08702445030212402
step_000150,5,1,9,-0.037356019020080566,0.037356019020080566
step_000150,5,1,10,-0.06526033580303192,0.06526033580303192
step_000150,5,1,11,0.003918126225471497,0.003918126225471497
step_000150,5,2,0,0.06657108664512634,0.06657108664512634
step_000150,5,2,1,-0.03325986862182617,0.03325986862182617
step_000150,5,2,2,0.023635268211364746,0.023635268211364746
step_000150,5,2,3,-0.005109429359436035,0.005109429359436035
step_000150,5,2,4,0.019329220056533813,0.019329220056533813
step_000150,5,2,5,-0.002677023410797119,0.002677023410797119
step_000150,5,2,6,-0.005562111735343933,0.005562111735343933
step_000150,5,2,7,0.010140180587768555,0.010140180587768555
step_000150,5,2,8,-0.037224531173706055,0.037224531173706055
step_000150,5,2,9,-0.05252349376678467,0.05252349376678467
step_000150,5,2,10,-0.04478678107261658,0.04478678107261658
step_000150,5,2,11,-0.0026327967643737793,0.0026327967643737793
step_000150,5,3,0,0.10607625544071198,0.10607625544071198
step_000150,5,3,1,-0.07619905471801758,0.07619905471801758
step_000150,5,3,2,0.01964747905731201,0.01964747905731201
step_000150,5,3,3,0.016312479972839355,0.016312479972839355
step_000150,5,3,4,0.0383070707321167,0.0383070707321167
step_000150,5,3,5,-0.003548040986061096,0.003548040986061096
step_000150,5,3,6,-0.06642487645149231,0.06642487645149231
step_000150,5,3,7,-0.12359452247619629,0.12359452247619629
step_000150,5,3,8,-0.0006424188613891602,0.0006424188613891602
step_000150,5,3,9,0.012541890144348145,0.012541890144348145
step_000150,5,3,10,-0.05864645540714264,0.05864645540714264
step_000150,5,3,11,-0.005918234586715698,0.005918234586715698
step_000150,5,4,0,0.06974287331104279,0.06974287331104279
step_000150,5,4,1,-0.0801548957824707,0.0801548957824707
step_000150,5,4,2,0.04969942569732666,0.04969942569732666
step_000150,5,4,3,-0.0003758668899536133,0.0003758668899536133
step_000150,5,4,4,0.0239906907081604,0.0239906907081604
step_000150,5,4,5,-0.002605155110359192,0.002605155110359192
step_000150,5,4,6,-0.05489620566368103,0.05489620566368103
step_000150,5,4,7,-0.10456085205078125,0.10456085205078125
step_000150,5,4,8,-0.0040198564529418945,0.0040198564529418945
step_000150,5,4,9,0.03245747089385986,0.03245747089385986
step_000150,5,4,10,-0.04403424263000488,0.04403424263000488
step_000150,5,4,11,-0.00014281272888183594,0.00014281272888183594
step_000150,5,5,0,0.0545976459980011,0.0545976459980011
step_000150,5,5,1,-0.058025479316711426,0.058025479316711426
step_000150,5,5,2,0.035535335540771484,0.035535335540771484
step_000150,5,5,3,0.010061979293823242,0.010061979293823242
step_000150,5,5,4,0.005629837512969971,0.005629837512969971
step_000150,5,5,5,-0.003184869885444641,0.003184869885444641
step_000150,5,5,6,-0.03780162334442139,0.03780162334442139
step_000150,5,5,7,-0.0819704532623291,0.0819704532623291
step_000150,5,5,8,0.004587650299072266,0.004587650299072266
step_000150,5,5,9,0.028395414352416992,0.028395414352416992
step_000150,5,5,10,-0.03147229552268982,0.03147229552268982
step_000150,5,5,11,-0.009228959679603577,0.009228959679603577
step_000150,5,6,0,0.06089603900909424,0.06089603900909424
step_000150,5,6,1,-0.048374176025390625,0.048374176025390625
step_000150,5,6,2,0.051873207092285156,0.051873207092285156
step_000150,5,6,3,-0.002985358238220215,0.002985358238220215
step_000150,5,6,4,0.04293626546859741,0.04293626546859741
step_000150,5,6,5,-0.003314971923828125,0.003314971923828125
step_000150,5,6,6,-0.03293246030807495,0.03293246030807495
step_000150,5,6,7,-0.045482635498046875,0.045482635498046875
step_000150,5,6,8,-0.018336057662963867,0.018336057662963867
step_000150,5,6,9,0.035915493965148926,0.035915493965148926
step_000150,5,6,10,-0.02919641137123108,0.02919641137123108
step_000150,5,6,11,-0.006214648485183716,0.006214648485183716
step_000150,5,7,0,0.05760735273361206,0.05760735273361206
step_000150,5,7,1,-0.06409358978271484,0.06409358978271484
step_000150,5,7,2,0.053253769874572754,0.053253769874572754
step_000150,5,7,3,-0.004184722900390625,0.004184722900390625
step_000150,5,7,4,-0.006565093994140625,0.006565093994140625
step_000150,5,7,5,0.001228630542755127,0.001228630542755127
step_000150,5,7,6,-0.02130541205406189,0.02130541205406189
step_000150,5,7,7,-0.09297335147857666,0.09297335147857666
step_000150,5,7,8,-0.04087996482849121,0.04087996482849121
step_000150,5,7,9,0.059130311012268066,0.059130311012268066
step_000150,5,7,10,-0.009134411811828613,0.009134411811828613
step_000150,5,7,11,-0.0004221498966217041,0.0004221498966217041
step_000150,5,8,0,0.009703457355499268,0.009703457355499268
step_000150,5,8,1,-0.039290428161621094,0.039290428161621094
step_000150,5,8,2,0.009804725646972656,0.009804725646972656
step_000150,5,8,3,-0.01725006103515625,0.01725006103515625
step_000150,5,8,4,-0.10651198029518127,0.10651198029518127
step_000150,5,8,5,0.0025776922702789307,0.0025776922702789307
step_000150,5,8,6,0.06598269939422607,0.06598269939422607
step_000150,5,8,7,0.008528947830200195,0.008528947830200195
step_000150,5,8,8,-0.18168485164642334,0.18168485164642334
step_000150,5,8,9,0.07993018627166748,0.07993018627166748
step_000150,5,8,10,0.07409340143203735,0.07409340143203735
step_000150,5,8,11,0.0007580667734146118,0.0007580667734146118
step_000150,5,9,0,0.05922733247280121,0.05922733247280121
step_000150,5,9,1,-0.01696312427520752,0.01696312427520752
step_000150,5,9,2,0.010974884033203125,0.010974884033203125
step_000150,5,9,3,-0.0032542943954467773,0.0032542943954467773
step_000150,5,9,4,-0.07912126183509827,0.07912126183509827
step_000150,5,9,5,0.005009293556213379,0.005009293556213379
step_000150,5,9,6,0.05409860610961914,0.05409860610961914
step_000150,5,9,7,0.01992487907409668,0.01992487907409668
step_000150,5,9,8,-0.16857147216796875,0.16857147216796875
step_000150,5,9,9,0.06059110164642334,0.06059110164642334
step_000150,5,9,10,0.06563511490821838,0.06563511490821838
step_000150,5,9,11,0.010164663195610046,0.010164663195610046
step_000150,5,10,0,0.07286630570888519,0.07286630570888519
step_000150,5,10,1,-0.051468729972839355,0.051468729972839355
step_000150,5,10,2,0.04187130928039551,0.04187130928039551
step_000150,5,10,3,0.0010519027709960938,0.0010519027709960938
step_000150,5,10,4,-0.054910629987716675,0.054910629987716675
step_000150,5,10,5,0.0019178986549377441,0.0019178986549377441
step_000150,5,10,6,0.02409103512763977,0.02409103512763977
step_000150,5,10,7,-0.01221323013305664,0.01221323013305664
step_000150,5,10,8,-0.13427937030792236,0.13427937030792236
step_000150,5,10,9,0.08162331581115723,0.08162331581115723
step_000150,5,10,10,0.041762858629226685,0.041762858629226685
step_000150,5,10,11,0.00034712255001068115,0.00034712255001068115
step_000150,10,1,0,-0.0021478235721588135,0.0021478235721588135
step_000150,10,1,1,-0.02243781089782715,0.02243781089782715
step_000150,10,1,2,0.0403064489364624,0.0403064489364624
step_000150,10,1,3,0.012588024139404297,0.012588024139404297
step_000150,10,1,4,-0.053465306758880615,0.053465306758880615
step_000150,10,1,5,0.003242120146751404,0.003242120146751404
step_000150,10,1,6,0.01793062686920166,0.01793062686920166
step_000150,10,1,7,2.6226043701171875e-05,2.6226043701171875e-05
step_000150,10,1,8,-0.07453083992004395,0.07453083992004395
step_000150,10,1,9,0.0004042387008666992,0.0004042387008666992
step_000150,10,1,10,-0.05165019631385803,0.05165019631385803
step_000150,10,1,11,0.00575178861618042,0.00575178861618042
step_000150,10,2,0,-0.043053627014160156,0.043053627014160156
step_000150,10,2,1,-0.0036635398864746094,0.0036635398864746094
step_000150,10,2,2,0.0333019495010376,0.0333019495010376
step_000150,10,2,3,-0.003845691680908203,0.003845691680908203
step_000150,10,2,4,-0.030242592096328735,0.030242592096328735
step_000150,10,2,5,0.004808768630027771,0.004808768630027771
step_000150,10,2,6,0.00240480899810791,0.00240480899810791
step_000150,10,2,7,0.0003744363784790039,0.0003744363784790039
step_000150,10,2,8,-0.026548147201538086,0.026548147201538086
step_000150,10,2,9,-0.02115464210510254,0.02115464210510254
step_000150,10,2,10,-0.0294131338596344,0.0294131338596344
step_000150,10,2,11,-0.002800852060317993,0.002800852060317993
step_000150,10,3,0,-0.0506746768951416,0.0506746768951416
step_000150,10,3,1,-0.033664703369140625,0.033664703369140625
step_000150,10,3,2,0.01990985870361328,0.01990985870361328
step_000150,10,3,3,0.0067969560623168945,0.0067969560623168945
step_000150,10,3,4,-0.11695370078086853,0.11695370078086853
step_000150,10,3,5,0.0035351216793060303,0.0035351216793060303
step_000150,10,3,6,-0.012047886848449707,0.012047886848449707
step_000150,10,3,7,-0.10489070415496826,0.10489070415496826
step_000150,10,3,8,-0.03315305709838867,0.03315305709838867
step_000150,10,3,9,0.04639863967895508,0.04639863967895508
step_000150,10,3,10,-0.0035969913005828857,0.0035969913005828857
step_000150,10,3,11,-0.0024353712797164917,0.0024353712797164917
step_000150,10,4,0,-0.053283751010894775,0.053283751010894775
step_000150,10,4,1,0.03996241092681885,0.03996241092681885
step_000150,10,4,2,-0.02976834774017334,0.02976834774017334
step_000150,10,4,3,0.000194549560546875,0.000194549560546875
step_000150,10,4,4,-0.1584775745868683,0.1584775745868683
step_000150,10,4,5,0.2017744481563568,0.2017744481563568
step_000150,10,4,6,0.016422957181930542,0.016422957181930542
step_000150,10,4,7,-0.10483288764953613,0.10483288764953613
step_000150,10,4,8,-0.0265960693359375,0.0265960693359375
step_000150,10,4,9,0.04442238807678223,0.04442238807678223
step_000150,10,4,10,0.004095643758773804,0.004095643758773804
step_000150,10,4,11,0.0045379698276519775,0.0045379698276519775
step_000150,10,5,0,-0.06222403049468994,0.06222403049468994
step_000150,10,5,1,0.002579808235168457,0.002579808235168457
step_000150,10,5,2,0.025217413902282715,0.025217413902282715
step_000150,10,5,3,0.01396644115447998,0.01396644115447998
step_000150,10,5,4,-0.12077450752258301,0.12077450752258301
step_000150,10,5,5,0.025512859225273132,0.025512859225273132
step_000150,10,5,6,0.01767677068710327,0.01767677068710327
step_000150,10,5,7,-0.06701099872589111,0.06701099872589111
step_000150,10,5,8,-0.023115873336791992,0.023115873336791992
step_000150,10,5,9,0.049288034439086914,0.049288034439086914
step_000150,10,5,10,-0.00684627890586853,0.00684627890586853
step_000150,10,5,11,-0.0008808672428131104,0.0008808672428131104
step_000150,10,6,0,-0.042763590812683105,0.042763590812683105
step_000150,10,6,1,-0.00684356689453125,0.00684356689453125
step_000150,10,6,2,0.02676403522491455,0.02676403522491455
step_000150,10,6,3,0.009019017219543457,0.009019017219543457
step_000150,10,6,4,-0.07420450448989868,0.07420450448989868
step_000150,10,6,5,0.01893654465675354,0.01893654465675354
step_000150,10,6,6,0.01445150375366211,0.01445150375366211
step_000150,10,6,7,-0.03879058361053467,0.03879058361053467
step_000150,10,6,8,-0.04393768310546875,0.04393768310546875
step_000150,10,6,9,0.06107914447784424,0.06107914447784424
step_000150,10,6,10,-0.006461024284362793,0.006461024284362793
step_000150,10,6,11,-0.002914324402809143,0.002914324402809143
step_000150,10,7,0,-0.04075463116168976,0.04075463116168976
step_000150,10,7,1,-0.011882781982421875,0.011882781982421875
step_000150,10,7,2,0.03654515743255615,0.03654515743255615
step_000150,10,7,3,-0.007399320602416992,0.007399320602416992
step_000150,10,7,4,-0.10544401407241821,0.10544401407241821
step_000150,10,7,5,0.02014783024787903,0.02014783024787903
step_000150,10,7,6,0.013554960489273071,0.013554960489273071
step_000150,10,7,7,-0.08814859390258789,0.08814859390258789
step_000150,10,7,8,-0.06479132175445557,0.06479132175445557
step_000150,10,7,9,0.08544766902923584,0.08544766902923584
step_000150,10,7,10,0.012803077697753906,0.012803077697753906
step_000150,10,7,11,-0.003664672374725342,0.003664672374725342
step_000150,10,8,0,-0.1642932891845703,0.1642932891845703
step_000150,10,8,1,0.181892991065979,0.181892991065979
step_000150,10,8,2,-0.09936296939849854,0.09936296939849854
step_000150,10,8,3,-0.01595771312713623,0.01595771312713623
step_000150,10,8,4,-0.39236482977867126,0.39236482977867126
step_000150,10,8,5,0.31522123515605927,0.31522123515605927
step_000150,10,8,6,0.06553098559379578,0.06553098559379578
step_000150,10,8,7,-0.02895677089691162,0.02895677089691162
step_000150,10,8,8,-0.1327054500579834,0.1327054500579834
step_000150,10,8,9,0.1961073875427246,0.1961073875427246
step_000150,10,8,10,0.020243942737579346,0.020243942737579346
step_000150,10,8,11,0.004049956798553467,0.004049956798553467
step_000150,10,9,0,-0.040109783411026,0.040109783411026
step_000150,10,9,1,0.30924487113952637,0.30924487113952637
step_000150,10,9,2,-0.184462308883667,0.184462308883667
step_000150,10,9,3,-0.018463730812072754,0.018463730812072754
step_000150,10,9,4,-0.35583943128585815,0.35583943128585815
step_000150,10,9,5,0.4490940570831299,0.4490940570831299
step_000150,10,9,6,0.05764210224151611,0.05764210224151611
step_000150,10,9,7,0.02842414379119873,0.02842414379119873
step_000150,10,9,8,-0.13264179229736328,0.13264179229736328
step_000150,10,9,9,0.06725561618804932,0.06725561618804932
step_000150,10,9,10,0.03618761897087097,0.03618761897087097
step_000150,10,9,11,0.010930731892585754,0.010930731892585754
step_000150,10,10,0,-0.0037408173084259033,0.0037408173084259033
step_000150,10,10,1,0.09491872787475586,0.09491872787475586
step_000150,10,10,2,-0.10233521461486816,0.10233521461486816
step_000150,10,10,3,0.003244757652282715,0.003244757652282715
step_000150,10,10,4,-0.23848071694374084,0.23848071694374084
step_000150,10,10,5,0.1994035430252552,0.1994035430252552
step_000150,10,10,6,-0.002217113971710205,0.002217113971710205
step_000150,10,10,7,-0.008093953132629395,0.008093953132629395
step_000150,10,10,8,-0.09189534187316895,0.09189534187316895
step_000150,10,10,9,0.08139276504516602,0.08139276504516602
step_000150,10,10,10,-0.0159359872341156,0.0159359872341156
step_000150,10,10,11,-0.0026305466890335083,0.0026305466890335083
step_000175,5,1,0,0.1129668653011322,0.1129668653011322
step_000175,5,1,1,-0.047881484031677246,0.047881484031677246
step_000175,5,1,2,-7.867813110351562e-06,7.867813110351562e-06
step_000175,5,1,3,-0.011664271354675293,0.011664271354675293
step_000175,5,1,4,-0.04628783464431763,0.04628783464431763
step_000175,5,1,5,-0.0037790238857269287,0.0037790238857269287
step_000175,5,1,6,0.027025610208511353,0.027025610208511353
step_000175,5,1,7,-0.04796004295349121,0.04796004295349121
step_000175,5,1,8,-0.0815885066986084,0.0815885066986084
step_000175,5,1,9,-0.04060828685760498,0.04060828685760498
step_000175,5,1,10,-0.06013515591621399,0.06013515591621399
step_000175,5,1,11,0.0011049658060073853,0.0011049658060073853
step_000175,5,2,0,0.06485074758529663,0.06485074758529663
step_000175,5,2,1,-0.02842426300048828,0.02842426300048828
step_000175,5,2,2,0.026166915893554688,0.026166915893554688
step_000175,5,2,3,-0.0040094852447509766,0.0040094852447509766
step_000175,5,2,4,0.0167657732963562,0.0167657732963562
step_000175,5,2,5,-0.003419637680053711,0.003419637680053711
step_000175,5,2,6,-0.01215989887714386,0.01215989887714386
step_000175,5,2,7,0.01864945888519287,0.01864945888519287
step_000175,5,2,8,-0.03680539131164551,0.03680539131164551
step_000175,5,2,9,-0.054529786109924316,0.054529786109924316
step_000175,5,2,10,-0.041843533515930176,0.041843533515930176
step_000175,5,2,11,-0.005398154258728027,0.005398154258728027
step_000175,5,3,0,0.10465705394744873,0.10465705394744873
step_000175,5,3,1,-0.07256531715393066,0.07256531715393066
step_000175,5,3,2,0.018779397010803223,0.018779397010803223
step_000175,5,3,3,0.017324090003967285,0.017324090003967285
step_000175,5,3,4,0.03791242837905884,0.03791242837905884
step_000175,5,3,5,-0.0047212690114974976,0.0047212690114974976
step_000175,5,3,6,-0.0705903172492981,0.0705903172492981
step_000175,5,3,7,-0.11388158798217773,0.11388158798217773
step_000175,5,3,8,-0.0024596452713012695,0.0024596452713012695
step_000175,5,3,9,0.006467580795288086,0.006467580795288086
step_000175,5,3,10,-0.05902323126792908,0.05902323126792908
step_000175,5,3,11,-0.007273748517036438,0.007273748517036438
step_000175,5,4,0,0.06859594583511353,0.06859594583511353
step_000175,5,4,1,-0.07539975643157959,0.07539975643157959
step_000175,5,4,2,0.050148963928222656,0.050148963928222656
step_000175,5,4,3,0.0007783174514770508,0.0007783174514770508
step_000175,5,4,4,0.025294363498687744,0.025294363498687744
step_000175,5,4,5,-0.0031551867723464966,0.0031551867723464966
step_000175,5,4,6,-0.059845536947250366,0.059845536947250366
step_000175,5,4,7,-0.09241831302642822,0.09241831302642822
step_000175,5,4,8,-0.0046536922454833984,0.0046536922454833984
step_000175,5,4,9,0.026140451431274414,0.026140451431274414
step_000175,5,4,10,-0.0455663800239563,0.0455663800239563
step_000175,5,4,11,-0.0013980865478515625,0.0013980865478515625
step_000175,5,5,0,0.05237129330635071,0.05237129330635071
step_000175,5,5,1,-0.05357527732849121,0.05357527732849121
step_000175,5,5,2,0.03409004211425781,0.03409004211425781
step_000175,5,5,3,0.012401103973388672,0.012401103973388672
step_000175,5,5,4,0.004995107650756836,0.004995107650756836
step_000175,5,5,5,-0.005117133259773254,0.005117133259773254
step_000175,5,5,6,-0.04327470064163208,0.04327470064163208
step_000175,5,5,7,-0.07306277751922607,0.07306277751922607
step_000175,5,5,8,0.00521540641784668,0.00521540641784668
step_000175,5,5,9,0.021564960479736328,0.021564960479736328
step_000175,5,5,10,-0.03369486331939697,0.03369486331939697
step_000175,5,5,11,-0.011369585990905762,0.011369585990905762
step_000175,5,6,0,0.05927953124046326,0.05927953124046326
step_000175,5,6,1,-0.04707968235015869,0.04707968235015869
step_000175,5,6,2,0.0521855354309082,0.0521855354309082
step_000175,5,6,3,-0.0018154382705688477,0.0018154382705688477
step_000175,5,6,4,0.04246237874031067,0.04246237874031067
step_000175,5,6,5,-0.0037806034088134766,0.0037806034088134766
step_000175,5,6,6,-0.03972363471984863,0.03972363471984863
step_000175,5,6,7,-0.03698313236236572,0.03698313236236572
step_000175,5,6,8,-0.020076751708984375,0.020076751708984375
step_000175,5,6,9,0.03011453151702881,0.03011453151702881
step_000175,5,6,10,-0.03128442168235779,0.03128442168235779
step_000175,5,6,11,-0.008388951420783997,0.008388951420783997
step_000175,5,7,0,0.054407939314842224,0.054407939314842224
step_000175,5,7,1,-0.06264019012451172,0.06264019012451172
step_000175,5,7,2,0.0531541109085083,0.0531541109085083
step_000175,5,7,3,-0.002543807029724121,0.002543807029724121
step_000175,5,7,4,-0.005548715591430664,0.005548715591430664
step_000175,5,7,5,0.0007168501615524292,0.0007168501615524292
step_000175,5,7,6,-0.03100314736366272,0.03100314736366272
step_000175,5,7,7,-0.08577752113342285,0.08577752113342285
step_000175,5,7,8,-0.04032444953918457,0.04032444953918457
step_000175,5,7,9,0.04962790012359619,0.04962790012359619
step_000175,5,7,10,-0.014132916927337646,0.014132916927337646
step_000175,5,7,11,-0.0035290420055389404,0.0035290420055389404
step_000175,5,8,0,0.011222735047340393,0.011222735047340393
step_000175,5,8,1,-0.042360782623291016,0.042360782623291016
step_000175,5,8,2,0.02089977264404297,0.02089977264404297
step_000175,5,8,3,-0.01137077808380127,0.01137077808380127
step_000175,5,8,4,-0.09010663628578186,0.09010663628578186
step_000175,5,8,5,0.0014801621437072754,0.0014801621437072754
step_000175,5,8,6,0.04304230213165283,0.04304230213165283
step_000175,5,8,7,-0.006520390510559082,0.006520390510559082
step_000175,5,8,8,-0.15142154693603516,0.15142154693603516
step_000175,5,8,9,0.06831443309783936,0.06831443309783936
step_000175,5,8,10,0.054270654916763306,0.054270654916763306
step_000175,5,8,11,-0.0019366741180419922,0.0019366741180419922
step_000175,5,9,0,0.054984480142593384,0.054984480142593384
step_000175,5,9,1,-0.02267277240753174,0.02267277240753174
step_000175,5,9,2,0.0232163667678833,0.0232163667678833
step_000175,5,9,3,0.0006837844848632812,0.0006837844848632812
step_000175,5,9,4,-0.06304177641868591,0.06304177641868591
step_000175,5,9,5,0.003745153546333313,0.003745153546333313
step_000175,5,9,6,0.03090834617614746,0.03090834617614746
step_000175,5,9,7,-0.008277058601379395,0.008277058601379395
step_000175,5,9,8,-0.12989377975463867,0.12989377975463867
step_000175,5,9,9,0.05157279968261719,0.05157279968261719
step_000175,5,9,10,0.04308620095252991,0.04308620095252991
step_000175,5,9,11,0.002464964985847473,0.002464964985847473
step_000175,5,10,0,0.06680363416671753,0.06680363416671753
step_000175,5,10,1,-0.0532381534576416,0.0532381534576416
step_000175,5,10,2,0.04487299919128418,0.04487299919128418
step_000175,5,10,3,0.0048482418060302734,0.0048482418060302734
step_000175,5,10,4,-0.047598183155059814,0.047598183155059814
step_000175,5,10,5,-0.0005574077367782593,0.0005574077367782593
step_000175,5,10,6,0.006825476884841919,0.006825476884841919
step_000175,5,10,7,-0.027724862098693848,0.027724862098693848
step_000175,5,10,8,-0.11071372032165527,0.11071372032165527
step_000175,5,10,9,0.07438206672668457,0.07438206672668457
step_000175,5,10,10,0.0259932279586792,0.0259932279586792
step_000175,5,10,11,-0.004109621047973633,0.004109621047973633
step_000175,10,1,0,-0.0026172995567321777,0.0026172995567321777
step_000175,10,1,1,-0.013579368591308594,0.013579368591308594
step_000175,10,1,2,0.04270672798156738,0.04270672798156738
step_000175,10,1,3,0.007644295692443848,0.007644295692443848
step_000175,10,1,4,-0.047029078006744385,0.047029078006744385
step_000175,10,1,5,0.0016429126262664795,0.0016429126262664795
step_000175,10,1,6,0.01457059383392334,0.01457059383392334
step_000175,10,1,7,0.0017055273056030273,0.0017055273056030273
step_000175,10,1,8,-0.0625607967376709,0.0625607967376709
step_000175,10,1,9,-0.006508588790893555,0.006508588790893555
step_000175,10,1,10,-0.04331901669502258,0.04331901669502258
step_000175,10,1,11,0.004206717014312744,0.004206717014312744
step_000175,10,2,0,-0.042827337980270386,0.042827337980270386
step_000175,10,2,1,0.0026149749755859375,0.0026149749755859375
step_000175,10,2,2,0.037140607833862305,0.037140607833862305
step_000175,10,2,3,-0.007258772850036621,0.007258772850036621
step_000175,10,2,4,-0.026338845491409302,0.026338845491409302
step_000175,10,2,5,0.003307029604911804,0.003307029604911804
step_000175,10,2,6,-0.0006321370601654053,0.0006321370601654053
step_000175,10,2,7,0.0026328563690185547,0.0026328563690185547
step_000175,10,2,8,-0.01963186264038086,0.01963186264038086
step_000175,10,2,9,-0.025136709213256836,0.025136709213256836
step_000175,10,2,10,-0.02319541573524475,0.02319541573524475
step_000175,10,2,11,-0.004921719431877136,0.004921719431877136
step_000175,10,3,0,-0.047554463148117065,0.047554463148117065
step_000175,10,3,1,-0.027904391288757324,0.027904391288757324
step_000175,10,3,2,0.026142001152038574,0.026142001152038574
step_000175,10,3,3,0.003138303756713867,0.003138303756713867
step_000175,10,3,4,-0.10367056727409363,0.10367056727409363
step_000175,10,3,5,0.0019097775220870972,0.0019097775220870972
step_000175,10,3,6,-0.013944655656814575,0.013944655656814575
step_000175,10,3,7,-0.09487771987915039,0.09487771987915039
step_000175,10,3,8,-0.02687978744506836,0.02687978744506836
step_000175,10,3,9,0.03625977039337158,0.03625977039337158
step_000175,10,3,10,-0.0014045536518096924,0.0014045536518096924
step_000175,10,3,11,-0.0026670247316360474,0.0026670247316360474
step_000175,10,4,0,-0.05295881628990173,0.05295881628990173
step_000175,10,4,1,-0.008321166038513184,0.008321166038513184
step_000175,10,4,2,0.009847521781921387,0.009847521781921387
step_000175,10,4,3,-0.00041091442108154297,0.00041091442108154297
step_000175,10,4,4,-0.1177532970905304,0.1177532970905304
step_000175,10,4,5,0.07551068812608719,0.07551068812608719
step_000175,10,4,6,0.0051371753215789795,0.0051371753215789795
step_000175,10,4,7,-0.08927631378173828,0.08927631378173828
step_000175,10,4,8,-0.018882274627685547,0.018882274627685547
step_000175,10,4,9,0.037714600563049316,0.037714600563049316
step_000175,10,4,10,0.005005866289138794,0.005005866289138794
step_000175,10,4,11,0.00199165940284729,0.00199165940284729
step_000175,10,5,0,-0.05970039963722229,0.05970039963722229
step_000175,10,5,1,-0.004132747650146484,0.004132747650146484
step_000175,10,5,2,0.036398887634277344,0.036398887634277344
step_000175,10,5,3,0.011096596717834473,0.011096596717834473
step_000175,10,5,4,-0.09667366743087769,0.09667366743087769
step_000175,10,5,5,0.009881794452667236,0.009881794452667236
step_000175,10,5,6,0.010684698820114136,0.010684698820114136
step_000175,10,5,7,-0.05705249309539795,0.05705249309539795
step_000175,10,5,8,-0.017806053161621094,0.017806053161621094
step_000175,10,5,9,0.04213547706604004,0.04213547706604004
step_000175,10,5,10,-0.005481928586959839,0.005481928586959839
step_000175,10,5,11,-0.0027125030755996704,0.0027125030755996704
step_000175,10,6,0,-0.042194485664367676,0.042194485664367676
step_000175,10,6,1,-0.007318973541259766,0.007318973541259766
step_000175,10,6,2,0.03400540351867676,0.03400540351867676
step_000175,10,6,3,0.006579875946044922,0.006579875946044922
step_000175,10,6,4,-0.06336671113967896,0.06336671113967896
step_000175,10,6,5,0.012593045830726624,0.012593045830726624
step_000175,10,6,6,0.009968012571334839,0.009968012571334839
step_000175,10,6,7,-0.03504788875579834,0.03504788875579834
step_000175,10,6,8,-0.03536069393157959,0.03536069393157959
step_000175,10,6,9,0.05120694637298584,0.05120694637298584
step_000175,10,6,10,-0.003511786460876465,0.003511786460876465
step_000175,10,6,11,-0.004314795136451721,0.004314795136451721
step_000175,10,7,0,-0.04002965986728668,0.04002965986728668
step_000175,10,7,1,-0.010113716125488281,0.010113716125488281
step_000175,10,7,2,0.03992486000061035,0.03992486000061035
step_000175,10,7,3,-0.007725238800048828,0.007725238800048828
step_000175,10,7,4,-0.09057140350341797,0.09057140350341797
step_000175,10,7,5,0.014197766780853271,0.014197766780853271
step_000175,10,7,6,0.008240103721618652,0.008240103721618652
step_000175,10,7,7,-0.08272910118103027,0.08272910118103027
step_000175,10,7,8,-0.05344557762145996,0.05344557762145996
step_000175,10,7,9,0.0727308988571167,0.0727308988571167
step_000175,10,7,10,0.012925416231155396,0.012925416231155396
step_000175,10,7,11,-0.005213052034378052,0.005213052034378052
step_000175,10,8,0,-0.1630152463912964,0.1630152463912964
step_000175,10,8,1,0.1350921392440796,0.1350921392440796
step_000175,10,8,2,-0.08074426651000977,0.08074426651000977
step_000175,10,8,3,-0.016083598136901855,0.016083598136901855
step_000175,10,8,4,-0.35507455468177795,0.35507455468177795
step_000175,10,8,5,0.2234562560915947,0.2234562560915947
step_000175,10,8,6,0.05637267231941223,0.05637267231941223
step_000175,10,8,7,-0.04173934459686279,0.04173934459686279
step_000175,10,8,8,-0.11345958709716797,0.11345958709716797
step_000175,10,8,9,0.1868993043899536,0.1868993043899536
step_000175,10,8,10,0.014256119728088379,0.014256119728088379
step_000175,10,8,11,-0.0005385875701904297,0.0005385875701904297
step_000175,10,9,0,-0.0401977002620697,0.0401977002620697
step_000175,10,9,1,0.2612065076828003,0.2612065076828003
step_000175,10,9,2,-0.16422653198242188,0.16422653198242188
step_000175,10,9,3,-0.01726222038269043,0.01726222038269043
step_000175,10,9,4,-0.3203170895576477,0.3203170895576477
step_000175,10,9,5,0.3863910734653473,0.3863910734653473
step_000175,10,9,6,0.05039644241333008,0.05039644241333008
step_000175,10,9,7,0.018062949180603027,0.018062949180603027
step_000175,10,9,8,-0.11509132385253906,0.11509132385253906
step_000175,10,9,9,0.057912588119506836,0.057912588119506836
step_000175,10,9,10,0.03135645389556885,0.03135645389556885
step_000175,10,9,11,0.005707800388336182,0.005707800388336182
step_000175,10,10,0,-0.010886311531066895,0.010886311531066895
step_000175,10,10,1,0.0419541597366333,0.0419541597366333
step_000175,10,10,2,-0.05882883071899414,0.05882883071899414
step_000175,10,10,3,0.0018936395645141602,0.0018936395645141602
step_000175,10,10,4,-0.1962411105632782,0.1962411105632782
step_000175,10,10,5,0.11536310613155365,0.11536310613155365
step_000175,10,10,6,-0.008290588855743408,0.008290588855743408
step_000175,10,10,7,-0.01872396469116211,0.01872396469116211
step_000175,10,10,8,-0.07420933246612549,0.07420933246612549
step_000175,10,10,9,0.07338893413543701,0.07338893413543701
step_000175,10,10,10,-0.021321475505828857,0.021321475505828857
step_000175,10,10,11,-0.0009731054306030273,0.0009731054306030273
step_000200,5,1,0,0.12288801372051239,0.12288801372051239
step_000200,5,1,1,-0.03366982936859131,0.03366982936859131
step_000200,5,1,2,-0.007709026336669922,0.007709026336669922
step_000200,5,1,3,-0.011328816413879395,0.011328816413879395
step_000200,5,1,4,-0.03806433081626892,0.03806433081626892
step_000200,5,1,5,-0.001598656177520752,0.001598656177520752
step_000200,5,1,6,0.028874903917312622,0.028874903917312622
step_000200,5,1,7,-0.04494011402130127,0.04494011402130127
step_000200,5,1,8,-0.07515192031860352,0.07515192031860352
step_000200,5,1,9,-0.03934788703918457,0.03934788703918457
step_000200,5,1,10,-0.05885420739650726,0.05885420739650726
step_000200,5,1,11,0.00816240906715393,0.00816240906715393
step_000200,5,2,0,0.07471290230751038,0.07471290230751038
step_000200,5,2,1,-0.015269041061401367,0.015269041061401367
step_000200,5,2,2,0.018370628356933594,0.018370628356933594
step_000200,5,2,3,-0.003092646598815918,0.003092646598815918
step_000200,5,2,4,0.02283373475074768,0.02283373475074768
step_000200,5,2,5,-0.001301601529121399,0.001301601529121399
step_000200,5,2,6,-0.011888012290000916,0.011888012290000916
step_000200,5,2,7,0.02060544490814209,0.02060544490814209
step_000200,5,2,8,-0.03136420249938965,0.03136420249938965
step_000200,5,2,9,-0.052509307861328125,0.052509307861328125
step_000200,5,2,10,-0.04163698852062225,0.04163698852062225
step_000200,5,2,11,0.001238897442817688,0.001238897442817688
step_000200,5,3,0,0.11519645154476166,0.11519645154476166
step_000200,5,3,1,-0.0591275691986084,0.0591275691986084
step_000200,5,3,2,0.014390826225280762,0.014390826225280762
step_000200,5,3,3,0.01739966869354248,0.01739966869354248
step_000200,5,3,4,0.04598188400268555,0.04598188400268555
step_000200,5,3,5,-0.002819254994392395,0.002819254994392395
step_000200,5,3,6,-0.06922708451747894,0.06922708451747894
step_000200,5,3,7,-0.10612189769744873,0.10612189769744873
step_000200,5,3,8,0.0023393630981445312,0.0023393630981445312
step_000200,5,3,9,0.007220745086669922,0.007220745086669922
step_000200,5,3,10,-0.05837303400039673,0.05837303400039673
step_000200,5,3,11,-0.0002663135528564453,0.0002663135528564453
step_000200,5,4,0,0.07851366698741913,0.07851366698741913
step_000200,5,4,1,-0.061196327209472656,0.061196327209472656
step_000200,5,4,2,0.04263913631439209,0.04263913631439209
step_000200,5,4,3,0.0018396377563476562,0.0018396377563476562
step_000200,5,4,4,0.03247487545013428,0.03247487545013428
step_000200,5,4,5,-0.0016227662563323975,0.0016227662563323975
step_000200,5,4,6,-0.05840650200843811,0.05840650200843811
step_000200,5,4,7,-0.08658182621002197,0.08658182621002197
step_000200,5,4,8,-0.002594470977783203,0.002594470977783203
step_000200,5,4,9,0.02690410614013672,0.02690410614013672
step_000200,5,4,10,-0.04656261205673218,0.04656261205673218
step_000200,5,4,11,0.004980027675628662,0.004980027675628662
step_000200,5,5,0,0.06231065094470978,0.06231065094470978
step_000200,5,5,1,-0.041667819023132324,0.041667819023132324
step_000200,5,5,2,0.02631962299346924,0.02631962299346924
step_000200,5,5,3,0.012379050254821777,0.012379050254821777
step_000200,5,5,4,0.011784583330154419,0.011784583330154419
step_000200,5,5,5,-0.0033117681741714478,0.0033117681741714478
step_000200,5,5,6,-0.04265028238296509,0.04265028238296509
step_000200,5,5,7,-0.06651687622070312,0.06651687622070312
step_000200,5,5,8,0.0063097476959228516,0.0063097476959228516
step_000200,5,5,9,0.02297496795654297,0.02297496795654297
step_000200,5,5,10,-0.03372693061828613,0.03372693061828613
step_000200,5,5,11,-0.004420042037963867,0.004420042037963867
step_000200,5,6,0,0.06934759020805359,0.06934759020805359
step_000200,5,6,1,-0.0336461067199707,0.0336461067199707
step_000200,5,6,2,0.042811036109924316,0.042811036109924316
step_000200,5,6,3,-0.0010868310928344727,0.0010868310928344727
step_000200,5,6,4,0.04742887616157532,0.04742887616157532
step_000200,5,6,5,-0.0020466893911361694,0.0020466893911361694
step_000200,5,6,6,-0.03893613815307617,0.03893613815307617
step_000200,5,6,7,-0.03069901466369629,0.03069901466369629
step_000200,5,6,8,-0.0202481746673584,0.0202481746673584
step_000200,5,6,9,0.03208601474761963,0.03208601474761963
step_000200,5,6,10,-0.03186190128326416,0.03186190128326416
step_000200,5,6,11,-0.0014131367206573486,0.0014131367206573486
step_000200,5,7,0,0.06521019339561462,0.06521019339561462
step_000200,5,7,1,-0.04961895942687988,0.04961895942687988
step_000200,5,7,2,0.044880032539367676,0.044880032539367676
step_000200,5,7,3,-0.001759171485900879,0.001759171485900879
step_000200,5,7,4,0.0004718005657196045,0.0004718005657196045
step_000200,5,7,5,0.002659350633621216,0.002659350633621216
step_000200,5,7,6,-0.029791951179504395,0.029791951179504395
step_000200,5,7,7,-0.07762360572814941,0.07762360572814941
step_000200,5,7,8,-0.04080545902252197,0.04080545902252197
step_000200,5,7,9,0.052690982818603516,0.052690982818603516
step_000200,5,7,10,-0.013429075479507446,0.013429075479507446
step_000200,5,7,11,0.003375023603439331,0.003375023603439331
step_000200,5,8,0,0.020215913653373718,0.020215913653373718
step_000200,5,8,1,-0.030041217803955078,0.030041217803955078
step_000200,5,8,2,0.012966632843017578,0.012966632843017578
step_000200,5,8,3,-0.01234447956085205,0.01234447956085205
step_000200,5,8,4,-0.08363071084022522,0.08363071084022522
step_000200,5,8,5,0.003015562891960144,0.003015562891960144
step_000200,5,8,6,0.04971092939376831,0.04971092939376831
step_000200,5,8,7,0.011284232139587402,0.011284232139587402
step_000200,5,8,8,-0.1720578670501709,0.1720578670501709
step_000200,5,8,9,0.07548892498016357,0.07548892498016357
step_000200,5,8,10,0.06028282642364502,0.06028282642364502
step_000200,5,8,11,0.005330085754394531,0.005330085754394531
step_000200,5,9,0,0.06456126272678375,0.06456126272678375
step_000200,5,9,1,-0.009621024131774902,0.009621024131774902
step_000200,5,9,2,0.012390375137329102,0.012390375137329102
step_000200,5,9,3,0.0008448362350463867,0.0008448362350463867
step_000200,5,9,4,-0.05816245079040527,0.05816245079040527
step_000200,5,9,5,0.005491852760314941,0.005491852760314941
step_000200,5,9,6,0.035895079374313354,0.035895079374313354
step_000200,5,9,7,0.01374959945678711,0.01374959945678711
step_000200,5,9,8,-0.1525261402130127,0.1525261402130127
step_000200,5,9,9,0.059601783752441406,0.059601783752441406
step_000200,5,9,10,0.049663811922073364,0.049663811922073364
step_000200,5,9,11,0.012775138020515442,0.012775138020515442
step_000200,5,10,0,0.07808154821395874,0.07808154821395874
step_000200,5,10,1,-0.03790628910064697,0.03790628910064697
step_000200,5,10,2,0.034079670906066895,0.034079670906066895
step_000200,5,10,3,0.005523085594177246,0.005523085594177246
step_000200,5,10,4,-0.040030837059020996,0.040030837059020996
step_000200,5,10,5,0.001454085111618042,0.001454085111618042
step_000200,5,10,6,0.00908660888671875,0.00908660888671875
step_000200,5,10,7,-0.011731624603271484,0.011731624603271484
step_000200,5,10,8,-0.12403249740600586,0.12403249740600586
step_000200,5,10,9,0.08101415634155273,0.08101415634155273
step_000200,5,10,10,0.029354333877563477,0.029354333877563477
step_000200,5,10,11,0.0038733631372451782,0.0038733631372451782
step_000200,10,1,0,0.003333359956741333,0.003333359956741333
step_000200,10,1,1,-0.0013093948364257812,0.0013093948364257812
step_000200,10,1,2,0.036382198333740234,0.036382198333740234
step_000200,10,1,3,0.006016969680786133,0.006016969680786133
step_000200,10,1,4,-0.042725056409835815,0.042725056409835815
step_000200,10,1,5,0.0024073421955108643,0.0024073421955108643
step_000200,10,1,6,0.008813142776489258,0.008813142776489258
step_000200,10,1,7,0.0035927295684814453,0.0035927295684814453
step_000200,10,1,8,-0.04680061340332031,0.04680061340332031
step_000200,10,1,9,-0.006230592727661133,0.006230592727661133
step_000200,10,1,10,-0.04063507914543152,0.04063507914543152
step_000200,10,1,11,0.010100334882736206,0.010100334882736206
step_000200,10,2,0,-0.035462915897369385,0.035462915897369385
step_000200,10,2,1,0.01804518699645996,0.01804518699645996
step_000200,10,2,2,0.029033541679382324,0.029033541679382324
step_000200,10,2,3,-0.007127523422241211,0.007127523422241211
step_000200,10,2,4,-0.022724390029907227,0.022724390029907227
step_000200,10,2,5,0.003604292869567871,0.003604292869567871
step_000200,10,2,6,-0.007342785596847534,0.007342785596847534
step_000200,10,2,7,0.0031625032424926758,0.0031625032424926758
step_000200,10,2,8,-0.008890867233276367,0.008890867233276367
step_000200,10,2,9,-0.023169875144958496,0.023169875144958496
step_000200,10,2,10,-0.021899640560150146,0.021899640560150146
step_000200,10,2,11,0.0012397170066833496,0.0012397170066833496
step_000200,10,3,0,-0.04020574688911438,0.04020574688911438
step_000200,10,3,1,-0.013978242874145508,0.013978242874145508
step_000200,10,3,2,0.020743131637573242,0.020743131637573242
step_000200,10,3,3,0.0031937360763549805,0.0031937360763549805
step_000200,10,3,4,-0.09625628590583801,0.09625628590583801
step_000200,10,3,5,0.0023282766342163086,0.0023282766342163086
step_000200,10,3,6,-0.01857629418373108,0.01857629418373108
step_000200,10,3,7,-0.0857541561126709,0.0857541561126709
step_000200,10,3,8,-0.01466822624206543,0.01466822624206543
step_000200,10,3,9,0.03440654277801514,0.03440654277801514
step_000200,10,3,10,-0.0017148256301879883,0.0017148256301879883
step_000200,10,3,11,0.0036344826221466064,0.0036344826221466064
step_000200,10,4,0,-0.0416664183139801,0.0416664183139801
step_000200,10,4,1,-0.008724808692932129,0.008724808692932129
step_000200,10,4,2,0.01842200756072998,0.01842200756072998
step_000200,10,4,3,-0.0003889799118041992,0.0003889799118041992
step_000200,10,4,4,-0.08939924836158752,0.08939924836158752
step_000200,10,4,5,0.027448222041130066,0.027448222041130066
step_000200,10,4,6,-0.005952119827270508,0.005952119827270508
step_000200,10,4,7,-0.07395040988922119,0.07395040988922119
step_000200,10,4,8,-0.013014078140258789,0.013014078140258789
step_000200,10,4,9,0.036176443099975586,0.036176443099975586
step_000200,10,4,10,0.0012961328029632568,0.0012961328029632568
step_000200,10,4,11,0.008954018354415894,0.008954018354415894
step_000200,10,5,0,-0.050273388624191284,0.050273388624191284
step_000200,10,5,1,0.005601644515991211,0.005601644515991211
step_000200,10,5,2,0.029501795768737793,0.029501795768737793
step_000200,10,5,3,0.011988520622253418,0.011988520622253418
step_000200,10,5,4,-0.08275634050369263,0.08275634050369263
step_000200,10,5,5,0.005378246307373047,0.005378246307373047
step_000200,10,5,6,0.001520782709121704,0.001520782709121704
step_000200,10,5,7,-0.04872846603393555,0.04872846603393555
step_000200,10,5,8,-0.012382745742797852,0.012382745742797852
step_000200,10,5,9,0.04109477996826172,0.04109477996826172
step_000200,10,5,10,-0.007754921913146973,0.007754921913146973
step_000200,10,5,11,0.0029270797967910767,0.0029270797967910767
step_000200,10,6,0,-0.036536723375320435,0.036536723375320435
step_000200,10,6,1,0.005552530288696289,0.005552530288696289
step_000200,10,6,2,0.024639129638671875,0.024639129638671875
step_000200,10,6,3,0.007732510566711426,0.007732510566711426
step_000200,10,6,4,-0.05651959776878357,0.05651959776878357
step_000200,10,6,5,0.010090470314025879,0.010090470314025879
step_000200,10,6,6,0.0013375580310821533,0.0013375580310821533
step_000200,10,6,7,-0.029783248901367188,0.029783248901367188
step_000200,10,6,8,-0.024222373962402344,0.024222373962402344
step_000200,10,6,9,0.04754221439361572,0.04754221439361572
step_000200,10,6,10,-0.006027162075042725,0.006027162075042725
step_000200,10,6,11,0.0019911974668502808,0.0019911974668502808
step_000200,10,7,0,-0.03186677396297455,0.03186677396297455
step_000200,10,7,1,0.005913734436035156,0.005913734436035156
step_000200,10,7,2,0.03082442283630371,0.03082442283630371
step_000200,10,7,3,-0.005281686782836914,0.005281686782836914
step_000200,10,7,4,-0.08169287443161011,0.08169287443161011
step_000200,10,7,5,0.012834325432777405,0.012834325432777405
step_000200,10,7,6,0.0005739927291870117,0.0005739927291870117
step_000200,10,7,7,-0.07119905948638916,0.07119905948638916
step_000200,10,7,8,-0.04228103160858154,0.04228103160858154
step_000200,10,7,9,0.06781256198883057,0.06781256198883057
step_000200,10,7,10,0.01016572117805481,0.01016572117805481
step_000200,10,7,11,0.0006215274333953857,0.0006215274333953857
step_000200,10,8,0,-0.15055114030838013,0.15055114030838013
step_000200,10,8,1,0.10161411762237549,0.10161411762237549
step_000200,10,8,2,-0.07228565216064453,0.07228565216064453
step_000200,10,8,3,-0.0147169828414917,0.0147169828414917
step_000200,10,8,4,-0.32523372769355774,0.32523372769355774
step_000200,10,8,5,0.14192906767129898,0.14192906767129898
step_000200,10,8,6,0.04714211821556091,0.04714211821556091
step_000200,10,8,7,-0.04036831855773926,0.04036831855773926
step_000200,10,8,8,-0.10058832168579102,0.10058832168579102
step_000200,10,8,9,0.18504095077514648,0.18504095077514648
step_000200,10,8,10,0.0086040198802948,0.0086040198802948
step_000200,10,8,11,0.003867238759994507,0.003867238759994507
step_000200,10,9,0,-0.027425765991210938,0.027425765991210938
step_000200,10,9,1,0.22078609466552734,0.22078609466552734
step_000200,10,9,2,-0.15283489227294922,0.15283489227294922
step_000200,10,9,3,-0.014254093170166016,0.014254093170166016
step_000200,10,9,4,-0.2882915139198303,0.2882915139198303
step_000200,10,9,5,0.31034645438194275,0.31034645438194275
step_000200,10,9,6,0.04160526394844055,0.04160526394844055
step_000200,10,9,7,0.01859581470489502,0.01859581470489502
step_000200,10,9,8,-0.10760140419006348,0.10760140419006348
step_000200,10,9,9,0.05505073070526123,0.05505073070526123
step_000200,10,9,10,0.025496989488601685,0.025496989488601685
step_000200,10,9,11,0.009234488010406494,0.009234488010406494
step_000200,10,10,0,-0.006051689386367798,0.006051689386367798
step_000200,10,10,1,0.024006366729736328,0.024006366729736328
step_000200,10,10,2,-0.039542198181152344,0.039542198181152344
step_000200,10,10,3,0.002786874771118164,0.002786874771118164
step_000200,10,10,4,-0.1673170030117035,0.1673170030117035
step_000200,10,10,5,0.06435782462358475,0.06435782462358475
step_000200,10,10,6,-0.01838904619216919,0.01838904619216919
step_000200,10,10,7,-0.01970541477203369,0.01970541477203369
step_000200,10,10,8,-0.05869698524475098,0.05869698524475098
step_000200,10,10,9,0.0711522102355957,0.0711522102355957
step_000200,10,10,10,-0.027982741594314575,0.027982741594314575
step_000200,10,10,11,0.008243486285209656,0.008243486285209656
step_000225,5,1,0,0.1290845274925232,0.1290845274925232
step_000225,5,1,1,-0.05550968647003174,0.05550968647003174
step_000225,5,1,2,0.005408048629760742,0.005408048629760742
step_000225,5,1,3,-0.015558242797851562,0.015558242797851562
step_000225,5,1,4,-0.03812909126281738,0.03812909126281738
step_000225,5,1,5,-0.0010048002004623413,0.0010048002004623413
step_000225,5,1,6,0.029113471508026123,0.029113471508026123
step_000225,5,1,7,-0.044426560401916504,0.044426560401916504
step_000225,5,1,8,-0.07185888290405273,0.07185888290405273
step_000225,5,1,9,-0.0392608642578125,0.0392608642578125
step_000225,5,1,10,-0.05487193167209625,0.05487193167209625
step_000225,5,1,11,0.004311680793762207,0.004311680793762207
step_000225,5,2,0,0.07944425940513611,0.07944425940513611
step_000225,5,2,1,-0.031435251235961914,0.031435251235961914
step_000225,5,2,2,0.029899120330810547,0.029899120330810547
step_000225,5,2,3,-0.007219552993774414,0.007219552993774414
step_000225,5,2,4,0.023528456687927246,0.023528456687927246
step_000225,5,2,5,-0.0012420117855072021,0.0012420117855072021
step_000225,5,2,6,-0.012371152639389038,0.012371152639389038
step_000225,5,2,7,0.024031639099121094,0.024031639099121094
step_000225,5,2,8,-0.023322582244873047,0.023322582244873047
step_000225,5,2,9,-0.05236995220184326,0.05236995220184326
step_000225,5,2,10,-0.036349862813949585,0.036349862813949585
step_000225,5,2,11,-0.002949744462966919,0.002949744462966919
step_000225,5,3,0,0.1208367794752121,0.1208367794752121
step_000225,5,3,1,-0.07864952087402344,0.07864952087402344
step_000225,5,3,2,0.025080323219299316,0.025080323219299316
step_000225,5,3,3,0.01227569580078125,0.01227569580078125
step_000225,5,3,4,0.04453778266906738,0.04453778266906738
step_000225,5,3,5,-0.0022837817668914795,0.0022837817668914795
step_000225,5,3,6,-0.06782001256942749,0.06782001256942749
step_000225,5,3,7,-0.1048964262008667,0.1048964262008667
step_000225,5,3,8,0.004902839660644531,0.004902839660644531
step_000225,5,3,9,0.007986307144165039,0.007986307144165039
step_000225,5,3,10,-0.0536361038684845,0.0536361038684845
step_000225,5,3,11,-0.0038983672857284546,0.0038983672857284546
step_000225,5,4,0,0.08484204113483429,0.08484204113483429
step_000225,5,4,1,-0.07785916328430176,0.07785916328430176
step_000225,5,4,2,0.05435740947723389,0.05435740947723389
step_000225,5,4,3,-0.005303859710693359,0.005303859710693359
step_000225,5,4,4,0.032816171646118164,0.032816171646118164
step_000225,5,4,5,-0.001160740852355957,0.001160740852355957
step_000225,5,4,6,-0.05622498691082001,0.05622498691082001
step_000225,5,4,7,-0.07923352718353271,0.07923352718353271
step_000225,5,4,8,-0.0010972023010253906,0.0010972023010253906
step_000225,5,4,9,0.027746200561523438,0.027746200561523438
step_000225,5,4,10,-0.039542555809020996,0.039542555809020996
step_000225,5,4,11,0.0017564445734024048,0.0017564445734024048
step_000225,5,5,0,0.06860360503196716,0.06860360503196716
step_000225,5,5,1,-0.05646920204162598,0.05646920204162598
step_000225,5,5,2,0.03806185722351074,0.03806185722351074
step_000225,5,5,3,0.0071533918380737305,0.0071533918380737305
step_000225,5,5,4,0.01161646842956543,0.01161646842956543
step_000225,5,5,5,-0.003812834620475769,0.003812834620475769
step_000225,5,5,6,-0.03958463668823242,0.03958463668823242
step_000225,5,5,7,-0.059145212173461914,0.059145212173461914
step_000225,5,5,8,0.010352492332458496,0.010352492332458496
step_000225,5,5,9,0.02329695224761963,0.02329695224761963
step_000225,5,5,10,-0.026151806116104126,0.026151806116104126
step_000225,5,5,11,-0.008171826601028442,0.008171826601028442
step_000225,5,6,0,0.07681865990161896,0.07681865990161896
step_000225,5,6,1,-0.049634575843811035,0.049634575843811035
step_000225,5,6,2,0.055567145347595215,0.055567145347595215
step_000225,5,6,3,-0.00848388671875,0.00848388671875
step_000225,5,6,4,0.04899173974990845,0.04899173974990845
step_000225,5,6,5,-0.0015358775854110718,0.0015358775854110718
step_000225,5,6,6,-0.03563547134399414,0.03563547134399414
step_000225,5,6,7,-0.02009904384613037,0.02009904384613037
step_000225,5,6,8,-0.026335954666137695,0.026335954666137695
step_000225,5,6,9,0.03656184673309326,0.03656184673309326
step_000225,5,6,10,-0.023440688848495483,0.023440688848495483
step_000225,5,6,11,-0.0044060200452804565,0.0044060200452804565
step_000225,5,7,0,0.07273882627487183,0.07273882627487183
step_000225,5,7,1,-0.06756186485290527,0.06756186485290527
step_000225,5,7,2,0.06006801128387451,0.06006801128387451
step_000225,5,7,3,-0.010028600692749023,0.010028600692749023
step_000225,5,7,4,-0.0008721649646759033,0.0008721649646759033
step_000225,5,7,5,0.003181084990501404,0.003181084990501404
step_000225,5,7,6,-0.024538934230804443,0.024538934230804443
step_000225,5,7,7,-0.06467664241790771,0.06467664241790771
step_000225,5,7,8,-0.05599498748779297,0.05599498748779297
step_000225,5,7,9,0.06123185157775879,0.06123185157775879
step_000225,5,7,10,-0.001864701509475708,0.001864701509475708
step_000225,5,7,11,0.003353297710418701,0.003353297710418701
step_000225,5,8,0,0.02733151614665985,0.02733151614665985
step_000225,5,8,1,-0.042124271392822266,0.042124271392822266
step_000225,5,8,2,0.016683340072631836,0.016683340072631836
step_000225,5,8,3,-0.02219998836517334,0.02219998836517334
step_000225,5,8,4,-0.08294877409934998,0.08294877409934998
step_000225,5,8,5,0.003909066319465637,0.003909066319465637
step_000225,5,8,6,0.06649282574653625,0.06649282574653625
step_000225,5,8,7,0.05780172348022461,0.05780172348022461
step_000225,5,8,8,-0.23267626762390137,0.23267626762390137
step_000225,5,8,9,0.09563159942626953,0.09563159942626953
step_000225,5,8,10,0.08340704441070557,0.08340704441070557
step_000225,5,8,11,0.006368964910507202,0.006368964910507202
step_000225,5,9,0,0.07644191384315491,0.07644191384315491
step_000225,5,9,1,-0.02024686336517334,0.02024686336517334
step_000225,5,9,2,0.014427661895751953,0.014427661895751953
step_000225,5,9,3,-0.007638216018676758,0.007638216018676758
step_000225,5,9,4,-0.06054458022117615,0.06054458022117615
step_000225,5,9,5,0.0055921971797943115,0.0055921971797943115
step_000225,5,9,6,0.05067428946495056,0.05067428946495056
step_000225,5,9,7,0.06771135330200195,0.06771135330200195
step_000225,5,9,8,-0.21757292747497559,0.21757292747497559
step_000225,5,9,9,0.08110547065734863,0.08110547065734863
step_000225,5,9,10,0.07525071501731873,0.07525071501731873
step_000225,5,9,11,0.024065151810646057,0.024065151810646057
step_000225,5,10,0,0.09024080634117126,0.09024080634117126
step_000225,5,10,1,-0.05709481239318848,0.05709481239318848
step_000225,5,10,2,0.04437911510467529,0.04437911510467529
step_000225,5,10,3,-0.0037183761596679688,0.0037183761596679688
step_000225,5,10,4,-0.03950074315071106,0.03950074315071106
step_000225,5,10,5,0.0025963038206100464,0.0025963038206100464
step_000225,5,10,6,0.021766692399978638,0.021766692399978638
step_000225,5,10,7,0.02771890163421631,0.02771890163421631
step_000225,5,10,8,-0.17629122734069824,0.17629122734069824
step_000225,5,10,9,0.09927833080291748,0.09927833080291748
step_000225,5,10,10,0.05088543891906738,0.05088543891906738
step_000225,5,10,11,0.002506539225578308,0.002506539225578308
step_000225,10,1,0,0.004297703504562378,0.004297703504562378
step_000225,10,1,1,-0.01667630672454834,0.01667630672454834
step_000225,10,1,2,0.047518014907836914,0.047518014907836914
step_000225,10,1,3,0.0023294687271118164,0.0023294687271118164
step_000225,10,1,4,-0.03938904404640198,0.03938904404640198
step_000225,10,1,5,0.0025071054697036743,0.0025071054697036743
step_000225,10,1,6,4.4792890548706055e-05,4.4792890548706055e-05
step_000225,10,1,7,0.008589982986450195,0.008589982986450195
step_000225,10,1,8,-0.04094433784484863,0.04094433784484863
step_000225,10,1,9,-0.005329608917236328,0.005329608917236328
step_000225,10,1,10,-0.038492798805236816,0.038492798805236816
step_000225,10,1,11,0.006327986717224121,0.006327986717224121
step_000225,10,2,0,-0.034163862466812134,0.034163862466812134
step_000225,10,2,1,0.004376649856567383,0.004376649856567383
step_000225,10,2,2,0.039264798164367676,0.039264798164367676
step_000225,10,2,3,-0.010166287422180176,0.010166287422180176
step_000225,10,2,4,-0.019782334566116333,0.019782334566116333
step_000225,10,2,5,0.003504142165184021,0.003504142165184021
step_000225,10,2,6,-0.01504179835319519,0.01504179835319519
step_000225,10,2,7,0.00894176959991455,0.00894176959991455
step_000225,10,2,8,0.0003744363784790039,0.0003744363784790039
step_000225,10,2,9,-0.021716952323913574,0.021716952323913574
step_000225,10,2,10,-0.019610106945037842,0.019610106945037842
step_000225,10,2,11,-0.002775236964225769,0.002775236964225769
step_000225,10,3,0,-0.03597453236579895,0.03597453236579895
step_000225,10,3,1,-0.02811598777770996,0.02811598777770996
step_000225,10,3,2,0.031210660934448242,0.031210660934448242
step_000225,10,3,3,-0.0014051198959350586,0.0014051198959350586
step_000225,10,3,4,-0.08918604254722595,0.08918604254722595
step_000225,10,3,5,0.0017364323139190674,0.0017364323139190674
step_000225,10,3,6,-0.024240195751190186,0.024240195751190186
step_000225,10,3,7,-0.07387781143188477,0.07387781143188477
step_000225,10,3,8,-0.011207103729248047,0.011207103729248047
step_000225,10,3,9,0.0344846248626709,0.0344846248626709
step_000225,10,3,10,-0.0010364651679992676,0.0010364651679992676
step_000225,10,3,11,-0.0003312230110168457,0.0003312230110168457
step_000225,10,4,0,-0.0362858772277832,0.0362858772277832
step_000225,10,4,1,-0.020009160041809082,0.020009160041809082
step_000225,10,4,2,0.03245210647583008,0.03245210647583008
step_000225,10,4,3,-0.005700588226318359,0.005700588226318359
step_000225,10,4,4,-0.07333239912986755,0.07333239912986755
step_000225,10,4,5,0.016155928373336792,0.016155928373336792
step_000225,10,4,6,-0.012727707624435425,0.012727707624435425
step_000225,10,4,7,-0.05980956554412842,0.05980956554412842
step_000225,10,4,8,-0.009176015853881836,0.009176015853881836
step_000225,10,4,9,0.03576374053955078,0.03576374053955078
step_000225,10,4,10,0.001588672399520874,0.001588672399520874
step_000225,10,4,11,0.00481840968132019,0.00481840968132019
step_000225,10,5,0,-0.045917391777038574,0.045917391777038574
step_000225,10,5,1,-0.006590604782104492,0.006590604782104492
step_000225,10,5,2,0.040494680404663086,0.040494680404663086
step_000225,10,5,3,0.008705377578735352,0.008705377578735352
step_000225,10,5,4,-0.0728980004787445,0.0728980004787445
step_000225,10,5,5,0.002682238817214966,0.002682238817214966
step_000225,10,5,6,-0.006154745817184448,0.006154745817184448
step_000225,10,5,7,-0.03802025318145752,0.03802025318145752
step_000225,10,5,8,-0.002329111099243164,0.002329111099243164
step_000225,10,5,9,0.04089343547821045,0.04089343547821045
step_000225,10,5,10,-0.006298094987869263,0.006298094987869263
step_000225,10,5,11,-0.0017117708921432495,0.0017117708921432495
step_000225,10,6,0,-0.032298654317855835,0.032298654317855835
step_000225,10,6,1,-0.009807825088500977,0.009807825088500977
step_000225,10,6,2,0.036420464515686035,0.036420464515686035
step_000225,10,6,3,0.0036455392837524414,0.0036455392837524414
step_000225,10,6,4,-0.04894629120826721,0.04894629120826721
step_000225,10,6,5,0.008427858352661133,0.008427858352661133
step_000225,10,6,6,-0.005334317684173584,0.005334317684173584
step_000225,10,6,7,-0.01878941059112549,0.01878941059112549
step_000225,10,6,8,-0.024160146713256836,0.024160146713256836
step_000225,10,6,9,0.04941749572753906,0.04941749572753906
step_000225,10,6,10,-0.003981918096542358,0.003981918096542358
step_000225,10,6,11,-0.0020000487565994263,0.0020000487565994263
step_000225,10,7,0,-0.02790750563144684,0.02790750563144684
step_000225,10,7,1,-0.010442018508911133,0.010442018508911133
step_000225,10,7,2,0.04094982147216797,0.04094982147216797
step_000225,10,7,3,-0.009374737739562988,0.009374737739562988
step_000225,10,7,4,-0.07388380169868469,0.07388380169868469
step_000225,10,7,5,0.011330902576446533,0.011330902576446533
step_000225,10,7,6,-0.006567656993865967,0.006567656993865967
step_000225,10,7,7,-0.05870771408081055,0.05870771408081055
step_000225,10,7,8,-0.04419851303100586,0.04419851303100586
step_000225,10,7,9,0.06892168521881104,0.06892168521881104
step_000225,10,7,10,0.01189720630645752,0.01189720630645752
step_000225,10,7,11,-0.002008676528930664,0.002008676528930664
step_000225,10,8,0,-0.12606242299079895,0.12606242299079895
step_000225,10,8,1,0.056434035301208496,0.056434035301208496
step_000225,10,8,2,-0.044643402099609375,0.044643402099609375
step_000225,10,8,3,-0.01618826389312744,0.01618826389312744
step_000225,10,8,4,-0.2742617428302765,0.2742617428302765
step_000225,10,8,5,0.08017569780349731,0.08017569780349731
step_000225,10,8,6,0.04001697897911072,0.04001697897911072
step_000225,10,8,7,-0.017131924629211426,0.017131924629211426
step_000225,10,8,8,-0.10904955863952637,0.10904955863952637
step_000225,10,8,9,0.19355499744415283,0.19355499744415283
step_000225,10,8,10,0.01110750436782837,0.01110750436782837
step_000225,10,8,11,0.0002521425485610962,0.0002521425485610962
step_000225,10,9,0,-0.013665169477462769,0.013665169477462769
step_000225,10,9,1,0.15363311767578125,0.15363311767578125
step_000225,10,9,2,-0.12427496910095215,0.12427496910095215
step_000225,10,9,3,-0.012317538261413574,0.012317538261413574
step_000225,10,9,4,-0.24031120538711548,0.24031120538711548
step_000225,10,9,5,0.19869889318943024,0.19869889318943024
step_000225,10,9,6,0.035434067249298096,0.035434067249298096
step_000225,10,9,7,0.03052234649658203,0.03052234649658203
step_000225,10,9,8,-0.1072230339050293,0.1072230339050293
step_000225,10,9,9,0.0637350082397461,0.0637350082397461
step_000225,10,9,10,0.026381701231002808,0.026381701231002808
step_000225,10,9,11,0.004453137516975403,0.004453137516975403
step_000225,10,10,0,0.0007792115211486816,0.0007792115211486816
step_000225,10,10,1,-0.014025688171386719,0.014025688171386719
step_000225,10,10,2,-0.006426572799682617,0.006426572799682617
step_000225,10,10,3,0.0005167722702026367,0.0005167722702026367
step_000225,10,10,4,-0.1300710141658783,0.1300710141658783
step_000225,10,10,5,0.02760946750640869,0.02760946750640869
step_000225,10,10,6,-0.028371363878250122,0.028371363878250122
step_000225,10,10,7,-0.008742809295654297,0.008742809295654297
step_000225,10,10,8,-0.05838131904602051,0.05838131904602051
step_000225,10,10,9,0.07765686511993408,0.07765686511993408
step_000225,10,10,10,-0.027827054262161255,0.027827054262161255
step_000225,10,10,11,0.003975361585617065,0.003975361585617065
step_000250,5,1,0,0.12968967854976654,0.12968967854976654
step_000250,5,1,1,-0.051590561866760254,0.051590561866760254
step_000250,5,1,2,0.0035140514373779297,0.0035140514373779297
step_000250,5,1,3,-0.014017224311828613,0.014017224311828613
step_000250,5,1,4,-0.0458219051361084,0.0458219051361084
step_000250,5,1,5,-0.003371492028236389,0.003371492028236389
step_000250,5,1,6,0.030322283506393433,0.030322283506393433
step_000250,5,1,7,-0.05373990535736084,0.05373990535736084
step_000250,5,1,8,-0.08009719848632812,0.08009719848632812
step_000250,5,1,9,-0.038852691650390625,0.038852691650390625
step_000250,5,1,10,-0.048640161752700806,0.048640161752700806
step_000250,5,1,11,0.005670472979545593,0.005670472979545593
step_000250,5,2,0,0.07927660644054413,0.07927660644054413
step_000250,5,2,1,-0.030637741088867188,0.030637741088867188
step_000250,5,2,2,0.02940535545349121,0.02940535545349121
step_000250,5,2,3,-0.005124092102050781,0.005124092102050781
step_000250,5,2,4,0.015590459108352661,0.015590459108352661
step_000250,5,2,5,-0.0031298696994781494,0.0031298696994781494
step_000250,5,2,6,-0.01220548152923584,0.01220548152923584
step_000250,5,2,7,0.013271570205688477,0.013271570205688477
step_000250,5,2,8,-0.03245401382446289,0.03245401382446289
step_000250,5,2,9,-0.0516200065612793,0.0516200065612793
step_000250,5,2,10,-0.03085373342037201,0.03085373342037201
step_000250,5,2,11,-0.0015759170055389404,0.0015759170055389404
step_000250,5,3,0,0.11866408586502075,0.11866408586502075
step_000250,5,3,1,-0.07667779922485352,0.07667779922485352
step_000250,5,3,2,0.02436363697052002,0.02436363697052002
step_000250,5,3,3,0.01444995403289795,0.01444995403289795
step_000250,5,3,4,0.035254836082458496,0.035254836082458496
step_000250,5,3,5,-0.004892900586128235,0.004892900586128235
step_000250,5,3,6,-0.0689925104379654,0.0689925104379654
step_000250,5,3,7,-0.11194407939910889,0.11194407939910889
step_000250,5,3,8,-0.0029871463775634766,0.0029871463775634766
step_000250,5,3,9,0.00830388069152832,0.00830388069152832
step_000250,5,3,10,-0.04844510555267334,0.04844510555267334
step_000250,5,3,11,-0.0029053092002868652,0.0029053092002868652
step_000250,5,4,0,0.08212850987911224,0.08212850987911224
step_000250,5,4,1,-0.07678520679473877,0.07678520679473877
step_000250,5,4,2,0.05139195919036865,0.05139195919036865
step_000250,5,4,3,-0.0016334056854248047,0.0016334056854248047
step_000250,5,4,4,0.02345845103263855,0.02345845103263855
step_000250,5,4,5,-0.0029587149620056152,0.0029587149620056152
step_000250,5,4,6,-0.0576305091381073,0.0576305091381073
step_000250,5,4,7,-0.08933079242706299,0.08933079242706299
step_000250,5,4,8,-0.013978719711303711,0.013978719711303711
step_000250,5,4,9,0.02961897850036621,0.02961897850036621
step_000250,5,4,10,-0.03404167294502258,0.03404167294502258
step_000250,5,4,11,0.003494858741760254,0.003494858741760254
step_000250,5,5,0,0.06528402864933014,0.06528402864933014
step_000250,5,5,1,-0.05293107032775879,0.05293107032775879
step_000250,5,5,2,0.03482341766357422,0.03482341766357422
step_000250,5,5,3,0.009299516677856445,0.009299516677856445
step_000250,5,5,4,0.0018611550331115723,0.0018611550331115723
step_000250,5,5,5,-0.005208075046539307,0.005208075046539307
step_000250,5,5,6,-0.04066413640975952,0.04066413640975952
step_000250,5,5,7,-0.06836342811584473,0.06836342811584473
step_000250,5,5,8,-0.0020465850830078125,0.0020465850830078125
step_000250,5,5,9,0.02472996711730957,0.02472996711730957
step_000250,5,5,10,-0.01939454674720764,0.01939454674720764
step_000250,5,5,11,-0.006547421216964722,0.006547421216964722
step_000250,5,6,0,0.07340948283672333,0.07340948283672333
step_000250,5,6,1,-0.046260833740234375,0.046260833740234375
step_000250,5,6,2,0.05255579948425293,0.05255579948425293
step_000250,5,6,3,-0.005646824836730957,0.005646824836730957
step_000250,5,6,4,0.03941166400909424,0.03941166400909424
step_000250,5,6,5,-0.0033920258283615112,0.0033920258283615112
step_000250,5,6,6,-0.03773054480552673,0.03773054480552673
step_000250,5,6,7,-0.023461341857910156,0.023461341857910156
step_000250,5,6,8,-0.04506039619445801,0.04506039619445801
step_000250,5,6,9,0.041085243225097656,0.041085243225097656
step_000250,5,6,10,-0.015949904918670654,0.015949904918670654
step_000250,5,6,11,-0.0026004016399383545,0.0026004016399383545
step_000250,5,7,0,0.06855736672878265,0.06855736672878265
step_000250,5,7,1,-0.0665891170501709,0.0665891170501709
step_000250,5,7,2,0.05831122398376465,0.05831122398376465
step_000250,5,7,3,-0.007121562957763672,0.007121562957763672
step_000250,5,7,4,-0.01186332106590271,0.01186332106590271
step_000250,5,7,5,0.0012067556381225586,0.0012067556381225586
step_000250,5,7,6,-0.02726241946220398,0.02726241946220398
step_000250,5,7,7,-0.06534755229949951,0.06534755229949951
step_000250,5,7,8,-0.08379650115966797,0.08379650115966797
step_000250,5,7,9,0.06980109214782715,0.06980109214782715
step_000250,5,7,10,0.00811806321144104,0.00811806321144104
step_000250,5,7,11,0.008418157696723938,0.008418157696723938
step_000250,5,8,0,0.01914633810520172,0.01914633810520172
step_000250,5,8,1,-0.03774392604827881,0.03774392604827881
step_000250,5,8,2,0.00424647331237793,0.00424647331237793
step_000250,5,8,3,-0.02055811882019043,0.02055811882019043
step_000250,5,8,4,-0.09706822037696838,0.09706822037696838
step_000250,5,8,5,0.0037210434675216675,0.0037210434675216675
step_000250,5,8,6,0.06971579790115356,0.06971579790115356
step_000250,5,8,7,0.09591245651245117,0.09591245651245117
step_000250,5,8,8,-0.3078407049179077,0.3078407049179077
step_000250,5,8,9,0.1174846887588501,0.1174846887588501
step_000250,5,8,10,0.10489752888679504,0.10489752888679504
step_000250,5,8,11,0.01563437283039093,0.01563437283039093
step_000250,5,9,0,0.07077492773532867,0.07077492773532867
step_000250,5,9,1,-0.01056206226348877,0.01056206226348877
step_000250,5,9,2,-0.002070188522338867,0.002070188522338867
step_000250,5,9,3,-0.0059500932693481445,0.0059500932693481445
step_000250,5,9,4,-0.0775960385799408,0.0775960385799408
step_000250,5,9,5,0.0052480548620224,0.0052480548620224
step_000250,5,9,6,0.052492618560791016,0.052492618560791016
step_000250,5,9,7,0.1378037929534912,0.1378037929534912
step_000250,5,9,8,-0.3171271085739136,0.3171271085739136
step_000250,5,9,9,0.10809516906738281,0.10809516906738281
step_000250,5,9,10,0.10629779100418091,0.10629779100418091
step_000250,5,9,11,0.06969647109508514,0.06969647109508514
step_000250,5,10,0,0.08736945688724518,0.08736945688724518
step_000250,5,10,1,-0.052642822265625,0.052642822265625
step_000250,5,10,2,0.03764784336090088,0.03764784336090088
step_000250,5,10,3,-0.001629471778869629,0.001629471778869629
step_000250,5,10,4,-0.05186763405799866,0.05186763405799866
step_000250,5,10,5,0.0016386210918426514,0.0016386210918426514
step_000250,5,10,6,0.0215570330619812,0.0215570330619812
step_000250,5,10,7,0.07771921157836914,0.07771921157836914
step_000250,5,10,8,-0.2676495313644409,0.2676495313644409
step_000250,5,10,9,0.12433230876922607,0.12433230876922607
step_000250,5,10,10,0.07709494233131409,0.07709494233131409
step_000250,5,10,11,0.010487943887710571,0.010487943887710571
step_000250,10,1,0,0.007006049156188965,0.007006049156188965
step_000250,10,1,1,-0.009468555450439453,0.009468555450439453
step_000250,10,1,2,0.043082475662231445,0.043082475662231445
step_000250,10,1,3,0.001341104507446289,0.001341104507446289
step_000250,10,1,4,-0.04111701250076294,0.04111701250076294
step_000250,10,1,5,-2.232193946838379e-05,2.232193946838379e-05
step_000250,10,1,6,0.0007987320423126221,0.0007987320423126221
step_000250,10,1,7,0.00014781951904296875,0.00014781951904296875
step_000250,10,1,8,-0.05563962459564209,0.05563962459564209
step_000250,10,1,9,-0.005356788635253906,0.005356788635253906
step_000250,10,1,10,-0.03319525718688965,0.03319525718688965
step_000250,10,1,11,0.007816895842552185,0.007816895842552185
step_000250,10,2,0,-0.03231129050254822,0.03231129050254822
step_000250,10,2,1,0.009810090065002441,0.009810090065002441
step_000250,10,2,2,0.03866612911224365,0.03866612911224365
step_000250,10,2,3,-0.010275125503540039,0.010275125503540039
step_000250,10,2,4,-0.02289605140686035,0.02289605140686035
step_000250,10,2,5,0.0015376359224319458,0.0015376359224319458
step_000250,10,2,6,-0.014641672372817993,0.014641672372817993
step_000250,10,2,7,0.0014814138412475586,0.0014814138412475586
step_000250,10,2,8,-0.011927485466003418,0.011927485466003418
step_000250,10,2,9,-0.02132737636566162,0.02132737636566162
step_000250,10,2,10,-0.015007108449935913,0.015007108449935913
step_000250,10,2,11,-0.0014807283878326416,0.0014807283878326416
step_000250,10,3,0,-0.03695937991142273,0.03695937991142273
step_000250,10,3,1,-0.024270176887512207,0.024270176887512207
step_000250,10,3,2,0.030427932739257812,0.030427932739257812
step_000250,10,3,3,-0.0013626813888549805,0.0013626813888549805
step_000250,10,3,4,-0.09143897891044617,0.09143897891044617
step_000250,10,3,5,-0.00016160309314727783,0.00016160309314727783
step_000250,10,3,6,-0.026356518268585205,0.026356518268585205
step_000250,10,3,7,-0.07848668098449707,0.07848668098449707
step_000250,10,3,8,-0.026381731033325195,0.026381731033325195
step_000250,10,3,9,0.0353471040725708,0.0353471040725708
step_000250,10,3,10,0.003134012222290039,0.003134012222290039
step_000250,10,3,11,0.0016719996929168701,0.0016719996929168701
step_000250,10,4,0,-0.039883434772491455,0.039883434772491455
step_000250,10,4,1,-0.016775965690612793,0.016775965690612793
step_000250,10,4,2,0.02720022201538086,0.02720022201538086
step_000250,10,4,3,-0.003777742385864258,0.003777742385864258
step_000250,10,4,4,-0.07932111620903015,0.07932111620903015
step_000250,10,4,5,0.02056679129600525,0.02056679129600525
step_000250,10,4,6,-0.013120532035827637,0.013120532035827637
step_000250,10,4,7,-0.06203114986419678,0.06203114986419678
step_000250,10,4,8,-0.024847030639648438,0.024847030639648438
step_000250,10,4,9,0.03703951835632324,0.03703951835632324
step_000250,10,4,10,0.005963236093521118,0.005963236093521118
step_000250,10,4,11,0.006719127297401428,0.006719127297401428
step_000250,10,5,0,-0.04813310503959656,0.04813310503959656
step_000250,10,5,1,-0.0008268356323242188,0.0008268356323242188
step_000250,10,5,2,0.03810429573059082,0.03810429573059082
step_000250,10,5,3,0.008103013038635254,0.008103013038635254
step_000250,10,5,4,-0.0764763355255127,0.0764763355255127
step_000250,10,5,5,0.001741260290145874,0.001741260290145874
step_000250,10,5,6,-0.006551206111907959,0.006551206111907959
step_000250,10,5,7,-0.04321718215942383,0.04321718215942383
step_000250,10,5,8,-0.017319202423095703,0.017319202423095703
step_000250,10,5,9,0.041839003562927246,0.041839003562927246
step_000250,10,5,10,-0.001297980546951294,0.001297980546951294
step_000250,10,5,11,0.00011152029037475586,0.00011152029037475586
step_000250,10,6,0,-0.03313642740249634,0.03313642740249634
step_000250,10,6,1,-0.0053751468658447266,0.0053751468658447266
step_000250,10,6,2,0.03478443622589111,0.03478443622589111
step_000250,10,6,3,0.003907203674316406,0.003907203674316406
step_000250,10,6,4,-0.053163111209869385,0.053163111209869385
step_000250,10,6,5,0.007131472229957581,0.007131472229957581
step_000250,10,6,6,-0.008136779069900513,0.008136779069900513
step_000250,10,6,7,-0.018020033836364746,0.018020033836364746
step_000250,10,6,8,-0.044471025466918945,0.044471025466918945
step_000250,10,6,9,0.05311846733093262,0.05311846733093262
step_000250,10,6,10,0.000677645206451416,0.000677645206451416
step_000250,10,6,11,-0.0002768784761428833,0.0002768784761428833
step_000250,10,7,0,-0.029431596398353577,0.029431596398353577
step_000250,10,7,1,-0.005166530609130859,0.005166530609130859
step_000250,10,7,2,0.03726363182067871,0.03726363182067871
step_000250,10,7,3,-0.007677912712097168,0.007677912712097168
step_000250,10,7,4,-0.07793784141540527,0.07793784141540527
step_000250,10,7,5,0.009873151779174805,0.009873151779174805
step_000250,10,7,6,-0.010663360357284546,0.010663360357284546
step_000250,10,7,7,-0.05776822566986084,0.05776822566986084
step_000250,10,7,8,-0.068511962890625,0.068511962890625
step_000250,10,7,9,0.07390260696411133,0.07390260696411133
step_000250,10,7,10,0.017088204622268677,0.017088204622268677
step_000250,10,7,11,7.05718994140625e-05,7.05718994140625e-05
step_000250,10,8,0,-0.12974536418914795,0.12974536418914795
step_000250,10,8,1,0.05851137638092041,0.05851137638092041
step_000250,10,8,2,-0.047177791595458984,0.047177791595458984
step_000250,10,8,3,-0.009688973426818848,0.009688973426818848
step_000250,10,8,4,-0.26871219277381897,0.26871219277381897
step_000250,10,8,5,0.09033089876174927,0.09033089876174927
step_000250,10,8,6,0.03527778387069702,0.03527778387069702
step_000250,10,8,7,-0.0052977800369262695,0.0052977800369262695
step_000250,10,8,8,-0.14495742321014404,0.14495742321014404
step_000250,10,8,9,0.20376312732696533,0.20376312732696533
step_000250,10,8,10,0.017706841230392456,0.017706841230392456
step_000250,10,8,11,0.0023074448108673096,0.0023074448108673096
step_000250,10,9,0,-0.020160138607025146,0.020160138607025146
step_000250,10,9,1,0.16483402252197266,0.16483402252197266
step_000250,10,9,2,-0.13452744483947754,0.13452744483947754
step_000250,10,9,3,-0.004130125045776367,0.004130125045776367
step_000250,10,9,4,-0.24337464570999146,0.24337464570999146
step_000250,10,9,5,0.23860163241624832,0.23860163241624832
step_000250,10,9,6,0.029207229614257812,0.029207229614257812
step_000250,10,9,7,0.04801356792449951,0.04801356792449951
step_000250,10,9,8,-0.1473907232284546,0.1473907232284546
step_000250,10,9,9,0.07525074481964111,0.07525074481964111
step_000250,10,9,10,0.03228422999382019,0.03228422999382019
step_000250,10,9,11,0.009380236268043518,0.009380236268043518
step_000250,10,10,0,-0.004928022623062134,0.004928022623062134
step_000250,10,10,1,-0.00670778751373291,0.00670778751373291
step_000250,10,10,2,-0.012082099914550781,0.012082099914550781
step_000250,10,10,3,0.004783272743225098,0.004783272743225098
step_000250,10,10,4,-0.13420358300209045,0.13420358300209045
step_000250,10,10,5,0.03666757047176361,0.03666757047176361
step_000250,10,10,6,-0.030848562717437744,0.030848562717437744
step_000250,10,10,7,0.0015878677368164062,0.0015878677368164062
step_000250,10,10,8,-0.09131646156311035,0.09131646156311035
step_000250,10,10,9,0.08678150177001953,0.08678150177001953
step_000250,10,10,10,-0.021594196557998657,0.021594196557998657
step_000250,10,10,11,0.005408257246017456,0.005408257246017456
step_000275,5,1,0,0.12150369584560394,0.12150369584560394
step_000275,5,1,1,-0.04383730888366699,0.04383730888366699
step_000275,5,1,2,-0.0003077983856201172,0.0003077983856201172
step_000275,5,1,3,-0.010416865348815918,0.010416865348815918
step_000275,5,1,4,-0.045274943113327026,0.045274943113327026
step_000275,5,1,5,-0.0029203593730926514,0.0029203593730926514
step_000275,5,1,6,0.024144858121871948,0.024144858121871948
step_000275,5,1,7,-0.057448625564575195,0.057448625564575195
step_000275,5,1,8,-0.0499422550201416,0.0499422550201416
step_000275,5,1,9,-0.049918413162231445,0.049918413162231445
step_000275,5,1,10,-0.05059538781642914,0.05059538781642914
step_000275,5,1,11,0.006744310259819031,0.006744310259819031
step_000275,5,2,0,0.07297089695930481,0.07297089695930481
step_000275,5,2,1,-0.024167180061340332,0.024167180061340332
step_000275,5,2,2,0.020572185516357422,0.020572185516357422
step_000275,5,2,3,-0.0019071102142333984,0.0019071102142333984
step_000275,5,2,4,0.017481893301010132,0.017481893301010132
step_000275,5,2,5,-0.0021826624870300293,0.0021826624870300293
step_000275,5,2,6,-0.014209270477294922,0.014209270477294922
step_000275,5,2,7,0.007298469543457031,0.007298469543457031
step_000275,5,2,8,-0.01263272762298584,0.01263272762298584
step_000275,5,2,9,-0.06153690814971924,0.06153690814971924
step_000275,5,2,10,-0.03553308546543121,0.03553308546543121
step_000275,5,2,11,0.000560566782951355,0.000560566782951355
step_000275,5,3,0,0.11146913468837738,0.11146913468837738
step_000275,5,3,1,-0.06767678260803223,0.06767678260803223
step_000275,5,3,2,0.017707347869873047,0.017707347869873047
step_000275,5,3,3,0.017922163009643555,0.017922163009643555
step_000275,5,3,4,0.04025524854660034,0.04025524854660034
step_000275,5,3,5,-0.0035858154296875,0.0035858154296875
step_000275,5,3,6,-0.0700133740901947,0.0700133740901947
step_000275,5,3,7,-0.1118929386138916,0.1118929386138916
step_000275,5,3,8,0.016534805297851562,0.016534805297851562
step_000275,5,3,9,-0.006074666976928711,0.006074666976928711
step_000275,5,3,10,-0.057626545429229736,0.057626545429229736
step_000275,5,3,11,-0.0009557008743286133,0.0009557008743286133
step_000275,5,4,0,0.07384829223155975,0.07384829223155975
step_000275,5,4,1,-0.06987416744232178,0.06987416744232178
step_000275,5,4,2,0.04561638832092285,0.04561638832092285
step_000275,5,4,3,0.0027805566787719727,0.0027805566787719727
step_000275,5,4,4,0.02881816029548645,0.02881816029548645
step_000275,5,4,5,-0.0023385584354400635,0.0023385584354400635
step_000275,5,4,6,-0.0590856671333313,0.0590856671333313
step_000275,5,4,7,-0.09152007102966309,0.09152007102966309
step_000275,5,4,8,0.011105537414550781,0.011105537414550781
step_000275,5,4,9,0.01289379596710205,0.01289379596710205
step_000275,5,4,10,-0.04542577266693115,0.04542577266693115
step_000275,5,4,11,0.004749521613121033,0.004749521613121033
step_000275,5,5,0,0.0567670613527298,0.0567670613527298
step_000275,5,5,1,-0.047896504402160645,0.047896504402160645
step_000275,5,5,2,0.027776598930358887,0.027776598930358887
step_000275,5,5,3,0.012875080108642578,0.012875080108642578
step_000275,5,5,4,0.006262630224227905,0.006262630224227905
step_000275,5,5,5,-0.004947856068611145,0.004947856068611145
step_000275,5,5,6,-0.04279258847236633,0.04279258847236633
step_000275,5,5,7,-0.07435047626495361,0.07435047626495361
step_000275,5,5,8,0.015950322151184082,0.015950322151184082
step_000275,5,5,9,0.00954294204711914,0.00954294204711914
step_000275,5,5,10,-0.03193143010139465,0.03193143010139465
step_000275,5,5,11,-0.0041754841804504395,0.0041754841804504395
step_000275,5,6,0,0.06329768896102905,0.06329768896102905
step_000275,5,6,1,-0.03879857063293457,0.03879857063293457
step_000275,5,6,2,0.04501605033874512,0.04501605033874512
step_000275,5,6,3,-0.0009802579879760742,0.0009802579879760742
step_000275,5,6,4,0.04167395830154419,0.04167395830154419
step_000275,5,6,5,-0.0030313730239868164,0.0030313730239868164
step_000275,5,6,6,-0.04007682204246521,0.04007682204246521
step_000275,5,6,7,-0.04012799263000488,0.04012799263000488
step_000275,5,6,8,-0.010705232620239258,0.010705232620239258
step_000275,5,6,9,0.0186842679977417,0.0186842679977417
step_000275,5,6,10,-0.03087526559829712,0.03087526559829712
step_000275,5,6,11,-0.0025674551725387573,0.0025674551725387573
step_000275,5,7,0,0.05816298723220825,0.05816298723220825
step_000275,5,7,1,-0.0554962158203125,0.0554962158203125
step_000275,5,7,2,0.048221468925476074,0.048221468925476074
step_000275,5,7,3,-0.001184225082397461,0.001184225082397461
step_000275,5,7,4,-0.00549432635307312,0.00549432635307312
step_000275,5,7,5,0.0015121996402740479,0.0015121996402740479
step_000275,5,7,6,-0.031289443373680115,0.031289443373680115
step_000275,5,7,7,-0.08014369010925293,0.08014369010925293
step_000275,5,7,8,-0.03348517417907715,0.03348517417907715
step_000275,5,7,9,0.03843843936920166,0.03843843936920166
step_000275,5,7,10,-0.014543861150741577,0.014543861150741577
step_000275,5,7,11,0.0018722862005233765,0.0018722862005233765
step_000275,5,8,0,0.012900546193122864,0.012900546193122864
step_000275,5,8,1,-0.03728377819061279,0.03728377819061279
step_000275,5,8,2,0.015214323997497559,0.015214323997497559
step_000275,5,8,3,-0.011337518692016602,0.011337518692016602
step_000275,5,8,4,-0.08110454678535461,0.08110454678535461
step_000275,5,8,5,0.0022497475147247314,0.0022497475147247314
step_000275,5,8,6,0.046106576919555664,0.046106576919555664
step_000275,5,8,7,0.01185750961303711,0.01185750961303711
step_000275,5,8,8,-0.17251455783843994,0.17251455783843994
step_000275,5,8,9,0.06979048252105713,0.06979048252105713
step_000275,5,8,10,0.0579695999622345,0.0579695999622345
step_000275,5,8,11,0.006399184465408325,0.006399184465408325
step_000275,5,9,0,0.055225878953933716,0.055225878953933716
step_000275,5,9,1,-0.018999814987182617,0.018999814987182617
step_000275,5,9,2,0.015675783157348633,0.015675783157348633
step_000275,5,9,3,0.0024825334548950195,0.0024825334548950195
step_000275,5,9,4,-0.05311349034309387,0.05311349034309387
step_000275,5,9,5,0.004767864942550659,0.004767864942550659
step_000275,5,9,6,0.029906541109085083,0.029906541109085083
step_000275,5,9,7,0.0019649267196655273,0.0019649267196655273
step_000275,5,9,8,-0.14633595943450928,0.14633595943450928
step_000275,5,9,9,0.05614650249481201,0.05614650249481201
step_000275,5,9,10,0.042520880699157715,0.042520880699157715
step_000275,5,9,11,0.011903703212738037,0.011903703212738037
step_000275,5,10,0,0.06766150891780853,0.06766150891780853
step_000275,5,10,1,-0.046320557594299316,0.046320557594299316
step_000275,5,10,2,0.03742027282714844,0.03742027282714844
step_000275,5,10,3,0.006080031394958496,0.006080031394958496
step_000275,5,10,4,-0.04124698042869568,0.04124698042869568
step_000275,5,10,5,0.00019362568855285645,0.00019362568855285645
step_000275,5,10,6,0.006237775087356567,0.006237775087356567
step_000275,5,10,7,-0.017659425735473633,0.017659425735473633
step_000275,5,10,8,-0.12343990802764893,0.12343990802764893
step_000275,5,10,9,0.07728159427642822,0.07728159427642822
step_000275,5,10,10,0.027365803718566895,0.027365803718566895
step_000275,5,10,11,0.002706661820411682,0.002706661820411682
step_000275,10,1,0,0.003381490707397461,0.003381490707397461
step_000275,10,1,1,-0.004329204559326172,0.004329204559326172
step_000275,10,1,2,0.03951001167297363,0.03951001167297363
step_000275,10,1,3,-0.00012123584747314453,0.00012123584747314453
step_000275,10,1,4,-0.0354672372341156,0.0354672372341156
step_000275,10,1,5,0.0010597705841064453,0.0010597705841064453
step_000275,10,1,6,0.007323771715164185,0.007323771715164185
step_000275,10,1,7,-0.008079767227172852,0.008079767227172852
step_000275,10,1,8,-0.024220705032348633,0.024220705032348633
step_000275,10,1,9,-0.01890265941619873,0.01890265941619873
step_000275,10,1,10,-0.030775129795074463,0.030775129795074463
step_000275,10,1,11,0.009427905082702637,0.009427905082702637
step_000275,10,2,0,-0.03376761078834534,0.03376761078834534
step_000275,10,2,1,0.015081644058227539,0.015081644058227539
step_000275,10,2,2,0.031726717948913574,0.031726717948913574
step_000275,10,2,3,-0.01030874252319336,0.01030874252319336
step_000275,10,2,4,-0.017321795225143433,0.017321795225143433
step_000275,10,2,5,0.002022355794906616,0.002022355794906616
step_000275,10,2,6,-0.006450474262237549,0.006450474262237549
step_000275,10,2,7,-0.008508443832397461,0.008508443832397461
step_000275,10,2,8,0.008874177932739258,0.008874177932739258
step_000275,10,2,9,-0.0316472053527832,0.0316472053527832
step_000275,10,2,10,-0.01483619213104248,0.01483619213104248
step_000275,10,2,11,0.0016628652811050415,0.0016628652811050415
step_000275,10,3,0,-0.036316126585006714,0.036316126585006714
step_000275,10,3,1,-0.0161440372467041,0.0161440372467041
step_000275,10,3,2,0.028501152992248535,0.028501152992248535
step_000275,10,3,3,-0.0012625455856323242,0.0012625455856323242
step_000275,10,3,4,-0.08071061968803406,0.08071061968803406
step_000275,10,3,5,0.001049324870109558,0.001049324870109558
step_000275,10,3,6,-0.016550272703170776,0.016550272703170776
step_000275,10,3,7,-0.08269500732421875,0.08269500732421875
step_000275,10,3,8,0.0024039745330810547,0.0024039745330810547
step_000275,10,3,9,0.018204092979431152,0.018204092979431152
step_000275,10,3,10,-0.0003930330276489258,0.0003930330276489258
step_000275,10,3,11,0.0037174075841903687,0.0037174075841903687
step_000275,10,4,0,-0.038153111934661865,0.038153111934661865
step_000275,10,4,1,-0.009506583213806152,0.009506583213806152
step_000275,10,4,2,0.027889490127563477,0.027889490127563477
step_000275,10,4,3,-0.003608226776123047,0.003608226776123047
step_000275,10,4,4,-0.06340491771697998,0.06340491771697998
step_000275,10,4,5,0.014679446816444397,0.014679446816444397
step_000275,10,4,6,-0.006430387496948242,0.006430387496948242
step_000275,10,4,7,-0.06783854961395264,0.06783854961395264
step_000275,10,4,8,-0.0004087686538696289,0.0004087686538696289
step_000275,10,4,9,0.019977807998657227,0.019977807998657227
step_000275,10,4,10,0.0017395317554473877,0.0017395317554473877
step_000275,10,4,11,0.009201526641845703,0.009201526641845703
step_000275,10,5,0,-0.04729732871055603,0.04729732871055603
step_000275,10,5,1,0.0014100074768066406,0.0014100074768066406
step_000275,10,5,2,0.03389406204223633,0.03389406204223633
step_000275,10,5,3,0.008726954460144043,0.008726954460144043
step_000275,10,5,4,-0.06648898124694824,0.06648898124694824
step_000275,10,5,5,0.001638263463973999,0.001638263463973999
step_000275,10,5,6,0.00046756863594055176,0.00046756863594055176
step_000275,10,5,7,-0.04958653450012207,0.04958653450012207
step_000275,10,5,8,-0.001479029655456543,0.001479029655456543
step_000275,10,5,9,0.028018712997436523,0.028018712997436523
step_000275,10,5,10,-0.004395395517349243,0.004395395517349243
step_000275,10,5,11,0.003493890166282654,0.003493890166282654
step_000275,10,6,0,-0.03623887896537781,0.03623887896537781
step_000275,10,6,1,0.0017867088317871094,0.0017867088317871094
step_000275,10,6,2,0.028601646423339844,0.028601646423339844
step_000275,10,6,3,0.005659222602844238,0.005659222602844238
step_000275,10,6,4,-0.04650881886482239,0.04650881886482239
step_000275,10,6,5,0.007559061050415039,0.007559061050415039
step_000275,10,6,6,0.0006187260150909424,0.0006187260150909424
step_000275,10,6,7,-0.03645169734954834,0.03645169734954834
step_000275,10,6,8,-0.01257181167602539,0.01257181167602539
step_000275,10,6,9,0.03389298915863037,0.03389298915863037
step_000275,10,6,10,-0.0034470558166503906,0.0034470558166503906
step_000275,10,6,11,0.0021006017923355103,0.0021006017923355103
step_000275,10,7,0,-0.03071005642414093,0.03071005642414093
step_000275,10,7,1,0.0027036666870117188,0.0027036666870117188
step_000275,10,7,2,0.031709909439086914,0.031709909439086914
step_000275,10,7,3,-0.005344510078430176,0.005344510078430176
step_000275,10,7,4,-0.06754672527313232,0.06754672527313232
step_000275,10,7,5,0.009839683771133423,0.009839683771133423
step_000275,10,7,6,-0.002248138189315796,0.002248138189315796
step_000275,10,7,7,-0.07267403602600098,0.07267403602600098
step_000275,10,7,8,-0.02932727336883545,0.02932727336883545
step_000275,10,7,9,0.051508188247680664,0.051508188247680664
step_000275,10,7,10,0.009740680456161499,0.009740680456161499
step_000275,10,7,11,0.0002574622631072998,0.0002574622631072998
step_000275,10,8,0,-0.1171002984046936,0.1171002984046936
step_000275,10,8,1,0.03436779975891113,0.03436779975891113
step_000275,10,8,2,-0.02220308780670166,0.02220308780670166
step_000275,10,8,3,-0.007909536361694336,0.007909536361694336
step_000275,10,8,4,-0.22967782616615295,0.22967782616615295
step_000275,10,8,5,0.06338641792535782,0.06338641792535782
step_000275,10,8,6,0.03632572293281555,0.03632572293281555
step_000275,10,8,7,-0.04465615749359131,0.04465615749359131
step_000275,10,8,8,-0.08219289779663086,0.08219289779663086
step_000275,10,8,9,0.17867696285247803,0.17867696285247803
step_000275,10,8,10,-0.00102958083152771,0.00102958083152771
step_000275,10,8,11,0.003455832600593567,0.003455832600593567
step_000275,10,9,0,-0.029202133417129517,0.029202133417129517
step_000275,10,9,1,0.0843362808227539,0.0843362808227539
step_000275,10,9,2,-0.07741045951843262,0.07741045951843262
step_000275,10,9,3,-0.006615042686462402,0.006615042686462402
step_000275,10,9,4,-0.18486058712005615,0.18486058712005615
step_000275,10,9,5,0.11422070115804672,0.11422070115804672
step_000275,10,9,6,0.034887343645095825,0.034887343645095825
step_000275,10,9,7,-0.007765650749206543,0.007765650749206543
step_000275,10,9,8,-0.07260668277740479,0.07260668277740479
step_000275,10,9,9,0.05418598651885986,0.05418598651885986
step_000275,10,9,10,0.011257946491241455,0.011257946491241455
step_000275,10,9,11,0.005635857582092285,0.005635857582092285
step_000275,10,10,0,-0.008507192134857178,0.008507192134857178
step_000275,10,10,1,-0.019655823707580566,0.019655823707580566
step_000275,10,10,2,0.005868315696716309,0.005868315696716309
step_000275,10,10,3,0.004043102264404297,0.004043102264404297
step_000275,10,10,4,-0.1022513210773468,0.1022513210773468
step_000275,10,10,5,0.01655726134777069,0.01655726134777069
step_000275,10,10,6,-0.025684237480163574,0.025684237480163574
step_000275,10,10,7,-0.03810596466064453,0.03810596466064453
step_000275,10,10,8,-0.030238628387451172,0.030238628387451172
step_000275,10,10,9,0.06407713890075684,0.06407713890075684
step_000275,10,10,10,-0.03495228290557861,0.03495228290557861
step_000275,10,10,11,0.0064279139041900635,0.0064279139041900635
step_000300,5,1,0,0.1206093579530716,0.1206093579530716
step_000300,5,1,1,-0.04247581958770752,0.04247581958770752
step_000300,5,1,2,-0.00026607513427734375,0.00026607513427734375
step_000300,5,1,3,-0.008973836898803711,0.008973836898803711
step_000300,5,1,4,-0.045957475900650024,0.045957475900650024
step_000300,5,1,5,-0.0008559674024581909,0.0008559674024581909
step_000300,5,1,6,0.01727542281150818,0.01727542281150818
step_000300,5,1,7,-0.07220113277435303,0.07220113277435303
step_000300,5,1,8,-0.04865717887878418,0.04865717887878418
step_000300,5,1,9,-0.05231010913848877,0.05231010913848877
step_000300,5,1,10,-0.05458378791809082,0.05458378791809082
step_000300,5,1,11,-0.0010641664266586304,0.0010641664266586304
step_000300,5,2,0,0.06955404579639435,0.06955404579639435
step_000300,5,2,1,-0.017791748046875,0.017791748046875
step_000300,5,2,2,0.01978909969329834,0.01978909969329834
step_000300,5,2,3,-0.0010607242584228516,0.0010607242584228516
step_000300,5,2,4,0.016549408435821533,0.016549408435821533
step_000300,5,2,5,-0.0002608001232147217,0.0002608001232147217
step_000300,5,2,6,-0.020610347390174866,0.020610347390174866
step_000300,5,2,7,-0.0031273365020751953,0.0031273365020751953
step_000300,5,2,8,-0.013245105743408203,0.013245105743408203
step_000300,5,2,9,-0.0638810396194458,0.0638810396194458
step_000300,5,2,10,-0.03914196789264679,0.03914196789264679
step_000300,5,2,11,-0.006942823529243469,0.006942823529243469
step_000300,5,3,0,0.1093893051147461,0.1093893051147461
step_000300,5,3,1,-0.0647726058959961,0.0647726058959961
step_000300,5,3,2,0.01679050922393799,0.01679050922393799
step_000300,5,3,3,0.019167304039001465,0.019167304039001465
step_000300,5,3,4,0.03935322165489197,0.03935322165489197
step_000300,5,3,5,-0.0026761293411254883,0.0026761293411254883
step_000300,5,3,6,-0.07636179029941559,0.07636179029941559
step_000300,5,3,7,-0.12206292152404785,0.12206292152404785
step_000300,5,3,8,0.019547224044799805,0.019547224044799805
step_000300,5,3,9,-0.009966135025024414,0.009966135025024414
step_000300,5,3,10,-0.06354475021362305,0.06354475021362305
step_000300,5,3,11,-0.008417561650276184,0.008417561650276184
step_000300,5,4,0,0.07127265632152557,0.07127265632152557
step_000300,5,4,1,-0.06313896179199219,0.06313896179199219
step_000300,5,4,2,0.044911742210388184,0.044911742210388184
step_000300,5,4,3,0.004673600196838379,0.004673600196838379
step_000300,5,4,4,0.028554081916809082,0.028554081916809082
step_000300,5,4,5,-0.0007662475109100342,0.0007662475109100342
step_000300,5,4,6,-0.06559012830257416,0.06559012830257416
step_000300,5,4,7,-0.09984695911407471,0.09984695911407471
step_000300,5,4,8,0.010898113250732422,0.010898113250732422
step_000300,5,4,9,0.009543538093566895,0.009543538093566895
step_000300,5,4,10,-0.05232185125350952,0.05232185125350952
step_000300,5,4,11,-0.0025534629821777344,0.0025534629821777344
step_000300,5,5,0,0.053989797830581665,0.053989797830581665
step_000300,5,5,1,-0.04301607608795166,0.04301607608795166
step_000300,5,5,2,0.026714324951171875,0.026714324951171875
step_000300,5,5,3,0.015195727348327637,0.015195727348327637
step_000300,5,5,4,0.006186425685882568,0.006186425685882568
step_000300,5,5,5,-0.004574134945869446,0.004574134945869446
step_000300,5,5,6,-0.04971517622470856,0.04971517622470856
step_000300,5,5,7,-0.08682382106781006,0.08682382106781006
step_000300,5,5,8,0.01729893684387207,0.01729893684387207
step_000300,5,5,9,0.005742669105529785,0.005742669105529785
step_000300,5,5,10,-0.03973373770713806,0.03973373770713806
step_000300,5,5,11,-0.012064605951309204,0.012064605951309204
step_000300,5,6,0,0.06065133213996887,0.06065133213996887
step_000300,5,6,1,-0.03395700454711914,0.03395700454711914
step_000300,5,6,2,0.04105198383331299,0.04105198383331299
step_000300,5,6,3,0.0006227493286132812,0.0006227493286132812
step_000300,5,6,4,0.041396766901016235,0.041396766901016235
step_000300,5,6,5,-0.0014927983283996582,0.0014927983283996582
step_000300,5,6,6,-0.04806333780288696,0.04806333780288696
step_000300,5,6,7,-0.049085378646850586,0.049085378646850586
step_000300,5,6,8,-0.009795188903808594,0.009795188903808594
step_000300,5,6,9,0.015324950218200684,0.015324950218200684
step_000300,5,6,10,-0.038444340229034424,0.038444340229034424
step_000300,5,6,11,-0.009639158844947815,0.009639158844947815
step_000300,5,7,0,0.05494387447834015,0.05494387447834015
step_000300,5,7,1,-0.05064249038696289,0.05064249038696289
step_000300,5,7,2,0.04777371883392334,0.04777371883392334
step_000300,5,7,3,2.467632293701172e-05,2.467632293701172e-05
step_000300,5,7,4,-0.006701439619064331,0.006701439619064331
step_000300,5,7,5,0.002868562936782837,0.002868562936782837
step_000300,5,7,6,-0.04008091986179352,0.04008091986179352
step_000300,5,7,7,-0.09339714050292969,0.09339714050292969
step_000300,5,7,8,-0.03213000297546387,0.03213000297546387
step_000300,5,7,9,0.033608436584472656,0.033608436584472656
step_000300,5,7,10,-0.02350670099258423,0.02350670099258423
step_000300,5,7,11,-0.0050808340311050415,0.0050808340311050415
step_000300,5,8,0,0.010352909564971924,0.010352909564971924
step_000300,5,8,1,-0.03280019760131836,0.03280019760131836
step_000300,5,8,2,0.016746044158935547,0.016746044158935547
step_000300,5,8,3,-0.008283019065856934,0.008283019065856934
step_000300,5,8,4,-0.08035251498222351,0.08035251498222351
step_000300,5,8,5,0.0034908801317214966,0.0034908801317214966
step_000300,5,8,6,0.028048396110534668,0.028048396110534668
step_000300,5,8,7,-0.008251190185546875,0.008251190185546875
step_000300,5,8,8,-0.15612149238586426,0.15612149238586426
step_000300,5,8,9,0.06257402896881104,0.06257402896881104
step_000300,5,8,10,0.03991633653640747,0.03991633653640747
step_000300,5,8,11,-0.0008562803268432617,0.0008562803268432617
step_000300,5,9,0,0.05218824744224548,0.05218824744224548
step_000300,5,9,1,-0.01566004753112793,0.01566004753112793
step_000300,5,9,2,0.016184091567993164,0.016184091567993164
step_000300,5,9,3,0.004771113395690918,0.004771113395690918
step_000300,5,9,4,-0.05088537931442261,0.05088537931442261
step_000300,5,9,5,0.005524098873138428,0.005524098873138428
step_000300,5,9,6,0.012632161378860474,0.012632161378860474
step_000300,5,9,7,-0.022070765495300293,0.022070765495300293
step_000300,5,9,8,-0.12702107429504395,0.12702107429504395
step_000300,5,9,9,0.04913449287414551,0.04913449287414551
step_000300,5,9,10,0.02374967932701111,0.02374967932701111
step_000300,5,9,11,0.004527032375335693,0.004527032375335693
step_000300,5,10,0,0.064170241355896,0.064170241355896
step_000300,5,10,1,-0.04232335090637207,0.04232335090637207
step_000300,5,10,2,0.036068081855773926,0.036068081855773926
step_000300,5,10,3,0.008568048477172852,0.008568048477172852
step_000300,5,10,4,-0.03941941261291504,0.03941941261291504
step_000300,5,10,5,0.00042304396629333496,0.00042304396629333496
step_000300,5,10,6,-0.007728010416030884,0.007728010416030884
step_000300,5,10,7,-0.03733479976654053,0.03733479976654053
step_000300,5,10,8,-0.11039018630981445,0.11039018630981445
step_000300,5,10,9,0.07136130332946777,0.07136130332946777
step_000300,5,10,10,0.010896056890487671,0.010896056890487671
step_000300,5,10,11,-0.005380749702453613,0.005380749702453613
step_000300,10,1,0,0.000563889741897583,0.000563889741897583
step_000300,10,1,1,0.0016238689422607422,0.0016238689422607422
step_000300,10,1,2,0.03994560241699219,0.03994560241699219
step_000300,10,1,3,-0.00028252601623535156,0.00028252601623535156
step_000300,10,1,4,-0.03484410047531128,0.03484410047531128
step_000300,10,1,5,0.0023170262575149536,0.0023170262575149536
step_000300,10,1,6,-0.0016695261001586914,0.0016695261001586914
step_000300,10,1,7,-0.020075082778930664,0.020075082778930664
step_000300,10,1,8,-0.024516582489013672,0.024516582489013672
step_000300,10,1,9,-0.020862221717834473,0.020862221717834473
step_000300,10,1,10,-0.03401428461074829,0.03401428461074829
step_000300,10,1,11,0.0020458847284317017,0.0020458847284317017
step_000300,10,2,0,-0.036927610635757446,0.036927610635757446
step_000300,10,2,1,0.02250540256500244,0.02250540256500244
step_000300,10,2,2,0.029868245124816895,0.029868245124816895
step_000300,10,2,3,-0.010366320610046387,0.010366320610046387
step_000300,10,2,4,-0.01684167981147766,0.01684167981147766
step_000300,10,2,5,0.0036279112100601196,0.0036279112100601196
step_000300,10,2,6,-0.01357606053352356,0.01357606053352356
step_000300,10,2,7,-0.02086639404296875,0.02086639404296875
step_000300,10,2,8,0.008505582809448242,0.008505582809448242
step_000300,10,2,9,-0.03334534168243408,0.03334534168243408
step_000300,10,2,10,-0.0168459415435791,0.0168459415435791
step_000300,10,2,11,-0.0062955766916275024,0.0062955766916275024
step_000300,10,3,0,-0.040490537881851196,0.040490537881851196
step_000300,10,3,1,-0.010441899299621582,0.010441899299621582
step_000300,10,3,2,0.027451753616333008,0.027451753616333008
step_000300,10,3,3,-0.0006300210952758789,0.0006300210952758789
step_000300,10,3,4,-0.07904002070426941,0.07904002070426941
step_000300,10,3,5,0.0022798776626586914,0.0022798776626586914
step_000300,10,3,6,-0.023625850677490234,0.023625850677490234
step_000300,10,3,7,-0.0910494327545166,0.0910494327545166
step_000300,10,3,8,0.0026193857192993164,0.0026193857192993164
step_000300,10,3,9,0.014858365058898926,0.014858365058898926
step_000300,10,3,10,-0.005858242511749268,0.005858242511749268
step_000300,10,3,11,-0.0037342607975006104,0.0037342607975006104
step_000300,10,4,0,-0.04189020395278931,0.04189020395278931
step_000300,10,4,1,-0.0017834901809692383,0.0017834901809692383
step_000300,10,4,2,0.026285886764526367,0.026285886764526367
step_000300,10,4,3,-0.0028487443923950195,0.0028487443923950195
step_000300,10,4,4,-0.06188073754310608,0.06188073754310608
step_000300,10,4,5,0.017304539680480957,0.017304539680480957
step_000300,10,4,6,-0.01271742582321167,0.01271742582321167
step_000300,10,4,7,-0.07454514503479004,0.07454514503479004
step_000300,10,4,8,0.00010263919830322266,0.00010263919830322266
step_000300,10,4,9,0.016208291053771973,0.016208291053771973
step_000300,10,4,10,-0.00413021445274353,0.00413021445274353
step_000300,10,4,11,0.0021376460790634155,0.0021376460790634155
step_000300,10,5,0,-0.05164915323257446,0.05164915323257446
step_000300,10,5,1,0.007913947105407715,0.007913947105407715
step_000300,10,5,2,0.030897140502929688,0.030897140502929688
step_000300,10,5,3,0.009807944297790527,0.009807944297790527
step_000300,10,5,4,-0.06431621313095093,0.06431621313095093
step_000300,10,5,5,0.00254271924495697,0.00254271924495697
step_000300,10,5,6,-0.0073715150356292725,0.0073715150356292725
step_000300,10,5,7,-0.06119179725646973,0.06119179725646973
step_000300,10,5,8,-0.0012476444244384766,0.0012476444244384766
step_000300,10,5,9,0.025104284286499023,0.025104284286499023
step_000300,10,5,10,-0.010260581970214844,0.010260581970214844
step_000300,10,5,11,-0.0035223066806793213,0.0035223066806793213
step_000300,10,6,0,-0.039240509271621704,0.039240509271621704
step_000300,10,6,1,0.007146120071411133,0.007146120071411133
step_000300,10,6,2,0.02714073657989502,0.02714073657989502
step_000300,10,6,3,0.006745100021362305,0.006745100021362305
step_000300,10,6,4,-0.044217824935913086,0.044217824935913086
step_000300,10,6,5,0.009354472160339355,0.009354472160339355
step_000300,10,6,6,-0.00725400447845459,0.00725400447845459
step_000300,10,6,7,-0.048218488693237305,0.048218488693237305
step_000300,10,6,8,-0.011134624481201172,0.011134624481201172
step_000300,10,6,9,0.030110716819763184,0.030110716819763184
step_000300,10,6,10,-0.009530425071716309,0.009530425071716309
step_000300,10,6,11,-0.00449804961681366,0.00449804961681366
step_000300,10,7,0,-0.03420688211917877,0.03420688211917877
step_000300,10,7,1,0.00893402099609375,0.00893402099609375
step_000300,10,7,2,0.029945015907287598,0.029945015907287598
step_000300,10,7,3,-0.004246711730957031,0.004246711730957031
step_000300,10,7,4,-0.066569983959198,0.066569983959198
step_000300,10,7,5,0.011501520872116089,0.011501520872116089
step_000300,10,7,6,-0.010157883167266846,0.010157883167266846
step_000300,10,7,7,-0.083473801612854,0.083473801612854
step_000300,10,7,8,-0.02898263931274414,0.02898263931274414
step_000300,10,7,9,0.04710280895233154,0.04710280895233154
step_000300,10,7,10,0.004075437784194946,0.004075437784194946
step_000300,10,7,11,-0.006434798240661621,0.006434798240661621
step_000300,10,8,0,-0.12405571341514587,0.12405571341514587
step_000300,10,8,1,0.04312121868133545,0.04312121868133545
step_000300,10,8,2,-0.021942615509033203,0.021942615509033203
step_000300,10,8,3,-0.00736391544342041,0.00736391544342041
step_000300,10,8,4,-0.2317972481250763,0.2317972481250763
step_000300,10,8,5,0.07109513133764267,0.07109513133764267
step_000300,10,8,6,0.025128304958343506,0.025128304958343506
step_000300,10,8,7,-0.06073200702667236,0.06073200702667236
step_000300,10,8,8,-0.07039284706115723,0.07039284706115723
step_000300,10,8,9,0.17357134819030762,0.17357134819030762
step_000300,10,8,10,-0.01253005862236023,0.01253005862236023
step_000300,10,8,11,-0.0030248910188674927,0.0030248910188674927
step_000300,10,9,0,-0.0367426872253418,0.0367426872253418
step_000300,10,9,1,0.08912491798400879,0.08912491798400879
step_000300,10,9,2,-0.0770726203918457,0.0770726203918457
step_000300,10,9,3,-0.007624626159667969,0.007624626159667969
step_000300,10,9,4,-0.18387281894683838,0.18387281894683838
step_000300,10,9,5,0.12688232958316803,0.12688232958316803
step_000300,10,9,6,0.024882137775421143,0.024882137775421143
step_000300,10,9,7,-0.025467872619628906,0.025467872619628906
step_000300,10,9,8,-0.06279599666595459,0.06279599666595459
step_000300,10,9,9,0.049802422523498535,0.049802422523498535
step_000300,10,9,10,8.472800254821777e-05,8.472800254821777e-05
step_000300,10,9,11,-0.00026533007621765137,0.00026533007621765137
step_000300,10,10,0,-0.014358192682266235,0.014358192682266235
step_000300,10,10,1,-0.014807701110839844,0.014807701110839844
step_000300,10,10,2,0.004669785499572754,0.004669785499572754
step_000300,10,10,3,0.004361867904663086,0.004361867904663086
step_000300,10,10,4,-0.09945014119148254,0.09945014119148254
step_000300,10,10,5,0.01894591748714447,0.01894591748714447
step_000300,10,10,6,-0.03439188003540039,0.03439188003540039
step_000300,10,10,7,-0.05429422855377197,0.05429422855377197
step_000300,10,10,8,-0.02563762664794922,0.02563762664794922
step_000300,10,10,9,0.06007564067840576,0.06007564067840576
step_000300,10,10,10,-0.04495003819465637,0.04495003819465637
step_000300,10,10,11,-0.0008974522352218628,0.0008974522352218628
