condition,boundary_action,local_action,global_action,conditions_passed,conditions_total,geometric_success
cached_h50,5,1,6,2,4,False
cached_h50,5,2,7,2,4,False
cached_h50,5,3,8,2,4,False
cached_h50,5,4,9,2,4,False
cached_h50,5,5,10,2,4,False
cached_h50,5,6,11,2,4,False
cached_h50,5,7,12,2,4,False
cached_h50,5,8,13,2,4,False
cached_h50,5,9,14,2,4,False
cached_h50,5,10,15,2,4,False
cached_h50,5,11,16,2,4,False
cached_h50,5,12,17,2,4,False
cached_h50,5,13,18,2,4,False
cached_h50,5,14,19,2,4,False
cached_h50,5,15,20,2,4,False
cached_h50,5,16,21,2,4,False
cached_h50,5,17,22,2,4,False
cached_h50,5,18,23,2,4,False
cached_h50,5,19,24,2,4,False
cached_h50,5,20,25,2,4,False
cached_h50,5,21,26,2,4,False
cached_h50,5,22,27,2,4,False
cached_h50,5,23,28,2,4,False
cached_h50,5,24,29,2,4,False
cached_h50,5,25,30,2,4,False
cached_h50,5,26,31,2,4,False
cached_h50,5,27,32,2,4,False
cached_h50,5,28,33,2,4,False
cached_h50,5,29,34,2,4,False
cached_h50,5,30,35,2,4,False
cached_h50,5,31,36,2,4,False
cached_h50,5,32,37,2,4,False
cached_h50,5,33,38,2,4,False
cached_h50,5,34,39,2,4,False
cached_h50,5,35,40,2,4,False
cached_h50,5,36,41,2,4,False
cached_h50,5,37,42,2,4,False
cached_h50,5,38,43,2,4,False
cached_h50,5,39,44,2,4,False
cached_h50,5,40,45,2,4,False
cached_h50,5,41,46,2,4,False
cached_h50,5,42,47,2,4,False
cached_h50,5,43,48,2,4,False
cached_h50,5,44,49,2,4,False
cached_h50,5,45,50,2,4,False
cached_h50,5,46,51,2,4,False
cached_h50,5,47,52,2,4,False
cached_h50,5,48,53,2,4,False
cached_h50,5,49,54,2,4,False
cached_h50,5,50,55,2,4,False
cached_h50,5,51,56,2,4,False
cached_h50,5,52,57,2,4,False
cached_h50,5,53,58,2,4,False
cached_h50,5,54,59,2,4,False
cached_h50,5,55,60,2,4,False
cached_h50,5,56,61,2,4,False
cached_h50,5,57,62,2,4,False
cached_h50,5,58,63,2,4,False
cached_h50,5,59,64,2,4,False
cached_h50,5,60,65,2,4,False
cached_h50,5,61,66,2,4,False
cached_h50,5,62,67,2,4,False
cached_h50,5,63,68,2,4,False
cached_h50,5,64,69,2,4,False
cached_h50,5,65,70,2,4,False
cached_h50,5,66,71,2,4,False
cached_h50,5,67,72,2,4,False
cached_h50,5,68,73,2,4,False
cached_h50,5,69,74,2,4,False
cached_h50,5,70,75,2,4,False
cached_h50,5,71,76,2,4,False
cached_h50,5,72,77,2,4,False
cached_h50,5,73,78,2,4,False
cached_h50,5,74,79,2,4,False
cached_h50,5,75,80,2,4,False
cached_h50,5,76,81,2,4,False
cached_h50,5,77,82,2,4,False
cached_h50,5,78,83,2,4,False
cached_h50,5,79,84,2,4,False
cached_h50,5,80,85,2,4,False
cached_h50,5,81,86,2,4,False
cached_h50,5,82,87,2,4,False
cached_h50,5,83,88,2,4,False
cached_h50,5,84,89,2,4,False
cached_h50,5,85,90,2,4,False
cached_h50,5,86,91,2,4,False
cached_h50,5,87,92,2,4,False
cached_h50,5,88,93,2,4,False
cached_h50,5,89,94,2,4,False
cached_h50,5,90,95,2,4,False
cached_h50,5,91,96,2,4,False
cached_h50,5,92,97,2,4,False
cached_h50,5,93,98,2,4,False
cached_h50,5,94,99,2,4,False
cached_h50,5,95,100,2,4,False
cached_h50,5,96,101,3,4,False
cached_h50,5,97,102,3,4,False
cached_h50,5,98,103,3,4,False
cached_h50,5,99,104,3,4,False
cached_h50,5,100,105,3,4,False
cached_h50,5,101,106,3,4,False
cached_h50,5,102,107,3,4,False
cached_h50,5,103,108,3,4,False
cached_h50,5,104,109,3,4,False
cached_h50,5,105,110,3,4,False
cached_h50,5,106,111,3,4,False
cached_h50,5,107,112,3,4,False
cached_h50,5,108,113,3,4,False
cached_h50,5,109,114,3,4,False
cached_h50,5,110,115,4,4,True
cached_h50,5,111,116,4,4,True
cached_h50,5,112,117,4,4,True
cached_h50,5,113,118,4,4,True
cached_h50,5,114,119,4,4,True
cached_h50,5,115,120,4,4,True
cached_h50,5,116,121,4,4,True
cached_h50,5,117,122,4,4,True
cached_h50,5,118,123,4,4,True
cached_h50,5,119,124,4,4,True
cached_h50,5,120,125,4,4,True
cached_h50,5,121,126,4,4,True
cached_h50,5,122,127,4,4,True
cached_h50,5,123,128,4,4,True
cached_h50,5,124,129,4,4,True
cached_h50,5,125,130,4,4,True
cached_h50,5,126,131,4,4,True
cached_h50,5,127,132,4,4,True
cached_h50,5,128,133,4,4,True
cached_h50,5,129,134,4,4,True
cached_h50,5,130,135,4,4,True
cached_h50,5,131,136,4,4,True
cached_h50,5,132,137,4,4,True
cached_h50,5,133,138,4,4,True
cached_h50,5,134,139,4,4,True
cached_h50,5,135,140,4,4,True
cached_h50,5,136,141,4,4,True
cached_h50,5,137,142,4,4,True
cached_h50,5,138,143,4,4,True
cached_h50,5,139,144,4,4,True
cached_h50,5,140,145,4,4,True
cached_h50,5,141,146,4,4,True
cached_h50,5,142,147,4,4,True
cached_h50,5,143,148,4,4,True
cached_h50,5,144,149,4,4,True
cached_h50,5,145,150,4,4,True
cached_h50,5,146,151,4,4,True
cached_h50,5,147,152,4,4,True
cached_h50,5,148,153,4,4,True
cached_h50,5,149,154,4,4,True
cached_h50,5,150,155,4,4,True
cached_h50,5,151,156,4,4,True
cached_h50,5,152,157,4,4,True
cached_h50,5,153,158,4,4,True
cached_h50,5,154,159,4,4,True
cached_h50,5,155,160,4,4,True
cached_h50,5,156,161,4,4,True
cached_h50,5,157,162,4,4,True
cached_h50,5,158,163,4,4,True
cached_h50,5,159,164,4,4,True
cached_h50,5,160,165,4,4,True
cached_h50,5,161,166,4,4,True
cached_h50,5,162,167,4,4,True
cached_h50,5,163,168,4,4,True
cached_h50,5,164,169,4,4,True
cached_h50,5,165,170,4,4,True
cached_h50,5,166,171,4,4,True
cached_h50,5,167,172,4,4,True
cached_h50,5,168,173,4,4,True
cached_h50,5,169,174,4,4,True
cached_h50,5,170,175,4,4,True
cached_h50,5,171,176,4,4,True
cached_h50,5,172,177,4,4,True
cached_h50,5,173,178,4,4,True
cached_h50,5,174,179,4,4,True
cached_h50,5,175,180,4,4,True
cached_h50,5,176,181,4,4,True
cached_h50,5,177,182,4,4,True
cached_h50,5,178,183,4,4,True
cached_h50,5,179,184,4,4,True
cached_h50,5,180,185,4,4,True
cached_h50,5,181,186,4,4,True
cached_h50,5,182,187,4,4,True
cached_h50,5,183,188,4,4,True
cached_h50,5,184,189,4,4,True
cached_h50,5,185,190,4,4,True
cached_h50,5,186,191,4,4,True
cached_h50,5,187,192,4,4,True
cached_h50,5,188,193,4,4,True
cached_h50,5,189,194,4,4,True
cached_h50,5,190,195,4,4,True
cached_h50,5,191,196,4,4,True
cached_h50,5,192,197,4,4,True
cached_h50,5,193,198,4,4,True
cached_h50,5,194,199,4,4,True
cached_h50,5,195,200,4,4,True
cached_h50,5,196,201,4,4,True
cached_h50,5,197,202,4,4,True
cached_h50,5,198,203,4,4,True
cached_h50,5,199,204,4,4,True
cached_h50,5,200,205,4,4,True
cached_h50,5,201,206,4,4,True
cached_h50,5,202,207,4,4,True
cached_h50,5,203,208,4,4,True
cached_h50,5,204,209,4,4,True
cached_h50,5,205,210,4,4,True
cached_h50,5,206,211,4,4,True
cached_h50,5,207,212,4,4,True
cached_h50,5,208,213,4,4,True
cached_h50,5,209,214,4,4,True
cached_h50,5,210,215,4,4,True
cached_h50,5,211,216,4,4,True
cached_h50,5,212,217,4,4,True
cached_h50,5,213,218,4,4,True
cached_h50,5,214,219,4,4,True
cached_h50,5,215,220,4,4,True
cached_h50,5,216,221,4,4,True
cached_h50,5,217,222,4,4,True
cached_h50,5,218,223,4,4,True
cached_h50,5,219,224,4,4,True
cached_h50,5,220,225,4,4,True
cached_h50,5,221,226,4,4,True
cached_h50,5,222,227,4,4,True
cached_h50,5,223,228,4,4,True
cached_h50,5,224,229,4,4,True
cached_h50,5,225,230,4,4,True
cached_h50,5,226,231,4,4,True
cached_h50,5,227,232,4,4,True
cached_h50,5,228,233,4,4,True
cached_h50,5,229,234,4,4,True
cached_h50,5,230,235,4,4,True
cached_h50,5,231,236,4,4,True
cached_h50,5,232,237,4,4,True
cached_h50,5,233,238,4,4,True
cached_h50,5,234,239,4,4,True
cached_h50,5,235,240,4,4,True
cached_h50,5,236,241,4,4,True
cached_h50,5,237,242,4,4,True
cached_h50,5,238,243,4,4,True
cached_h50,5,239,244,4,4,True
cached_h50,5,240,245,4,4,True
cached_h50,5,241,246,4,4,True
cached_h50,5,242,247,4,4,True
cached_h50,5,243,248,4,4,True
cached_h50,5,244,249,4,4,True
cached_h50,5,245,250,4,4,True
cached_h50,5,246,251,4,4,True
cached_h50,5,247,252,4,4,True
cached_h50,5,248,253,4,4,True
cached_h50,5,249,254,4,4,True
cached_h50,5,250,255,4,4,True
cached_h50,5,251,256,4,4,True
cached_h50,5,252,257,4,4,True
cached_h50,5,253,258,4,4,True
cached_h50,5,254,259,4,4,True
cached_h50,5,255,260,4,4,True
cached_h50,5,256,261,4,4,True
cached_h50,5,257,262,4,4,True
cached_h50,5,258,263,4,4,True
cached_h50,5,259,264,4,4,True
cached_h50,5,260,265,4,4,True
cached_h50,5,261,266,4,4,True
cached_h50,5,262,267,4,4,True
cached_h50,5,263,268,4,4,True
cached_h50,5,264,269,4,4,True
cached_h50,5,265,270,4,4,True
cached_h50,5,266,271,4,4,True
cached_h50,5,267,272,4,4,True
cached_h50,5,268,273,4,4,True
cached_h50,5,269,274,4,4,True
cached_h50,5,270,275,4,4,True
cached_h50,5,271,276,4,4,True
cached_h50,5,272,277,4,4,True
cached_h50,5,273,278,4,4,True
cached_h50,5,274,279,4,4,True
cached_h50,5,275,280,4,4,True
cached_h50,5,276,281,4,4,True
cached_h50,5,277,282,4,4,True
cached_h50,5,278,283,4,4,True
cached_h50,5,279,284,4,4,True
cached_h50,5,280,285,4,4,True
cached_h50,5,281,286,4,4,True
cached_h50,5,282,287,4,4,True
cached_h50,5,283,288,4,4,True
cached_h50,5,284,289,4,4,True
cached_h50,5,285,290,4,4,True
cached_h50,5,286,291,4,4,True
cached_h50,5,287,292,4,4,True
cached_h50,5,288,293,4,4,True
cached_h50,5,289,294,4,4,True
cached_h50,5,290,295,4,4,True
cached_h50,5,291,296,4,4,True
cached_h50,5,292,297,4,4,True
cached_h50,5,293,298,4,4,True
cached_h50,5,294,299,4,4,True
cached_h50,5,295,300,4,4,True
cached_h50,5,296,301,4,4,True
cached_h50,5,297,302,4,4,True
cached_h50,5,298,303,4,4,True
cached_h50,5,299,304,4,4,True
cached_h50,5,300,305,4,4,True
cached_h50,5,301,306,4,4,True
cached_h50,5,302,307,4,4,True
cached_h50,5,303,308,4,4,True
cached_h50,5,304,309,4,4,True
cached_h50,5,305,310,4,4,True
cached_h50,5,306,311,4,4,True
cached_h50,5,307,312,4,4,True
cached_h50,5,308,313,4,4,True
cached_h50,5,309,314,4,4,True
cached_h50,5,310,315,4,4,True
cached_h50,5,311,316,4,4,True
cached_h50,5,312,317,4,4,True
cached_h50,5,313,318,4,4,True
cached_h50,5,314,319,4,4,True
cached_h50,5,315,320,4,4,True
cached_h50,5,316,321,4,4,True
cached_h50,5,317,322,4,4,True
cached_h50,5,318,323,4,4,True
cached_h50,5,319,324,4,4,True
cached_h50,5,320,325,4,4,True
cached_h50,5,321,326,4,4,True
cached_h50,5,322,327,4,4,True
cached_h50,5,323,328,4,4,True
cached_h50,5,324,329,4,4,True
cached_h50,5,325,330,4,4,True
cached_h50,5,326,331,4,4,True
cached_h50,5,327,332,4,4,True
cached_h50,5,328,333,4,4,True
cached_h50,5,329,334,4,4,True
cached_h50,5,330,335,4,4,True
cached_h50,5,331,336,4,4,True
cached_h50,5,332,337,4,4,True
cached_h50,5,333,338,4,4,True
cached_h50,5,334,339,4,4,True
cached_h50,5,335,340,4,4,True
cached_h50,5,336,341,4,4,True
cached_h50,5,337,342,4,4,True
cached_h50,5,338,343,4,4,True
cached_h50,5,339,344,4,4,True
cached_h50,5,340,345,4,4,True
cached_h50,5,341,346,4,4,True
cached_h50,5,342,347,4,4,True
cached_h50,5,343,348,4,4,True
cached_h50,5,344,349,4,4,True
cached_h50,5,345,350,4,4,True
cached_h50,5,346,351,4,4,True
cached_h50,5,347,352,4,4,True
cached_h50,5,348,353,4,4,True
cached_h50,5,349,354,4,4,True
cached_h50,5,350,355,4,4,True
cached_h50,5,351,356,4,4,True
cached_h50,5,352,357,4,4,True
cached_h50,5,353,358,4,4,True
cached_h50,5,354,359,4,4,True
cached_h50,5,355,360,4,4,True
cached_h50,5,356,361,4,4,True
cached_h50,5,357,362,4,4,True
cached_h50,5,358,363,4,4,True
cached_h50,5,359,364,4,4,True
cached_h50,5,360,365,4,4,True
cached_h50,5,361,366,4,4,True
cached_h50,5,362,367,4,4,True
cached_h50,5,363,368,4,4,True
cached_h50,5,364,369,4,4,True
cached_h50,5,365,370,4,4,True
cached_h50,5,366,371,4,4,True
cached_h50,5,367,372,4,4,True
cached_h50,5,368,373,4,4,True
cached_h50,5,369,374,4,4,True
cached_h50,5,370,375,4,4,True
cached_h50,5,371,376,4,4,True
cached_h50,5,372,377,4,4,True
cached_h50,5,373,378,4,4,True
cached_h50,5,374,379,4,4,True
cached_h50,5,375,380,4,4,True
cached_h50,5,376,381,4,4,True
cached_h50,5,377,382,4,4,True
cached_h50,5,378,383,4,4,True
cached_h50,5,379,384,4,4,True
cached_h50,5,380,385,4,4,True
cached_h50,5,381,386,4,4,True
cached_h50,5,382,387,4,4,True
cached_h50,5,383,388,4,4,True
cached_h50,5,384,389,4,4,True
cached_h50,5,385,390,4,4,True
cached_h50,5,386,391,4,4,True
cached_h50,5,387,392,4,4,True
cached_h50,5,388,393,4,4,True
cached_h50,5,389,394,4,4,True
cached_h50,5,390,395,4,4,True
cached_h50,5,391,396,4,4,True
cached_h50,5,392,397,4,4,True
cached_h50,5,393,398,4,4,True
cached_h50,5,394,399,4,4,True
cached_h50,5,395,400,4,4,True
cached_h50,5,396,401,4,4,True
cached_h50,5,397,402,4,4,True
cached_h50,5,398,403,4,4,True
cached_h50,5,399,404,4,4,True
cached_h50,5,400,405,4,4,True
cached_h50,5,401,406,4,4,True
cached_h50,5,402,407,4,4,True
cached_h50,5,403,408,4,4,True
cached_h50,5,404,409,4,4,True
cached_h50,5,405,410,4,4,True
cached_h50,5,406,411,4,4,True
cached_h50,5,407,412,4,4,True
cached_h50,5,408,413,4,4,True
cached_h50,5,409,414,4,4,True
cached_h50,5,410,415,4,4,True
cached_h50,5,411,416,4,4,True
cached_h50,5,412,417,4,4,True
cached_h50,5,413,418,4,4,True
cached_h50,5,414,419,4,4,True
cached_h50,5,415,420,4,4,True
cached_h50,5,416,421,4,4,True
cached_h50,5,417,422,4,4,True
cached_h50,5,418,423,4,4,True
cached_h50,5,419,424,4,4,True
cached_h50,5,420,425,4,4,True
cached_h50,5,421,426,4,4,True
cached_h50,5,422,427,4,4,True
cached_h50,5,423,428,4,4,True
cached_h50,5,424,429,4,4,True
cached_h50,5,425,430,4,4,True
cached_h50,5,426,431,4,4,True
cached_h50,5,427,432,4,4,True
cached_h50,5,428,433,4,4,True
cached_h50,5,429,434,4,4,True
cached_h50,5,430,435,4,4,True
cached_h50,5,431,436,4,4,True
cached_h50,5,432,437,4,4,True
cached_h50,5,433,438,4,4,True
cached_h50,5,434,439,4,4,True
cached_h50,5,435,440,4,4,True
cached_h50,5,436,441,4,4,True
cached_h50,5,437,442,4,4,True
cached_h50,5,438,443,4,4,True
cached_h50,5,439,444,4,4,True
cached_h50,5,440,445,4,4,True
cached_h50,5,441,446,4,4,True
cached_h50,5,442,447,4,4,True
cached_h50,5,443,448,4,4,True
cached_h50,5,444,449,4,4,True
cached_h50,5,445,450,4,4,True
cached_h50,5,446,451,4,4,True
cached_h50,5,447,452,4,4,True
cached_h50,5,448,453,4,4,True
cached_h50,5,449,454,4,4,True
cached_h50,5,450,455,4,4,True
cached_h50,5,451,456,4,4,True
cached_h50,5,452,457,4,4,True
cached_h50,5,453,458,4,4,True
cached_h50,5,454,459,4,4,True
cached_h50,5,455,460,4,4,True
cached_h50,5,456,461,4,4,True
cached_h50,5,457,462,4,4,True
cached_h50,5,458,463,4,4,True
cached_h50,5,459,464,4,4,True
cached_h50,5,460,465,4,4,True
cached_h50,5,461,466,4,4,True
cached_h50,5,462,467,4,4,True
cached_h50,5,463,468,4,4,True
cached_h50,5,464,469,4,4,True
cached_h50,5,465,470,4,4,True
cached_h50,5,466,471,4,4,True
cached_h50,5,467,472,4,4,True
cached_h50,5,468,473,4,4,True
cached_h50,5,469,474,4,4,True
cached_h50,5,470,475,4,4,True
cached_h50,5,471,476,4,4,True
cached_h50,5,472,477,4,4,True
cached_h50,5,473,478,4,4,True
cached_h50,5,474,479,4,4,True
cached_h50,5,475,480,4,4,True
cached_h50,5,476,481,4,4,True
cached_h50,5,477,482,4,4,True
cached_h50,5,478,483,4,4,True
cached_h50,5,479,484,4,4,True
cached_h50,5,480,485,4,4,True
cached_h50,5,481,486,4,4,True
cached_h50,5,482,487,4,4,True
cached_h50,5,483,488,4,4,True
cached_h50,5,484,489,4,4,True
cached_h50,5,485,490,4,4,True
cached_h50,5,486,491,4,4,True
cached_h50,5,487,492,4,4,True
cached_h50,5,488,493,4,4,True
cached_h50,5,489,494,4,4,True
cached_h50,5,490,495,4,4,True
cached_h50,5,491,496,4,4,True
cached_h50,5,492,497,4,4,True
cached_h50,5,493,498,4,4,True
cached_h50,5,494,499,4,4,True
cached_h50,5,495,500,4,4,True
cached_h50,5,496,501,4,4,True
cached_h50,5,497,502,4,4,True
cached_h50,5,498,503,4,4,True
cached_h50,5,499,504,4,4,True
cached_h50,5,500,505,4,4,True
cached_h50,5,501,506,4,4,True
cached_h50,5,502,507,4,4,True
cached_h50,5,503,508,4,4,True
cached_h50,5,504,509,4,4,True
cached_h50,5,505,510,4,4,True
cached_h50,5,506,511,4,4,True
cached_h50,5,507,512,4,4,True
cached_h50,5,508,513,4,4,True
cached_h50,5,509,514,4,4,True
cached_h50,5,510,515,4,4,True
cached_h50,5,511,516,4,4,True
cached_h50,5,512,517,4,4,True
cached_h50,5,513,518,4,4,True
cached_h50,5,514,519,4,4,True
cached_h50,5,515,520,4,4,True
cached_h50,5,516,521,4,4,True
cached_h50,5,517,522,4,4,True
cached_h50,5,518,523,4,4,True
cached_h50,5,519,524,4,4,True
cached_h50,5,520,525,4,4,True
cached_h50,5,521,526,4,4,True
cached_h50,5,522,527,4,4,True
cached_h50,5,523,528,4,4,True
cached_h50,5,524,529,4,4,True
cached_h50,5,525,530,4,4,True
cached_h50,5,526,531,4,4,True
cached_h50,5,527,532,4,4,True
cached_h50,5,528,533,4,4,True
cached_h50,5,529,534,4,4,True
cached_h50,5,530,535,4,4,True
cached_h50,5,531,536,4,4,True
cached_h50,5,532,537,4,4,True
cached_h50,5,533,538,4,4,True
cached_h50,5,534,539,4,4,True
cached_h50,5,535,540,4,4,True
cached_h50,5,536,541,4,4,True
cached_h50,5,537,542,4,4,True
cached_h50,5,538,543,4,4,True
cached_h50,5,539,544,4,4,True
cached_h50,5,540,545,4,4,True
cached_h50,5,541,546,4,4,True
cached_h50,5,542,547,4,4,True
cached_h50,5,543,548,4,4,True
cached_h50,5,544,549,4,4,True
cached_h50,5,545,550,4,4,True
cached_h50,5,546,551,4,4,True
cached_h50,5,547,552,4,4,True
cached_h50,5,548,553,4,4,True
cached_h50,5,549,554,4,4,True
cached_h50,5,550,555,4,4,True
cached_h50,5,551,556,4,4,True
cached_h50,5,552,557,4,4,True
cached_h50,5,553,558,4,4,True
cached_h50,5,554,559,4,4,True
cached_h50,5,555,560,4,4,True
cached_h50,5,556,561,4,4,True
cached_h50,5,557,562,4,4,True
cached_h50,5,558,563,4,4,True
cached_h50,5,559,564,4,4,True
cached_h50,5,560,565,4,4,True
cached_h50,5,561,566,4,4,True
cached_h50,5,562,567,4,4,True
cached_h50,5,563,568,4,4,True
cached_h50,5,564,569,4,4,True
cached_h50,5,565,570,4,4,True
cached_h50,5,566,571,4,4,True
cached_h50,5,567,572,4,4,True
cached_h50,5,568,573,4,4,True
cached_h50,5,569,574,4,4,True
cached_h50,5,570,575,4,4,True
cached_h50,5,571,576,4,4,True
cached_h50,5,572,577,4,4,True
cached_h50,5,573,578,4,4,True
cached_h50,5,574,579,4,4,True
cached_h50,5,575,580,4,4,True
cached_h50,5,576,581,4,4,True
cached_h50,5,577,582,4,4,True
cached_h50,5,578,583,4,4,True
cached_h50,5,579,584,4,4,True
cached_h50,5,580,585,4,4,True
cached_h50,5,581,586,4,4,True
cached_h50,5,582,587,4,4,True
cached_h50,5,583,588,4,4,True
cached_h50,5,584,589,4,4,True
cached_h50,5,585,590,4,4,True
cached_h50,5,586,591,4,4,True
cached_h50,5,587,592,4,4,True
cached_h50,5,588,593,4,4,True
cached_h50,5,589,594,4,4,True
cached_h50,5,590,595,4,4,True
cached_h50,5,591,596,4,4,True
cached_h50,5,592,597,4,4,True
cached_h50,5,593,598,4,4,True
cached_h50,5,594,599,4,4,True
cached_h50,5,595,600,4,4,True
same_rng_h10,5,1,6,2,4,False
same_rng_h10,5,2,7,2,4,False
same_rng_h10,5,3,8,2,4,False
same_rng_h10,5,4,9,2,4,False
same_rng_h10,5,5,10,2,4,False
same_rng_h10,5,6,11,2,4,False
same_rng_h10,5,7,12,2,4,False
same_rng_h10,5,8,13,2,4,False
same_rng_h10,5,9,14,2,4,False
same_rng_h10,5,10,15,2,4,False
same_rng_h10,5,11,16,2,4,False
same_rng_h10,5,12,17,2,4,False
same_rng_h10,5,13,18,2,4,False
same_rng_h10,5,14,19,2,4,False
same_rng_h10,5,15,20,2,4,False
same_rng_h10,5,16,21,2,4,False
same_rng_h10,5,17,22,2,4,False
same_rng_h10,5,18,23,2,4,False
same_rng_h10,5,19,24,2,4,False
same_rng_h10,5,20,25,2,4,False
same_rng_h10,5,21,26,2,4,False
same_rng_h10,5,22,27,2,4,False
same_rng_h10,5,23,28,2,4,False
same_rng_h10,5,24,29,2,4,False
same_rng_h10,5,25,30,2,4,False
same_rng_h10,5,26,31,2,4,False
same_rng_h10,5,27,32,2,4,False
same_rng_h10,5,28,33,2,4,False
same_rng_h10,5,29,34,2,4,False
same_rng_h10,5,30,35,2,4,False
same_rng_h10,5,31,36,2,4,False
same_rng_h10,5,32,37,2,4,False
same_rng_h10,5,33,38,2,4,False
same_rng_h10,5,34,39,2,4,False
same_rng_h10,5,35,40,2,4,False
same_rng_h10,5,36,41,2,4,False
same_rng_h10,5,37,42,2,4,False
same_rng_h10,5,38,43,2,4,False
same_rng_h10,5,39,44,2,4,False
same_rng_h10,5,40,45,2,4,False
same_rng_h10,5,41,46,2,4,False
same_rng_h10,5,42,47,2,4,False
same_rng_h10,5,43,48,2,4,False
same_rng_h10,5,44,49,2,4,False
same_rng_h10,5,45,50,2,4,False
same_rng_h10,5,46,51,2,4,False
same_rng_h10,5,47,52,2,4,False
same_rng_h10,5,48,53,2,4,False
same_rng_h10,5,49,54,2,4,False
same_rng_h10,5,50,55,2,4,False
same_rng_h10,5,51,56,2,4,False
same_rng_h10,5,52,57,2,4,False
same_rng_h10,5,53,58,2,4,False
same_rng_h10,5,54,59,2,4,False
same_rng_h10,5,55,60,2,4,False
same_rng_h10,5,56,61,2,4,False
same_rng_h10,5,57,62,2,4,False
same_rng_h10,5,58,63,2,4,False
same_rng_h10,5,59,64,2,4,False
same_rng_h10,5,60,65,2,4,False
same_rng_h10,5,61,66,2,4,False
same_rng_h10,5,62,67,2,4,False
same_rng_h10,5,63,68,2,4,False
same_rng_h10,5,64,69,2,4,False
same_rng_h10,5,65,70,2,4,False
same_rng_h10,5,66,71,2,4,False
same_rng_h10,5,67,72,2,4,False
same_rng_h10,5,68,73,2,4,False
same_rng_h10,5,69,74,2,4,False
same_rng_h10,5,70,75,2,4,False
same_rng_h10,5,71,76,2,4,False
same_rng_h10,5,72,77,2,4,False
same_rng_h10,5,73,78,2,4,False
same_rng_h10,5,74,79,2,4,False
same_rng_h10,5,75,80,2,4,False
same_rng_h10,5,76,81,2,4,False
same_rng_h10,5,77,82,2,4,False
same_rng_h10,5,78,83,2,4,False
same_rng_h10,5,79,84,2,4,False
same_rng_h10,5,80,85,2,4,False
same_rng_h10,5,81,86,2,4,False
same_rng_h10,5,82,87,2,4,False
same_rng_h10,5,83,88,2,4,False
same_rng_h10,5,84,89,2,4,False
same_rng_h10,5,85,90,2,4,False
same_rng_h10,5,86,91,2,4,False
same_rng_h10,5,87,92,2,4,False
same_rng_h10,5,88,93,2,4,False
same_rng_h10,5,89,94,2,4,False
same_rng_h10,5,90,95,2,4,False
same_rng_h10,5,91,96,2,4,False
same_rng_h10,5,92,97,2,4,False
same_rng_h10,5,93,98,2,4,False
same_rng_h10,5,94,99,2,4,False
same_rng_h10,5,95,100,2,4,False
same_rng_h10,5,96,101,2,4,False
same_rng_h10,5,97,102,2,4,False
same_rng_h10,5,98,103,2,4,False
same_rng_h10,5,99,104,2,4,False
same_rng_h10,5,100,105,2,4,False
same_rng_h10,5,101,106,2,4,False
same_rng_h10,5,102,107,2,4,False
same_rng_h10,5,103,108,2,4,False
same_rng_h10,5,104,109,2,4,False
same_rng_h10,5,105,110,2,4,False
same_rng_h10,5,106,111,2,4,False
same_rng_h10,5,107,112,2,4,False
same_rng_h10,5,108,113,2,4,False
same_rng_h10,5,109,114,2,4,False
same_rng_h10,5,110,115,2,4,False
same_rng_h10,5,111,116,2,4,False
same_rng_h10,5,112,117,2,4,False
same_rng_h10,5,113,118,2,4,False
same_rng_h10,5,114,119,2,4,False
same_rng_h10,5,115,120,2,4,False
same_rng_h10,5,116,121,2,4,False
same_rng_h10,5,117,122,2,4,False
same_rng_h10,5,118,123,2,4,False
same_rng_h10,5,119,124,2,4,False
same_rng_h10,5,120,125,2,4,False
same_rng_h10,5,121,126,2,4,False
same_rng_h10,5,122,127,2,4,False
same_rng_h10,5,123,128,2,4,False
same_rng_h10,5,124,129,2,4,False
same_rng_h10,5,125,130,2,4,False
same_rng_h10,5,126,131,2,4,False
same_rng_h10,5,127,132,2,4,False
same_rng_h10,5,128,133,2,4,False
same_rng_h10,5,129,134,2,4,False
same_rng_h10,5,130,135,2,4,False
same_rng_h10,5,131,136,2,4,False
same_rng_h10,5,132,137,2,4,False
same_rng_h10,5,133,138,2,4,False
same_rng_h10,5,134,139,2,4,False
same_rng_h10,5,135,140,2,4,False
same_rng_h10,5,136,141,2,4,False
same_rng_h10,5,137,142,2,4,False
same_rng_h10,5,138,143,2,4,False
same_rng_h10,5,139,144,2,4,False
same_rng_h10,5,140,145,2,4,False
same_rng_h10,5,141,146,2,4,False
same_rng_h10,5,142,147,2,4,False
same_rng_h10,5,143,148,2,4,False
same_rng_h10,5,144,149,2,4,False
same_rng_h10,5,145,150,2,4,False
same_rng_h10,5,146,151,2,4,False
same_rng_h10,5,147,152,2,4,False
same_rng_h10,5,148,153,2,4,False
same_rng_h10,5,149,154,2,4,False
same_rng_h10,5,150,155,2,4,False
same_rng_h10,5,151,156,2,4,False
same_rng_h10,5,152,157,2,4,False
same_rng_h10,5,153,158,2,4,False
same_rng_h10,5,154,159,2,4,False
same_rng_h10,5,155,160,2,4,False
same_rng_h10,5,156,161,2,4,False
same_rng_h10,5,157,162,2,4,False
same_rng_h10,5,158,163,2,4,False
same_rng_h10,5,159,164,2,4,False
same_rng_h10,5,160,165,2,4,False
same_rng_h10,5,161,166,2,4,False
same_rng_h10,5,162,167,2,4,False
same_rng_h10,5,163,168,2,4,False
same_rng_h10,5,164,169,2,4,False
same_rng_h10,5,165,170,2,4,False
same_rng_h10,5,166,171,2,4,False
same_rng_h10,5,167,172,2,4,False
same_rng_h10,5,168,173,2,4,False
same_rng_h10,5,169,174,2,4,False
same_rng_h10,5,170,175,2,4,False
same_rng_h10,5,171,176,2,4,False
same_rng_h10,5,172,177,2,4,False
same_rng_h10,5,173,178,2,4,False
same_rng_h10,5,174,179,2,4,False
same_rng_h10,5,175,180,2,4,False
same_rng_h10,5,176,181,2,4,False
same_rng_h10,5,177,182,2,4,False
same_rng_h10,5,178,183,2,4,False
same_rng_h10,5,179,184,2,4,False
same_rng_h10,5,180,185,2,4,False
same_rng_h10,5,181,186,2,4,False
same_rng_h10,5,182,187,2,4,False
same_rng_h10,5,183,188,2,4,False
same_rng_h10,5,184,189,2,4,False
same_rng_h10,5,185,190,2,4,False
same_rng_h10,5,186,191,2,4,False
same_rng_h10,5,187,192,2,4,False
same_rng_h10,5,188,193,2,4,False
same_rng_h10,5,189,194,2,4,False
same_rng_h10,5,190,195,2,4,False
same_rng_h10,5,191,196,2,4,False
same_rng_h10,5,192,197,2,4,False
same_rng_h10,5,193,198,2,4,False
same_rng_h10,5,194,199,2,4,False
same_rng_h10,5,195,200,2,4,False
same_rng_h10,5,196,201,2,4,False
same_rng_h10,5,197,202,2,4,False
same_rng_h10,5,198,203,2,4,False
same_rng_h10,5,199,204,2,4,False
same_rng_h10,5,200,205,2,4,False
same_rng_h10,5,201,206,2,4,False
same_rng_h10,5,202,207,2,4,False
same_rng_h10,5,203,208,2,4,False
same_rng_h10,5,204,209,2,4,False
same_rng_h10,5,205,210,2,4,False
same_rng_h10,5,206,211,2,4,False
same_rng_h10,5,207,212,2,4,False
same_rng_h10,5,208,213,2,4,False
same_rng_h10,5,209,214,2,4,False
same_rng_h10,5,210,215,2,4,False
same_rng_h10,5,211,216,2,4,False
same_rng_h10,5,212,217,2,4,False
same_rng_h10,5,213,218,2,4,False
same_rng_h10,5,214,219,2,4,False
same_rng_h10,5,215,220,2,4,False
same_rng_h10,5,216,221,2,4,False
same_rng_h10,5,217,222,2,4,False
same_rng_h10,5,218,223,2,4,False
same_rng_h10,5,219,224,2,4,False
same_rng_h10,5,220,225,2,4,False
same_rng_h10,5,221,226,2,4,False
same_rng_h10,5,222,227,2,4,False
same_rng_h10,5,223,228,2,4,False
same_rng_h10,5,224,229,2,4,False
same_rng_h10,5,225,230,2,4,False
same_rng_h10,5,226,231,2,4,False
same_rng_h10,5,227,232,2,4,False
same_rng_h10,5,228,233,2,4,False
same_rng_h10,5,229,234,2,4,False
same_rng_h10,5,230,235,2,4,False
same_rng_h10,5,231,236,2,4,False
same_rng_h10,5,232,237,2,4,False
same_rng_h10,5,233,238,2,4,False
same_rng_h10,5,234,239,2,4,False
same_rng_h10,5,235,240,2,4,False
same_rng_h10,5,236,241,2,4,False
same_rng_h10,5,237,242,2,4,False
same_rng_h10,5,238,243,2,4,False
same_rng_h10,5,239,244,2,4,False
same_rng_h10,5,240,245,2,4,False
same_rng_h10,5,241,246,2,4,False
same_rng_h10,5,242,247,2,4,False
same_rng_h10,5,243,248,2,4,False
same_rng_h10,5,244,249,2,4,False
same_rng_h10,5,245,250,2,4,False
same_rng_h10,5,246,251,2,4,False
same_rng_h10,5,247,252,2,4,False
same_rng_h10,5,248,253,2,4,False
same_rng_h10,5,249,254,2,4,False
same_rng_h10,5,250,255,2,4,False
same_rng_h10,5,251,256,2,4,False
same_rng_h10,5,252,257,2,4,False
same_rng_h10,5,253,258,2,4,False
same_rng_h10,5,254,259,2,4,False
same_rng_h10,5,255,260,2,4,False
same_rng_h10,5,256,261,2,4,False
same_rng_h10,5,257,262,2,4,False
same_rng_h10,5,258,263,2,4,False
same_rng_h10,5,259,264,2,4,False
same_rng_h10,5,260,265,2,4,False
same_rng_h10,5,261,266,2,4,False
same_rng_h10,5,262,267,2,4,False
same_rng_h10,5,263,268,2,4,False
same_rng_h10,5,264,269,2,4,False
same_rng_h10,5,265,270,2,4,False
same_rng_h10,5,266,271,2,4,False
same_rng_h10,5,267,272,2,4,False
same_rng_h10,5,268,273,2,4,False
same_rng_h10,5,269,274,2,4,False
same_rng_h10,5,270,275,2,4,False
same_rng_h10,5,271,276,2,4,False
same_rng_h10,5,272,277,2,4,False
same_rng_h10,5,273,278,2,4,False
same_rng_h10,5,274,279,2,4,False
same_rng_h10,5,275,280,2,4,False
same_rng_h10,5,276,281,2,4,False
same_rng_h10,5,277,282,2,4,False
same_rng_h10,5,278,283,2,4,False
same_rng_h10,5,279,284,2,4,False
same_rng_h10,5,280,285,2,4,False
same_rng_h10,5,281,286,2,4,False
same_rng_h10,5,282,287,2,4,False
same_rng_h10,5,283,288,2,4,False
same_rng_h10,5,284,289,2,4,False
same_rng_h10,5,285,290,2,4,False
same_rng_h10,5,286,291,2,4,False
same_rng_h10,5,287,292,2,4,False
same_rng_h10,5,288,293,2,4,False
same_rng_h10,5,289,294,2,4,False
same_rng_h10,5,290,295,2,4,False
same_rng_h10,5,291,296,2,4,False
same_rng_h10,5,292,297,2,4,False
same_rng_h10,5,293,298,2,4,False
same_rng_h10,5,294,299,2,4,False
same_rng_h10,5,295,300,2,4,False
same_rng_h10,5,296,301,2,4,False
same_rng_h10,5,297,302,2,4,False
same_rng_h10,5,298,303,2,4,False
same_rng_h10,5,299,304,2,4,False
same_rng_h10,5,300,305,2,4,False
same_rng_h10,5,301,306,3,4,False
same_rng_h10,5,302,307,3,4,False
same_rng_h10,5,303,308,3,4,False
same_rng_h10,5,304,309,3,4,False
same_rng_h10,5,305,310,3,4,False
same_rng_h10,5,306,311,3,4,False
same_rng_h10,5,307,312,3,4,False
same_rng_h10,5,308,313,3,4,False
same_rng_h10,5,309,314,3,4,False
same_rng_h10,5,310,315,3,4,False
same_rng_h10,5,311,316,3,4,False
same_rng_h10,5,312,317,3,4,False
same_rng_h10,5,313,318,3,4,False
same_rng_h10,5,314,319,3,4,False
same_rng_h10,5,315,320,3,4,False
same_rng_h10,5,316,321,3,4,False
same_rng_h10,5,317,322,3,4,False
same_rng_h10,5,318,323,3,4,False
same_rng_h10,5,319,324,3,4,False
same_rng_h10,5,320,325,3,4,False
same_rng_h10,5,321,326,3,4,False
same_rng_h10,5,322,327,3,4,False
same_rng_h10,5,323,328,3,4,False
same_rng_h10,5,324,329,3,4,False
same_rng_h10,5,325,330,3,4,False
same_rng_h10,5,326,331,3,4,False
same_rng_h10,5,327,332,3,4,False
same_rng_h10,5,328,333,3,4,False
same_rng_h10,5,329,334,3,4,False
same_rng_h10,5,330,335,3,4,False
same_rng_h10,5,331,336,3,4,False
same_rng_h10,5,332,337,3,4,False
same_rng_h10,5,333,338,3,4,False
same_rng_h10,5,334,339,3,4,False
same_rng_h10,5,335,340,3,4,False
same_rng_h10,5,336,341,3,4,False
same_rng_h10,5,337,342,3,4,False
same_rng_h10,5,338,343,3,4,False
same_rng_h10,5,339,344,3,4,False
same_rng_h10,5,340,345,3,4,False
same_rng_h10,5,341,346,3,4,False
same_rng_h10,5,342,347,3,4,False
same_rng_h10,5,343,348,3,4,False
same_rng_h10,5,344,349,3,4,False
same_rng_h10,5,345,350,3,4,False
same_rng_h10,5,346,351,3,4,False
same_rng_h10,5,347,352,3,4,False
same_rng_h10,5,348,353,3,4,False
same_rng_h10,5,349,354,3,4,False
same_rng_h10,5,350,355,3,4,False
same_rng_h10,5,351,356,3,4,False
same_rng_h10,5,352,357,3,4,False
same_rng_h10,5,353,358,3,4,False
same_rng_h10,5,354,359,3,4,False
same_rng_h10,5,355,360,3,4,False
same_rng_h10,5,356,361,3,4,False
same_rng_h10,5,357,362,3,4,False
same_rng_h10,5,358,363,3,4,False
same_rng_h10,5,359,364,3,4,False
same_rng_h10,5,360,365,3,4,False
same_rng_h10,5,361,366,3,4,False
same_rng_h10,5,362,367,3,4,False
same_rng_h10,5,363,368,3,4,False
same_rng_h10,5,364,369,3,4,False
same_rng_h10,5,365,370,3,4,False
same_rng_h10,5,366,371,3,4,False
same_rng_h10,5,367,372,3,4,False
same_rng_h10,5,368,373,3,4,False
same_rng_h10,5,369,374,3,4,False
same_rng_h10,5,370,375,3,4,False
same_rng_h10,5,371,376,3,4,False
same_rng_h10,5,372,377,3,4,False
same_rng_h10,5,373,378,3,4,False
same_rng_h10,5,374,379,3,4,False
same_rng_h10,5,375,380,3,4,False
same_rng_h10,5,376,381,3,4,False
same_rng_h10,5,377,382,3,4,False
same_rng_h10,5,378,383,3,4,False
same_rng_h10,5,379,384,3,4,False
same_rng_h10,5,380,385,3,4,False
same_rng_h10,5,381,386,3,4,False
same_rng_h10,5,382,387,3,4,False
same_rng_h10,5,383,388,3,4,False
same_rng_h10,5,384,389,3,4,False
same_rng_h10,5,385,390,3,4,False
same_rng_h10,5,386,391,3,4,False
same_rng_h10,5,387,392,3,4,False
same_rng_h10,5,388,393,3,4,False
same_rng_h10,5,389,394,3,4,False
same_rng_h10,5,390,395,3,4,False
same_rng_h10,5,391,396,3,4,False
same_rng_h10,5,392,397,3,4,False
same_rng_h10,5,393,398,3,4,False
same_rng_h10,5,394,399,3,4,False
same_rng_h10,5,395,400,3,4,False
same_rng_h10,5,396,401,3,4,False
same_rng_h10,5,397,402,3,4,False
same_rng_h10,5,398,403,3,4,False
same_rng_h10,5,399,404,3,4,False
same_rng_h10,5,400,405,3,4,False
same_rng_h10,5,401,406,3,4,False
same_rng_h10,5,402,407,3,4,False
same_rng_h10,5,403,408,3,4,False
same_rng_h10,5,404,409,3,4,False
same_rng_h10,5,405,410,3,4,False
same_rng_h10,5,406,411,3,4,False
same_rng_h10,5,407,412,3,4,False
same_rng_h10,5,408,413,3,4,False
same_rng_h10,5,409,414,3,4,False
same_rng_h10,5,410,415,3,4,False
same_rng_h10,5,411,416,3,4,False
same_rng_h10,5,412,417,3,4,False
same_rng_h10,5,413,418,3,4,False
same_rng_h10,5,414,419,3,4,False
same_rng_h10,5,415,420,3,4,False
same_rng_h10,5,416,421,3,4,False
same_rng_h10,5,417,422,3,4,False
same_rng_h10,5,418,423,3,4,False
same_rng_h10,5,419,424,3,4,False
same_rng_h10,5,420,425,3,4,False
same_rng_h10,5,421,426,3,4,False
same_rng_h10,5,422,427,3,4,False
same_rng_h10,5,423,428,3,4,False
same_rng_h10,5,424,429,3,4,False
same_rng_h10,5,425,430,3,4,False
same_rng_h10,5,426,431,3,4,False
same_rng_h10,5,427,432,3,4,False
same_rng_h10,5,428,433,3,4,False
same_rng_h10,5,429,434,3,4,False
same_rng_h10,5,430,435,3,4,False
same_rng_h10,5,431,436,3,4,False
same_rng_h10,5,432,437,3,4,False
same_rng_h10,5,433,438,3,4,False
same_rng_h10,5,434,439,3,4,False
same_rng_h10,5,435,440,3,4,False
same_rng_h10,5,436,441,3,4,False
same_rng_h10,5,437,442,3,4,False
same_rng_h10,5,438,443,3,4,False
same_rng_h10,5,439,444,3,4,False
same_rng_h10,5,440,445,3,4,False
same_rng_h10,5,441,446,3,4,False
same_rng_h10,5,442,447,3,4,False
same_rng_h10,5,443,448,3,4,False
same_rng_h10,5,444,449,3,4,False
same_rng_h10,5,445,450,3,4,False
same_rng_h10,5,446,451,3,4,False
same_rng_h10,5,447,452,3,4,False
same_rng_h10,5,448,453,3,4,False
same_rng_h10,5,449,454,3,4,False
same_rng_h10,5,450,455,3,4,False
same_rng_h10,5,451,456,3,4,False
same_rng_h10,5,452,457,3,4,False
same_rng_h10,5,453,458,3,4,False
same_rng_h10,5,454,459,3,4,False
same_rng_h10,5,455,460,3,4,False
same_rng_h10,5,456,461,3,4,False
same_rng_h10,5,457,462,3,4,False
same_rng_h10,5,458,463,3,4,False
same_rng_h10,5,459,464,3,4,False
same_rng_h10,5,460,465,3,4,False
same_rng_h10,5,461,466,3,4,False
same_rng_h10,5,462,467,3,4,False
same_rng_h10,5,463,468,3,4,False
same_rng_h10,5,464,469,3,4,False
same_rng_h10,5,465,470,3,4,False
same_rng_h10,5,466,471,3,4,False
same_rng_h10,5,467,472,3,4,False
same_rng_h10,5,468,473,3,4,False
same_rng_h10,5,469,474,3,4,False
same_rng_h10,5,470,475,3,4,False
same_rng_h10,5,471,476,3,4,False
same_rng_h10,5,472,477,3,4,False
same_rng_h10,5,473,478,3,4,False
same_rng_h10,5,474,479,3,4,False
same_rng_h10,5,475,480,3,4,False
same_rng_h10,5,476,481,3,4,False
same_rng_h10,5,477,482,3,4,False
same_rng_h10,5,478,483,3,4,False
same_rng_h10,5,479,484,3,4,False
same_rng_h10,5,480,485,3,4,False
same_rng_h10,5,481,486,3,4,False
same_rng_h10,5,482,487,3,4,False
same_rng_h10,5,483,488,3,4,False
same_rng_h10,5,484,489,3,4,False
same_rng_h10,5,485,490,3,4,False
same_rng_h10,5,486,491,3,4,False
same_rng_h10,5,487,492,3,4,False
same_rng_h10,5,488,493,3,4,False
same_rng_h10,5,489,494,3,4,False
same_rng_h10,5,490,495,3,4,False
same_rng_h10,5,491,496,3,4,False
same_rng_h10,5,492,497,3,4,False
same_rng_h10,5,493,498,3,4,False
same_rng_h10,5,494,499,3,4,False
same_rng_h10,5,495,500,3,4,False
same_rng_h10,5,496,501,3,4,False
same_rng_h10,5,497,502,3,4,False
same_rng_h10,5,498,503,3,4,False
same_rng_h10,5,499,504,3,4,False
same_rng_h10,5,500,505,3,4,False
same_rng_h10,5,501,506,3,4,False
same_rng_h10,5,502,507,3,4,False
same_rng_h10,5,503,508,3,4,False
same_rng_h10,5,504,509,3,4,False
same_rng_h10,5,505,510,3,4,False
same_rng_h10,5,506,511,3,4,False
same_rng_h10,5,507,512,3,4,False
same_rng_h10,5,508,513,3,4,False
same_rng_h10,5,509,514,3,4,False
same_rng_h10,5,510,515,3,4,False
same_rng_h10,5,511,516,3,4,False
same_rng_h10,5,512,517,3,4,False
same_rng_h10,5,513,518,3,4,False
same_rng_h10,5,514,519,3,4,False
same_rng_h10,5,515,520,3,4,False
same_rng_h10,5,516,521,3,4,False
same_rng_h10,5,517,522,3,4,False
same_rng_h10,5,518,523,3,4,False
same_rng_h10,5,519,524,3,4,False
same_rng_h10,5,520,525,3,4,False
same_rng_h10,5,521,526,3,4,False
same_rng_h10,5,522,527,3,4,False
same_rng_h10,5,523,528,3,4,False
same_rng_h10,5,524,529,3,4,False
same_rng_h10,5,525,530,3,4,False
same_rng_h10,5,526,531,3,4,False
same_rng_h10,5,527,532,3,4,False
same_rng_h10,5,528,533,3,4,False
same_rng_h10,5,529,534,3,4,False
same_rng_h10,5,530,535,3,4,False
same_rng_h10,5,531,536,3,4,False
same_rng_h10,5,532,537,3,4,False
same_rng_h10,5,533,538,3,4,False
same_rng_h10,5,534,539,3,4,False
same_rng_h10,5,535,540,3,4,False
same_rng_h10,5,536,541,3,4,False
same_rng_h10,5,537,542,3,4,False
same_rng_h10,5,538,543,3,4,False
same_rng_h10,5,539,544,3,4,False
same_rng_h10,5,540,545,3,4,False
same_rng_h10,5,541,546,3,4,False
same_rng_h10,5,542,547,3,4,False
same_rng_h10,5,543,548,3,4,False
same_rng_h10,5,544,549,3,4,False
same_rng_h10,5,545,550,3,4,False
same_rng_h10,5,546,551,3,4,False
same_rng_h10,5,547,552,3,4,False
same_rng_h10,5,548,553,3,4,False
same_rng_h10,5,549,554,3,4,False
same_rng_h10,5,550,555,3,4,False
same_rng_h10,5,551,556,3,4,False
same_rng_h10,5,552,557,3,4,False
same_rng_h10,5,553,558,3,4,False
same_rng_h10,5,554,559,3,4,False
same_rng_h10,5,555,560,3,4,False
same_rng_h10,5,556,561,3,4,False
same_rng_h10,5,557,562,3,4,False
same_rng_h10,5,558,563,3,4,False
same_rng_h10,5,559,564,3,4,False
same_rng_h10,5,560,565,3,4,False
same_rng_h10,5,561,566,3,4,False
same_rng_h10,5,562,567,3,4,False
same_rng_h10,5,563,568,3,4,False
same_rng_h10,5,564,569,3,4,False
same_rng_h10,5,565,570,3,4,False
same_rng_h10,5,566,571,3,4,False
same_rng_h10,5,567,572,3,4,False
same_rng_h10,5,568,573,3,4,False
same_rng_h10,5,569,574,3,4,False
same_rng_h10,5,570,575,3,4,False
same_rng_h10,5,571,576,3,4,False
same_rng_h10,5,572,577,3,4,False
same_rng_h10,5,573,578,3,4,False
same_rng_h10,5,574,579,3,4,False
same_rng_h10,5,575,580,3,4,False
same_rng_h10,5,576,581,3,4,False
same_rng_h10,5,577,582,3,4,False
same_rng_h10,5,578,583,3,4,False
same_rng_h10,5,579,584,3,4,False
same_rng_h10,5,580,585,3,4,False
same_rng_h10,5,581,586,3,4,False
same_rng_h10,5,582,587,3,4,False
same_rng_h10,5,583,588,3,4,False
same_rng_h10,5,584,589,3,4,False
same_rng_h10,5,585,590,3,4,False
same_rng_h10,5,586,591,3,4,False
same_rng_h10,5,587,592,3,4,False
same_rng_h10,5,588,593,3,4,False
same_rng_h10,5,589,594,3,4,False
same_rng_h10,5,590,595,3,4,False
same_rng_h10,5,591,596,3,4,False
same_rng_h10,5,592,597,3,4,False
same_rng_h10,5,593,598,3,4,False
same_rng_h10,5,594,599,3,4,False
same_rng_h10,5,595,600,3,4,False
same_rng_h10,5,596,601,3,4,False
same_rng_h10,5,597,602,3,4,False
same_rng_h10,5,598,603,3,4,False
same_rng_h10,5,599,604,3,4,False
same_rng_h10,5,600,605,3,4,False
cached_h50,10,1,11,2,4,False
cached_h50,10,2,12,2,4,False
cached_h50,10,3,13,2,4,False
cached_h50,10,4,14,2,4,False
cached_h50,10,5,15,2,4,False
cached_h50,10,6,16,2,4,False
cached_h50,10,7,17,2,4,False
cached_h50,10,8,18,2,4,False
cached_h50,10,9,19,2,4,False
cached_h50,10,10,20,2,4,False
cached_h50,10,11,21,2,4,False
cached_h50,10,12,22,2,4,False
cached_h50,10,13,23,2,4,False
cached_h50,10,14,24,2,4,False
cached_h50,10,15,25,2,4,False
cached_h50,10,16,26,2,4,False
cached_h50,10,17,27,2,4,False
cached_h50,10,18,28,2,4,False
cached_h50,10,19,29,2,4,False
cached_h50,10,20,30,2,4,False
cached_h50,10,21,31,2,4,False
cached_h50,10,22,32,2,4,False
cached_h50,10,23,33,2,4,False
cached_h50,10,24,34,2,4,False
cached_h50,10,25,35,2,4,False
cached_h50,10,26,36,2,4,False
cached_h50,10,27,37,2,4,False
cached_h50,10,28,38,2,4,False
cached_h50,10,29,39,2,4,False
cached_h50,10,30,40,2,4,False
cached_h50,10,31,41,2,4,False
cached_h50,10,32,42,2,4,False
cached_h50,10,33,43,2,4,False
cached_h50,10,34,44,2,4,False
cached_h50,10,35,45,2,4,False
cached_h50,10,36,46,2,4,False
cached_h50,10,37,47,2,4,False
cached_h50,10,38,48,2,4,False
cached_h50,10,39,49,2,4,False
cached_h50,10,40,50,2,4,False
cached_h50,10,41,51,2,4,False
cached_h50,10,42,52,2,4,False
cached_h50,10,43,53,2,4,False
cached_h50,10,44,54,2,4,False
cached_h50,10,45,55,2,4,False
cached_h50,10,46,56,2,4,False
cached_h50,10,47,57,2,4,False
cached_h50,10,48,58,2,4,False
cached_h50,10,49,59,2,4,False
cached_h50,10,50,60,2,4,False
cached_h50,10,51,61,2,4,False
cached_h50,10,52,62,2,4,False
cached_h50,10,53,63,2,4,False
cached_h50,10,54,64,2,4,False
cached_h50,10,55,65,2,4,False
cached_h50,10,56,66,2,4,False
cached_h50,10,57,67,2,4,False
cached_h50,10,58,68,2,4,False
cached_h50,10,59,69,2,4,False
cached_h50,10,60,70,2,4,False
cached_h50,10,61,71,2,4,False
cached_h50,10,62,72,2,4,False
cached_h50,10,63,73,2,4,False
cached_h50,10,64,74,2,4,False
cached_h50,10,65,75,2,4,False
cached_h50,10,66,76,2,4,False
cached_h50,10,67,77,2,4,False
cached_h50,10,68,78,2,4,False
cached_h50,10,69,79,2,4,False
cached_h50,10,70,80,2,4,False
cached_h50,10,71,81,2,4,False
cached_h50,10,72,82,2,4,False
cached_h50,10,73,83,2,4,False
cached_h50,10,74,84,2,4,False
cached_h50,10,75,85,2,4,False
cached_h50,10,76,86,2,4,False
cached_h50,10,77,87,2,4,False
cached_h50,10,78,88,2,4,False
cached_h50,10,79,89,2,4,False
cached_h50,10,80,90,2,4,False
cached_h50,10,81,91,2,4,False
cached_h50,10,82,92,2,4,False
cached_h50,10,83,93,2,4,False
cached_h50,10,84,94,2,4,False
cached_h50,10,85,95,2,4,False
cached_h50,10,86,96,2,4,False
cached_h50,10,87,97,2,4,False
cached_h50,10,88,98,2,4,False
cached_h50,10,89,99,2,4,False
cached_h50,10,90,100,2,4,False
cached_h50,10,91,101,3,4,False
cached_h50,10,92,102,3,4,False
cached_h50,10,93,103,3,4,False
cached_h50,10,94,104,3,4,False
cached_h50,10,95,105,3,4,False
cached_h50,10,96,106,3,4,False
cached_h50,10,97,107,3,4,False
cached_h50,10,98,108,3,4,False
cached_h50,10,99,109,3,4,False
cached_h50,10,100,110,3,4,False
cached_h50,10,101,111,3,4,False
cached_h50,10,102,112,3,4,False
cached_h50,10,103,113,3,4,False
cached_h50,10,104,114,3,4,False
cached_h50,10,105,115,4,4,True
cached_h50,10,106,116,4,4,True
cached_h50,10,107,117,4,4,True
cached_h50,10,108,118,4,4,True
cached_h50,10,109,119,4,4,True
cached_h50,10,110,120,4,4,True
cached_h50,10,111,121,4,4,True
cached_h50,10,112,122,4,4,True
cached_h50,10,113,123,4,4,True
cached_h50,10,114,124,4,4,True
cached_h50,10,115,125,4,4,True
cached_h50,10,116,126,4,4,True
cached_h50,10,117,127,4,4,True
cached_h50,10,118,128,4,4,True
cached_h50,10,119,129,4,4,True
cached_h50,10,120,130,4,4,True
cached_h50,10,121,131,4,4,True
cached_h50,10,122,132,4,4,True
cached_h50,10,123,133,4,4,True
cached_h50,10,124,134,4,4,True
cached_h50,10,125,135,4,4,True
cached_h50,10,126,136,4,4,True
cached_h50,10,127,137,4,4,True
cached_h50,10,128,138,4,4,True
cached_h50,10,129,139,4,4,True
cached_h50,10,130,140,4,4,True
cached_h50,10,131,141,4,4,True
cached_h50,10,132,142,4,4,True
cached_h50,10,133,143,4,4,True
cached_h50,10,134,144,4,4,True
cached_h50,10,135,145,4,4,True
cached_h50,10,136,146,4,4,True
cached_h50,10,137,147,4,4,True
cached_h50,10,138,148,4,4,True
cached_h50,10,139,149,4,4,True
cached_h50,10,140,150,4,4,True
cached_h50,10,141,151,4,4,True
cached_h50,10,142,152,4,4,True
cached_h50,10,143,153,4,4,True
cached_h50,10,144,154,4,4,True
cached_h50,10,145,155,4,4,True
cached_h50,10,146,156,4,4,True
cached_h50,10,147,157,4,4,True
cached_h50,10,148,158,4,4,True
cached_h50,10,149,159,4,4,True
cached_h50,10,150,160,4,4,True
cached_h50,10,151,161,4,4,True
cached_h50,10,152,162,4,4,True
cached_h50,10,153,163,4,4,True
cached_h50,10,154,164,4,4,True
cached_h50,10,155,165,4,4,True
cached_h50,10,156,166,4,4,True
cached_h50,10,157,167,4,4,True
cached_h50,10,158,168,4,4,True
cached_h50,10,159,169,4,4,True
cached_h50,10,160,170,4,4,True
cached_h50,10,161,171,4,4,True
cached_h50,10,162,172,4,4,True
cached_h50,10,163,173,4,4,True
cached_h50,10,164,174,4,4,True
cached_h50,10,165,175,4,4,True
cached_h50,10,166,176,4,4,True
cached_h50,10,167,177,4,4,True
cached_h50,10,168,178,4,4,True
cached_h50,10,169,179,4,4,True
cached_h50,10,170,180,4,4,True
cached_h50,10,171,181,4,4,True
cached_h50,10,172,182,4,4,True
cached_h50,10,173,183,4,4,True
cached_h50,10,174,184,4,4,True
cached_h50,10,175,185,4,4,True
cached_h50,10,176,186,4,4,True
cached_h50,10,177,187,4,4,True
cached_h50,10,178,188,4,4,True
cached_h50,10,179,189,4,4,True
cached_h50,10,180,190,4,4,True
cached_h50,10,181,191,4,4,True
cached_h50,10,182,192,4,4,True
cached_h50,10,183,193,4,4,True
cached_h50,10,184,194,4,4,True
cached_h50,10,185,195,4,4,True
cached_h50,10,186,196,4,4,True
cached_h50,10,187,197,4,4,True
cached_h50,10,188,198,4,4,True
cached_h50,10,189,199,4,4,True
cached_h50,10,190,200,4,4,True
cached_h50,10,191,201,4,4,True
cached_h50,10,192,202,4,4,True
cached_h50,10,193,203,4,4,True
cached_h50,10,194,204,4,4,True
cached_h50,10,195,205,4,4,True
cached_h50,10,196,206,4,4,True
cached_h50,10,197,207,4,4,True
cached_h50,10,198,208,4,4,True
cached_h50,10,199,209,4,4,True
cached_h50,10,200,210,4,4,True
cached_h50,10,201,211,4,4,True
cached_h50,10,202,212,4,4,True
cached_h50,10,203,213,4,4,True
cached_h50,10,204,214,4,4,True
cached_h50,10,205,215,4,4,True
cached_h50,10,206,216,4,4,True
cached_h50,10,207,217,4,4,True
cached_h50,10,208,218,4,4,True
cached_h50,10,209,219,4,4,True
cached_h50,10,210,220,4,4,True
cached_h50,10,211,221,4,4,True
cached_h50,10,212,222,4,4,True
cached_h50,10,213,223,4,4,True
cached_h50,10,214,224,4,4,True
cached_h50,10,215,225,4,4,True
cached_h50,10,216,226,4,4,True
cached_h50,10,217,227,4,4,True
cached_h50,10,218,228,4,4,True
cached_h50,10,219,229,4,4,True
cached_h50,10,220,230,4,4,True
cached_h50,10,221,231,4,4,True
cached_h50,10,222,232,4,4,True
cached_h50,10,223,233,4,4,True
cached_h50,10,224,234,4,4,True
cached_h50,10,225,235,4,4,True
cached_h50,10,226,236,4,4,True
cached_h50,10,227,237,4,4,True
cached_h50,10,228,238,4,4,True
cached_h50,10,229,239,4,4,True
cached_h50,10,230,240,4,4,True
cached_h50,10,231,241,4,4,True
cached_h50,10,232,242,4,4,True
cached_h50,10,233,243,4,4,True
cached_h50,10,234,244,4,4,True
cached_h50,10,235,245,4,4,True
cached_h50,10,236,246,4,4,True
cached_h50,10,237,247,4,4,True
cached_h50,10,238,248,4,4,True
cached_h50,10,239,249,4,4,True
cached_h50,10,240,250,4,4,True
cached_h50,10,241,251,4,4,True
cached_h50,10,242,252,4,4,True
cached_h50,10,243,253,4,4,True
cached_h50,10,244,254,4,4,True
cached_h50,10,245,255,4,4,True
cached_h50,10,246,256,4,4,True
cached_h50,10,247,257,4,4,True
cached_h50,10,248,258,4,4,True
cached_h50,10,249,259,4,4,True
cached_h50,10,250,260,4,4,True
cached_h50,10,251,261,4,4,True
cached_h50,10,252,262,4,4,True
cached_h50,10,253,263,4,4,True
cached_h50,10,254,264,4,4,True
cached_h50,10,255,265,4,4,True
cached_h50,10,256,266,4,4,True
cached_h50,10,257,267,4,4,True
cached_h50,10,258,268,4,4,True
cached_h50,10,259,269,4,4,True
cached_h50,10,260,270,4,4,True
cached_h50,10,261,271,4,4,True
cached_h50,10,262,272,4,4,True
cached_h50,10,263,273,4,4,True
cached_h50,10,264,274,4,4,True
cached_h50,10,265,275,4,4,True
cached_h50,10,266,276,4,4,True
cached_h50,10,267,277,4,4,True
cached_h50,10,268,278,4,4,True
cached_h50,10,269,279,4,4,True
cached_h50,10,270,280,4,4,True
cached_h50,10,271,281,4,4,True
cached_h50,10,272,282,4,4,True
cached_h50,10,273,283,4,4,True
cached_h50,10,274,284,4,4,True
cached_h50,10,275,285,4,4,True
cached_h50,10,276,286,4,4,True
cached_h50,10,277,287,4,4,True
cached_h50,10,278,288,4,4,True
cached_h50,10,279,289,4,4,True
cached_h50,10,280,290,4,4,True
cached_h50,10,281,291,4,4,True
cached_h50,10,282,292,4,4,True
cached_h50,10,283,293,4,4,True
cached_h50,10,284,294,4,4,True
cached_h50,10,285,295,4,4,True
cached_h50,10,286,296,4,4,True
cached_h50,10,287,297,4,4,True
cached_h50,10,288,298,4,4,True
cached_h50,10,289,299,4,4,True
cached_h50,10,290,300,4,4,True
cached_h50,10,291,301,4,4,True
cached_h50,10,292,302,4,4,True
cached_h50,10,293,303,4,4,True
cached_h50,10,294,304,4,4,True
cached_h50,10,295,305,4,4,True
cached_h50,10,296,306,4,4,True
cached_h50,10,297,307,4,4,True
cached_h50,10,298,308,4,4,True
cached_h50,10,299,309,4,4,True
cached_h50,10,300,310,4,4,True
cached_h50,10,301,311,4,4,True
cached_h50,10,302,312,4,4,True
cached_h50,10,303,313,4,4,True
cached_h50,10,304,314,4,4,True
cached_h50,10,305,315,4,4,True
cached_h50,10,306,316,4,4,True
cached_h50,10,307,317,4,4,True
cached_h50,10,308,318,4,4,True
cached_h50,10,309,319,4,4,True
cached_h50,10,310,320,4,4,True
cached_h50,10,311,321,4,4,True
cached_h50,10,312,322,4,4,True
cached_h50,10,313,323,4,4,True
cached_h50,10,314,324,4,4,True
cached_h50,10,315,325,4,4,True
cached_h50,10,316,326,4,4,True
cached_h50,10,317,327,4,4,True
cached_h50,10,318,328,4,4,True
cached_h50,10,319,329,4,4,True
cached_h50,10,320,330,4,4,True
cached_h50,10,321,331,4,4,True
cached_h50,10,322,332,4,4,True
cached_h50,10,323,333,4,4,True
cached_h50,10,324,334,4,4,True
cached_h50,10,325,335,4,4,True
cached_h50,10,326,336,4,4,True
cached_h50,10,327,337,4,4,True
cached_h50,10,328,338,4,4,True
cached_h50,10,329,339,4,4,True
cached_h50,10,330,340,4,4,True
cached_h50,10,331,341,4,4,True
cached_h50,10,332,342,4,4,True
cached_h50,10,333,343,4,4,True
cached_h50,10,334,344,4,4,True
cached_h50,10,335,345,4,4,True
cached_h50,10,336,346,4,4,True
cached_h50,10,337,347,4,4,True
cached_h50,10,338,348,4,4,True
cached_h50,10,339,349,4,4,True
cached_h50,10,340,350,4,4,True
cached_h50,10,341,351,4,4,True
cached_h50,10,342,352,4,4,True
cached_h50,10,343,353,4,4,True
cached_h50,10,344,354,4,4,True
cached_h50,10,345,355,4,4,True
cached_h50,10,346,356,4,4,True
cached_h50,10,347,357,4,4,True
cached_h50,10,348,358,4,4,True
cached_h50,10,349,359,4,4,True
cached_h50,10,350,360,4,4,True
cached_h50,10,351,361,4,4,True
cached_h50,10,352,362,4,4,True
cached_h50,10,353,363,4,4,True
cached_h50,10,354,364,4,4,True
cached_h50,10,355,365,4,4,True
cached_h50,10,356,366,4,4,True
cached_h50,10,357,367,4,4,True
cached_h50,10,358,368,4,4,True
cached_h50,10,359,369,4,4,True
cached_h50,10,360,370,4,4,True
cached_h50,10,361,371,4,4,True
cached_h50,10,362,372,4,4,True
cached_h50,10,363,373,4,4,True
cached_h50,10,364,374,4,4,True
cached_h50,10,365,375,4,4,True
cached_h50,10,366,376,4,4,True
cached_h50,10,367,377,4,4,True
cached_h50,10,368,378,4,4,True
cached_h50,10,369,379,4,4,True
cached_h50,10,370,380,4,4,True
cached_h50,10,371,381,4,4,True
cached_h50,10,372,382,4,4,True
cached_h50,10,373,383,4,4,True
cached_h50,10,374,384,4,4,True
cached_h50,10,375,385,4,4,True
cached_h50,10,376,386,4,4,True
cached_h50,10,377,387,4,4,True
cached_h50,10,378,388,4,4,True
cached_h50,10,379,389,4,4,True
cached_h50,10,380,390,4,4,True
cached_h50,10,381,391,4,4,True
cached_h50,10,382,392,4,4,True
cached_h50,10,383,393,4,4,True
cached_h50,10,384,394,4,4,True
cached_h50,10,385,395,4,4,True
cached_h50,10,386,396,4,4,True
cached_h50,10,387,397,4,4,True
cached_h50,10,388,398,4,4,True
cached_h50,10,389,399,4,4,True
cached_h50,10,390,400,4,4,True
cached_h50,10,391,401,4,4,True
cached_h50,10,392,402,4,4,True
cached_h50,10,393,403,4,4,True
cached_h50,10,394,404,4,4,True
cached_h50,10,395,405,4,4,True
cached_h50,10,396,406,4,4,True
cached_h50,10,397,407,4,4,True
cached_h50,10,398,408,4,4,True
cached_h50,10,399,409,4,4,True
cached_h50,10,400,410,4,4,True
cached_h50,10,401,411,4,4,True
cached_h50,10,402,412,4,4,True
cached_h50,10,403,413,4,4,True
cached_h50,10,404,414,4,4,True
cached_h50,10,405,415,4,4,True
cached_h50,10,406,416,4,4,True
cached_h50,10,407,417,4,4,True
cached_h50,10,408,418,4,4,True
cached_h50,10,409,419,4,4,True
cached_h50,10,410,420,4,4,True
cached_h50,10,411,421,4,4,True
cached_h50,10,412,422,4,4,True
cached_h50,10,413,423,4,4,True
cached_h50,10,414,424,4,4,True
cached_h50,10,415,425,4,4,True
cached_h50,10,416,426,4,4,True
cached_h50,10,417,427,4,4,True
cached_h50,10,418,428,4,4,True
cached_h50,10,419,429,4,4,True
cached_h50,10,420,430,4,4,True
cached_h50,10,421,431,4,4,True
cached_h50,10,422,432,4,4,True
cached_h50,10,423,433,4,4,True
cached_h50,10,424,434,4,4,True
cached_h50,10,425,435,4,4,True
cached_h50,10,426,436,4,4,True
cached_h50,10,427,437,4,4,True
cached_h50,10,428,438,4,4,True
cached_h50,10,429,439,4,4,True
cached_h50,10,430,440,4,4,True
cached_h50,10,431,441,4,4,True
cached_h50,10,432,442,4,4,True
cached_h50,10,433,443,4,4,True
cached_h50,10,434,444,4,4,True
cached_h50,10,435,445,4,4,True
cached_h50,10,436,446,4,4,True
cached_h50,10,437,447,4,4,True
cached_h50,10,438,448,4,4,True
cached_h50,10,439,449,4,4,True
cached_h50,10,440,450,4,4,True
cached_h50,10,441,451,4,4,True
cached_h50,10,442,452,4,4,True
cached_h50,10,443,453,4,4,True
cached_h50,10,444,454,4,4,True
cached_h50,10,445,455,4,4,True
cached_h50,10,446,456,4,4,True
cached_h50,10,447,457,4,4,True
cached_h50,10,448,458,4,4,True
cached_h50,10,449,459,4,4,True
cached_h50,10,450,460,4,4,True
cached_h50,10,451,461,4,4,True
cached_h50,10,452,462,4,4,True
cached_h50,10,453,463,4,4,True
cached_h50,10,454,464,4,4,True
cached_h50,10,455,465,4,4,True
cached_h50,10,456,466,4,4,True
cached_h50,10,457,467,4,4,True
cached_h50,10,458,468,4,4,True
cached_h50,10,459,469,4,4,True
cached_h50,10,460,470,4,4,True
cached_h50,10,461,471,4,4,True
cached_h50,10,462,472,4,4,True
cached_h50,10,463,473,4,4,True
cached_h50,10,464,474,4,4,True
cached_h50,10,465,475,4,4,True
cached_h50,10,466,476,4,4,True
cached_h50,10,467,477,4,4,True
cached_h50,10,468,478,4,4,True
cached_h50,10,469,479,4,4,True
cached_h50,10,470,480,4,4,True
cached_h50,10,471,481,4,4,True
cached_h50,10,472,482,4,4,True
cached_h50,10,473,483,4,4,True
cached_h50,10,474,484,4,4,True
cached_h50,10,475,485,4,4,True
cached_h50,10,476,486,4,4,True
cached_h50,10,477,487,4,4,True
cached_h50,10,478,488,4,4,True
cached_h50,10,479,489,4,4,True
cached_h50,10,480,490,4,4,True
cached_h50,10,481,491,4,4,True
cached_h50,10,482,492,4,4,True
cached_h50,10,483,493,4,4,True
cached_h50,10,484,494,4,4,True
cached_h50,10,485,495,4,4,True
cached_h50,10,486,496,4,4,True
cached_h50,10,487,497,4,4,True
cached_h50,10,488,498,4,4,True
cached_h50,10,489,499,4,4,True
cached_h50,10,490,500,4,4,True
cached_h50,10,491,501,4,4,True
cached_h50,10,492,502,4,4,True
cached_h50,10,493,503,4,4,True
cached_h50,10,494,504,4,4,True
cached_h50,10,495,505,4,4,True
cached_h50,10,496,506,4,4,True
cached_h50,10,497,507,4,4,True
cached_h50,10,498,508,4,4,True
cached_h50,10,499,509,4,4,True
cached_h50,10,500,510,4,4,True
cached_h50,10,501,511,4,4,True
cached_h50,10,502,512,4,4,True
cached_h50,10,503,513,4,4,True
cached_h50,10,504,514,4,4,True
cached_h50,10,505,515,4,4,True
cached_h50,10,506,516,4,4,True
cached_h50,10,507,517,4,4,True
cached_h50,10,508,518,4,4,True
cached_h50,10,509,519,4,4,True
cached_h50,10,510,520,4,4,True
cached_h50,10,511,521,4,4,True
cached_h50,10,512,522,4,4,True
cached_h50,10,513,523,4,4,True
cached_h50,10,514,524,4,4,True
cached_h50,10,515,525,4,4,True
cached_h50,10,516,526,4,4,True
cached_h50,10,517,527,4,4,True
cached_h50,10,518,528,4,4,True
cached_h50,10,519,529,4,4,True
cached_h50,10,520,530,4,4,True
cached_h50,10,521,531,4,4,True
cached_h50,10,522,532,4,4,True
cached_h50,10,523,533,4,4,True
cached_h50,10,524,534,4,4,True
cached_h50,10,525,535,4,4,True
cached_h50,10,526,536,4,4,True
cached_h50,10,527,537,4,4,True
cached_h50,10,528,538,4,4,True
cached_h50,10,529,539,4,4,True
cached_h50,10,530,540,4,4,True
cached_h50,10,531,541,4,4,True
cached_h50,10,532,542,4,4,True
cached_h50,10,533,543,4,4,True
cached_h50,10,534,544,4,4,True
cached_h50,10,535,545,4,4,True
cached_h50,10,536,546,4,4,True
cached_h50,10,537,547,4,4,True
cached_h50,10,538,548,4,4,True
cached_h50,10,539,549,4,4,True
cached_h50,10,540,550,4,4,True
cached_h50,10,541,551,4,4,True
cached_h50,10,542,552,4,4,True
cached_h50,10,543,553,4,4,True
cached_h50,10,544,554,4,4,True
cached_h50,10,545,555,4,4,True
cached_h50,10,546,556,4,4,True
cached_h50,10,547,557,4,4,True
cached_h50,10,548,558,4,4,True
cached_h50,10,549,559,4,4,True
cached_h50,10,550,560,4,4,True
cached_h50,10,551,561,4,4,True
cached_h50,10,552,562,4,4,True
cached_h50,10,553,563,4,4,True
cached_h50,10,554,564,4,4,True
cached_h50,10,555,565,4,4,True
cached_h50,10,556,566,4,4,True
cached_h50,10,557,567,4,4,True
cached_h50,10,558,568,4,4,True
cached_h50,10,559,569,4,4,True
cached_h50,10,560,570,4,4,True
cached_h50,10,561,571,4,4,True
cached_h50,10,562,572,4,4,True
cached_h50,10,563,573,4,4,True
cached_h50,10,564,574,4,4,True
cached_h50,10,565,575,4,4,True
cached_h50,10,566,576,4,4,True
cached_h50,10,567,577,4,4,True
cached_h50,10,568,578,4,4,True
cached_h50,10,569,579,4,4,True
cached_h50,10,570,580,4,4,True
cached_h50,10,571,581,4,4,True
cached_h50,10,572,582,4,4,True
cached_h50,10,573,583,4,4,True
cached_h50,10,574,584,4,4,True
cached_h50,10,575,585,4,4,True
cached_h50,10,576,586,4,4,True
cached_h50,10,577,587,4,4,True
cached_h50,10,578,588,4,4,True
cached_h50,10,579,589,4,4,True
cached_h50,10,580,590,4,4,True
cached_h50,10,581,591,4,4,True
cached_h50,10,582,592,4,4,True
cached_h50,10,583,593,4,4,True
cached_h50,10,584,594,4,4,True
cached_h50,10,585,595,4,4,True
cached_h50,10,586,596,4,4,True
cached_h50,10,587,597,4,4,True
cached_h50,10,588,598,4,4,True
cached_h50,10,589,599,4,4,True
cached_h50,10,590,600,4,4,True
same_rng_h10,10,1,11,2,4,False
same_rng_h10,10,2,12,2,4,False
same_rng_h10,10,3,13,2,4,False
same_rng_h10,10,4,14,2,4,False
same_rng_h10,10,5,15,2,4,False
same_rng_h10,10,6,16,2,4,False
same_rng_h10,10,7,17,2,4,False
same_rng_h10,10,8,18,2,4,False
same_rng_h10,10,9,19,2,4,False
same_rng_h10,10,10,20,2,4,False
same_rng_h10,10,11,21,2,4,False
same_rng_h10,10,12,22,2,4,False
same_rng_h10,10,13,23,2,4,False
same_rng_h10,10,14,24,2,4,False
same_rng_h10,10,15,25,2,4,False
same_rng_h10,10,16,26,2,4,False
same_rng_h10,10,17,27,2,4,False
same_rng_h10,10,18,28,2,4,False
same_rng_h10,10,19,29,2,4,False
same_rng_h10,10,20,30,2,4,False
same_rng_h10,10,21,31,2,4,False
same_rng_h10,10,22,32,2,4,False
same_rng_h10,10,23,33,2,4,False
same_rng_h10,10,24,34,2,4,False
same_rng_h10,10,25,35,2,4,False
same_rng_h10,10,26,36,2,4,False
same_rng_h10,10,27,37,2,4,False
same_rng_h10,10,28,38,2,4,False
same_rng_h10,10,29,39,2,4,False
same_rng_h10,10,30,40,2,4,False
same_rng_h10,10,31,41,2,4,False
same_rng_h10,10,32,42,2,4,False
same_rng_h10,10,33,43,2,4,False
same_rng_h10,10,34,44,2,4,False
same_rng_h10,10,35,45,2,4,False
same_rng_h10,10,36,46,2,4,False
same_rng_h10,10,37,47,2,4,False
same_rng_h10,10,38,48,2,4,False
same_rng_h10,10,39,49,2,4,False
same_rng_h10,10,40,50,2,4,False
same_rng_h10,10,41,51,2,4,False
same_rng_h10,10,42,52,2,4,False
same_rng_h10,10,43,53,2,4,False
same_rng_h10,10,44,54,2,4,False
same_rng_h10,10,45,55,2,4,False
same_rng_h10,10,46,56,2,4,False
same_rng_h10,10,47,57,2,4,False
same_rng_h10,10,48,58,2,4,False
same_rng_h10,10,49,59,2,4,False
same_rng_h10,10,50,60,2,4,False
same_rng_h10,10,51,61,2,4,False
same_rng_h10,10,52,62,2,4,False
same_rng_h10,10,53,63,2,4,False
same_rng_h10,10,54,64,2,4,False
same_rng_h10,10,55,65,2,4,False
same_rng_h10,10,56,66,2,4,False
same_rng_h10,10,57,67,2,4,False
same_rng_h10,10,58,68,2,4,False
same_rng_h10,10,59,69,2,4,False
same_rng_h10,10,60,70,2,4,False
same_rng_h10,10,61,71,2,4,False
same_rng_h10,10,62,72,2,4,False
same_rng_h10,10,63,73,2,4,False
same_rng_h10,10,64,74,2,4,False
same_rng_h10,10,65,75,2,4,False
same_rng_h10,10,66,76,2,4,False
same_rng_h10,10,67,77,2,4,False
same_rng_h10,10,68,78,2,4,False
same_rng_h10,10,69,79,2,4,False
same_rng_h10,10,70,80,2,4,False
same_rng_h10,10,71,81,2,4,False
same_rng_h10,10,72,82,2,4,False
same_rng_h10,10,73,83,2,4,False
same_rng_h10,10,74,84,2,4,False
same_rng_h10,10,75,85,2,4,False
same_rng_h10,10,76,86,2,4,False
same_rng_h10,10,77,87,2,4,False
same_rng_h10,10,78,88,2,4,False
same_rng_h10,10,79,89,2,4,False
same_rng_h10,10,80,90,2,4,False
same_rng_h10,10,81,91,2,4,False
same_rng_h10,10,82,92,2,4,False
same_rng_h10,10,83,93,2,4,False
same_rng_h10,10,84,94,2,4,False
same_rng_h10,10,85,95,2,4,False
same_rng_h10,10,86,96,2,4,False
same_rng_h10,10,87,97,2,4,False
same_rng_h10,10,88,98,2,4,False
same_rng_h10,10,89,99,2,4,False
same_rng_h10,10,90,100,2,4,False
same_rng_h10,10,91,101,2,4,False
same_rng_h10,10,92,102,2,4,False
same_rng_h10,10,93,103,2,4,False
same_rng_h10,10,94,104,2,4,False
same_rng_h10,10,95,105,2,4,False
same_rng_h10,10,96,106,2,4,False
same_rng_h10,10,97,107,2,4,False
same_rng_h10,10,98,108,2,4,False
same_rng_h10,10,99,109,2,4,False
same_rng_h10,10,100,110,2,4,False
same_rng_h10,10,101,111,2,4,False
same_rng_h10,10,102,112,2,4,False
same_rng_h10,10,103,113,2,4,False
same_rng_h10,10,104,114,2,4,False
same_rng_h10,10,105,115,2,4,False
same_rng_h10,10,106,116,2,4,False
same_rng_h10,10,107,117,2,4,False
same_rng_h10,10,108,118,2,4,False
same_rng_h10,10,109,119,2,4,False
same_rng_h10,10,110,120,2,4,False
same_rng_h10,10,111,121,2,4,False
same_rng_h10,10,112,122,2,4,False
same_rng_h10,10,113,123,2,4,False
same_rng_h10,10,114,124,2,4,False
same_rng_h10,10,115,125,2,4,False
same_rng_h10,10,116,126,2,4,False
same_rng_h10,10,117,127,2,4,False
same_rng_h10,10,118,128,2,4,False
same_rng_h10,10,119,129,2,4,False
same_rng_h10,10,120,130,2,4,False
same_rng_h10,10,121,131,2,4,False
same_rng_h10,10,122,132,2,4,False
same_rng_h10,10,123,133,2,4,False
same_rng_h10,10,124,134,2,4,False
same_rng_h10,10,125,135,2,4,False
same_rng_h10,10,126,136,2,4,False
same_rng_h10,10,127,137,2,4,False
same_rng_h10,10,128,138,2,4,False
same_rng_h10,10,129,139,2,4,False
same_rng_h10,10,130,140,2,4,False
same_rng_h10,10,131,141,2,4,False
same_rng_h10,10,132,142,2,4,False
same_rng_h10,10,133,143,2,4,False
same_rng_h10,10,134,144,2,4,False
same_rng_h10,10,135,145,2,4,False
same_rng_h10,10,136,146,2,4,False
same_rng_h10,10,137,147,2,4,False
same_rng_h10,10,138,148,2,4,False
same_rng_h10,10,139,149,2,4,False
same_rng_h10,10,140,150,2,4,False
same_rng_h10,10,141,151,2,4,False
same_rng_h10,10,142,152,2,4,False
same_rng_h10,10,143,153,2,4,False
same_rng_h10,10,144,154,3,4,False
same_rng_h10,10,145,155,3,4,False
same_rng_h10,10,146,156,3,4,False
same_rng_h10,10,147,157,3,4,False
same_rng_h10,10,148,158,3,4,False
same_rng_h10,10,149,159,3,4,False
same_rng_h10,10,150,160,3,4,False
same_rng_h10,10,151,161,3,4,False
same_rng_h10,10,152,162,3,4,False
same_rng_h10,10,153,163,3,4,False
same_rng_h10,10,154,164,3,4,False
same_rng_h10,10,155,165,3,4,False
same_rng_h10,10,156,166,3,4,False
same_rng_h10,10,157,167,3,4,False
same_rng_h10,10,158,168,3,4,False
same_rng_h10,10,159,169,3,4,False
same_rng_h10,10,160,170,3,4,False
same_rng_h10,10,161,171,3,4,False
same_rng_h10,10,162,172,3,4,False
same_rng_h10,10,163,173,3,4,False
same_rng_h10,10,164,174,3,4,False
same_rng_h10,10,165,175,3,4,False
same_rng_h10,10,166,176,3,4,False
same_rng_h10,10,167,177,3,4,False
same_rng_h10,10,168,178,3,4,False
same_rng_h10,10,169,179,3,4,False
same_rng_h10,10,170,180,3,4,False
same_rng_h10,10,171,181,3,4,False
same_rng_h10,10,172,182,3,4,False
same_rng_h10,10,173,183,3,4,False
same_rng_h10,10,174,184,3,4,False
same_rng_h10,10,175,185,3,4,False
same_rng_h10,10,176,186,3,4,False
same_rng_h10,10,177,187,3,4,False
same_rng_h10,10,178,188,3,4,False
same_rng_h10,10,179,189,3,4,False
same_rng_h10,10,180,190,3,4,False
same_rng_h10,10,181,191,3,4,False
same_rng_h10,10,182,192,3,4,False
same_rng_h10,10,183,193,3,4,False
same_rng_h10,10,184,194,3,4,False
same_rng_h10,10,185,195,3,4,False
same_rng_h10,10,186,196,3,4,False
same_rng_h10,10,187,197,3,4,False
same_rng_h10,10,188,198,3,4,False
same_rng_h10,10,189,199,3,4,False
same_rng_h10,10,190,200,3,4,False
same_rng_h10,10,191,201,3,4,False
same_rng_h10,10,192,202,3,4,False
same_rng_h10,10,193,203,3,4,False
same_rng_h10,10,194,204,3,4,False
same_rng_h10,10,195,205,3,4,False
same_rng_h10,10,196,206,3,4,False
same_rng_h10,10,197,207,3,4,False
same_rng_h10,10,198,208,3,4,False
same_rng_h10,10,199,209,3,4,False
same_rng_h10,10,200,210,3,4,False
same_rng_h10,10,201,211,3,4,False
same_rng_h10,10,202,212,3,4,False
same_rng_h10,10,203,213,3,4,False
same_rng_h10,10,204,214,3,4,False
same_rng_h10,10,205,215,3,4,False
same_rng_h10,10,206,216,3,4,False
same_rng_h10,10,207,217,3,4,False
same_rng_h10,10,208,218,3,4,False
same_rng_h10,10,209,219,3,4,False
same_rng_h10,10,210,220,3,4,False
same_rng_h10,10,211,221,3,4,False
same_rng_h10,10,212,222,3,4,False
same_rng_h10,10,213,223,3,4,False
same_rng_h10,10,214,224,3,4,False
same_rng_h10,10,215,225,3,4,False
same_rng_h10,10,216,226,3,4,False
same_rng_h10,10,217,227,3,4,False
same_rng_h10,10,218,228,3,4,False
same_rng_h10,10,219,229,3,4,False
same_rng_h10,10,220,230,3,4,False
same_rng_h10,10,221,231,3,4,False
same_rng_h10,10,222,232,3,4,False
same_rng_h10,10,223,233,3,4,False
same_rng_h10,10,224,234,3,4,False
same_rng_h10,10,225,235,3,4,False
same_rng_h10,10,226,236,3,4,False
same_rng_h10,10,227,237,3,4,False
same_rng_h10,10,228,238,3,4,False
same_rng_h10,10,229,239,3,4,False
same_rng_h10,10,230,240,3,4,False
same_rng_h10,10,231,241,3,4,False
same_rng_h10,10,232,242,3,4,False
same_rng_h10,10,233,243,3,4,False
same_rng_h10,10,234,244,3,4,False
same_rng_h10,10,235,245,3,4,False
same_rng_h10,10,236,246,3,4,False
same_rng_h10,10,237,247,3,4,False
same_rng_h10,10,238,248,3,4,False
same_rng_h10,10,239,249,3,4,False
same_rng_h10,10,240,250,3,4,False
same_rng_h10,10,241,251,3,4,False
same_rng_h10,10,242,252,3,4,False
same_rng_h10,10,243,253,3,4,False
same_rng_h10,10,244,254,3,4,False
same_rng_h10,10,245,255,3,4,False
same_rng_h10,10,246,256,3,4,False
same_rng_h10,10,247,257,3,4,False
same_rng_h10,10,248,258,3,4,False
same_rng_h10,10,249,259,3,4,False
same_rng_h10,10,250,260,3,4,False
same_rng_h10,10,251,261,3,4,False
same_rng_h10,10,252,262,3,4,False
same_rng_h10,10,253,263,3,4,False
same_rng_h10,10,254,264,3,4,False
same_rng_h10,10,255,265,3,4,False
same_rng_h10,10,256,266,3,4,False
same_rng_h10,10,257,267,3,4,False
same_rng_h10,10,258,268,3,4,False
same_rng_h10,10,259,269,3,4,False
same_rng_h10,10,260,270,3,4,False
same_rng_h10,10,261,271,3,4,False
same_rng_h10,10,262,272,3,4,False
same_rng_h10,10,263,273,3,4,False
same_rng_h10,10,264,274,3,4,False
same_rng_h10,10,265,275,3,4,False
same_rng_h10,10,266,276,3,4,False
same_rng_h10,10,267,277,3,4,False
same_rng_h10,10,268,278,3,4,False
same_rng_h10,10,269,279,3,4,False
same_rng_h10,10,270,280,3,4,False
same_rng_h10,10,271,281,3,4,False
same_rng_h10,10,272,282,3,4,False
same_rng_h10,10,273,283,3,4,False
same_rng_h10,10,274,284,3,4,False
same_rng_h10,10,275,285,3,4,False
same_rng_h10,10,276,286,3,4,False
same_rng_h10,10,277,287,3,4,False
same_rng_h10,10,278,288,3,4,False
same_rng_h10,10,279,289,3,4,False
same_rng_h10,10,280,290,3,4,False
same_rng_h10,10,281,291,3,4,False
same_rng_h10,10,282,292,3,4,False
same_rng_h10,10,283,293,3,4,False
same_rng_h10,10,284,294,3,4,False
same_rng_h10,10,285,295,3,4,False
same_rng_h10,10,286,296,3,4,False
same_rng_h10,10,287,297,3,4,False
same_rng_h10,10,288,298,3,4,False
same_rng_h10,10,289,299,3,4,False
same_rng_h10,10,290,300,3,4,False
same_rng_h10,10,291,301,3,4,False
same_rng_h10,10,292,302,3,4,False
same_rng_h10,10,293,303,3,4,False
same_rng_h10,10,294,304,3,4,False
same_rng_h10,10,295,305,3,4,False
same_rng_h10,10,296,306,3,4,False
same_rng_h10,10,297,307,3,4,False
same_rng_h10,10,298,308,3,4,False
same_rng_h10,10,299,309,3,4,False
same_rng_h10,10,300,310,3,4,False
same_rng_h10,10,301,311,3,4,False
same_rng_h10,10,302,312,3,4,False
same_rng_h10,10,303,313,3,4,False
same_rng_h10,10,304,314,3,4,False
same_rng_h10,10,305,315,3,4,False
same_rng_h10,10,306,316,3,4,False
same_rng_h10,10,307,317,3,4,False
same_rng_h10,10,308,318,3,4,False
same_rng_h10,10,309,319,3,4,False
same_rng_h10,10,310,320,3,4,False
same_rng_h10,10,311,321,3,4,False
same_rng_h10,10,312,322,3,4,False
same_rng_h10,10,313,323,3,4,False
same_rng_h10,10,314,324,3,4,False
same_rng_h10,10,315,325,3,4,False
same_rng_h10,10,316,326,3,4,False
same_rng_h10,10,317,327,3,4,False
same_rng_h10,10,318,328,3,4,False
same_rng_h10,10,319,329,3,4,False
same_rng_h10,10,320,330,3,4,False
same_rng_h10,10,321,331,3,4,False
same_rng_h10,10,322,332,3,4,False
same_rng_h10,10,323,333,3,4,False
same_rng_h10,10,324,334,3,4,False
same_rng_h10,10,325,335,3,4,False
same_rng_h10,10,326,336,3,4,False
same_rng_h10,10,327,337,3,4,False
same_rng_h10,10,328,338,3,4,False
same_rng_h10,10,329,339,3,4,False
same_rng_h10,10,330,340,3,4,False
same_rng_h10,10,331,341,3,4,False
same_rng_h10,10,332,342,3,4,False
same_rng_h10,10,333,343,3,4,False
same_rng_h10,10,334,344,3,4,False
same_rng_h10,10,335,345,3,4,False
same_rng_h10,10,336,346,3,4,False
same_rng_h10,10,337,347,3,4,False
same_rng_h10,10,338,348,3,4,False
same_rng_h10,10,339,349,3,4,False
same_rng_h10,10,340,350,3,4,False
same_rng_h10,10,341,351,3,4,False
same_rng_h10,10,342,352,3,4,False
same_rng_h10,10,343,353,3,4,False
same_rng_h10,10,344,354,3,4,False
same_rng_h10,10,345,355,3,4,False
same_rng_h10,10,346,356,3,4,False
same_rng_h10,10,347,357,3,4,False
same_rng_h10,10,348,358,3,4,False
same_rng_h10,10,349,359,3,4,False
same_rng_h10,10,350,360,3,4,False
same_rng_h10,10,351,361,3,4,False
same_rng_h10,10,352,362,3,4,False
same_rng_h10,10,353,363,3,4,False
same_rng_h10,10,354,364,3,4,False
same_rng_h10,10,355,365,3,4,False
same_rng_h10,10,356,366,3,4,False
same_rng_h10,10,357,367,3,4,False
same_rng_h10,10,358,368,3,4,False
same_rng_h10,10,359,369,3,4,False
same_rng_h10,10,360,370,3,4,False
same_rng_h10,10,361,371,3,4,False
same_rng_h10,10,362,372,3,4,False
same_rng_h10,10,363,373,3,4,False
same_rng_h10,10,364,374,3,4,False
same_rng_h10,10,365,375,3,4,False
same_rng_h10,10,366,376,3,4,False
same_rng_h10,10,367,377,3,4,False
same_rng_h10,10,368,378,3,4,False
same_rng_h10,10,369,379,3,4,False
same_rng_h10,10,370,380,3,4,False
same_rng_h10,10,371,381,3,4,False
same_rng_h10,10,372,382,3,4,False
same_rng_h10,10,373,383,3,4,False
same_rng_h10,10,374,384,3,4,False
same_rng_h10,10,375,385,3,4,False
same_rng_h10,10,376,386,3,4,False
same_rng_h10,10,377,387,3,4,False
same_rng_h10,10,378,388,3,4,False
same_rng_h10,10,379,389,3,4,False
same_rng_h10,10,380,390,3,4,False
same_rng_h10,10,381,391,3,4,False
same_rng_h10,10,382,392,3,4,False
same_rng_h10,10,383,393,3,4,False
same_rng_h10,10,384,394,3,4,False
same_rng_h10,10,385,395,3,4,False
same_rng_h10,10,386,396,3,4,False
same_rng_h10,10,387,397,3,4,False
same_rng_h10,10,388,398,3,4,False
same_rng_h10,10,389,399,3,4,False
same_rng_h10,10,390,400,3,4,False
same_rng_h10,10,391,401,3,4,False
same_rng_h10,10,392,402,3,4,False
same_rng_h10,10,393,403,3,4,False
same_rng_h10,10,394,404,3,4,False
same_rng_h10,10,395,405,3,4,False
same_rng_h10,10,396,406,3,4,False
same_rng_h10,10,397,407,3,4,False
same_rng_h10,10,398,408,3,4,False
same_rng_h10,10,399,409,3,4,False
same_rng_h10,10,400,410,3,4,False
same_rng_h10,10,401,411,3,4,False
same_rng_h10,10,402,412,3,4,False
same_rng_h10,10,403,413,3,4,False
same_rng_h10,10,404,414,3,4,False
same_rng_h10,10,405,415,3,4,False
same_rng_h10,10,406,416,3,4,False
same_rng_h10,10,407,417,3,4,False
same_rng_h10,10,408,418,3,4,False
same_rng_h10,10,409,419,3,4,False
same_rng_h10,10,410,420,3,4,False
same_rng_h10,10,411,421,3,4,False
same_rng_h10,10,412,422,3,4,False
same_rng_h10,10,413,423,3,4,False
same_rng_h10,10,414,424,3,4,False
same_rng_h10,10,415,425,3,4,False
same_rng_h10,10,416,426,3,4,False
same_rng_h10,10,417,427,3,4,False
same_rng_h10,10,418,428,3,4,False
same_rng_h10,10,419,429,3,4,False
same_rng_h10,10,420,430,3,4,False
same_rng_h10,10,421,431,3,4,False
same_rng_h10,10,422,432,3,4,False
same_rng_h10,10,423,433,3,4,False
same_rng_h10,10,424,434,3,4,False
same_rng_h10,10,425,435,3,4,False
same_rng_h10,10,426,436,3,4,False
same_rng_h10,10,427,437,3,4,False
same_rng_h10,10,428,438,3,4,False
same_rng_h10,10,429,439,3,4,False
same_rng_h10,10,430,440,3,4,False
same_rng_h10,10,431,441,3,4,False
same_rng_h10,10,432,442,3,4,False
same_rng_h10,10,433,443,3,4,False
same_rng_h10,10,434,444,3,4,False
same_rng_h10,10,435,445,3,4,False
same_rng_h10,10,436,446,3,4,False
same_rng_h10,10,437,447,3,4,False
same_rng_h10,10,438,448,3,4,False
same_rng_h10,10,439,449,3,4,False
same_rng_h10,10,440,450,3,4,False
same_rng_h10,10,441,451,3,4,False
same_rng_h10,10,442,452,3,4,False
same_rng_h10,10,443,453,3,4,False
same_rng_h10,10,444,454,3,4,False
same_rng_h10,10,445,455,3,4,False
same_rng_h10,10,446,456,3,4,False
same_rng_h10,10,447,457,3,4,False
same_rng_h10,10,448,458,3,4,False
same_rng_h10,10,449,459,3,4,False
same_rng_h10,10,450,460,3,4,False
same_rng_h10,10,451,461,3,4,False
same_rng_h10,10,452,462,3,4,False
same_rng_h10,10,453,463,3,4,False
same_rng_h10,10,454,464,3,4,False
same_rng_h10,10,455,465,3,4,False
same_rng_h10,10,456,466,3,4,False
same_rng_h10,10,457,467,3,4,False
same_rng_h10,10,458,468,3,4,False
same_rng_h10,10,459,469,3,4,False
same_rng_h10,10,460,470,3,4,False
same_rng_h10,10,461,471,3,4,False
same_rng_h10,10,462,472,3,4,False
same_rng_h10,10,463,473,3,4,False
same_rng_h10,10,464,474,3,4,False
same_rng_h10,10,465,475,3,4,False
same_rng_h10,10,466,476,3,4,False
same_rng_h10,10,467,477,3,4,False
same_rng_h10,10,468,478,3,4,False
same_rng_h10,10,469,479,3,4,False
same_rng_h10,10,470,480,3,4,False
same_rng_h10,10,471,481,3,4,False
same_rng_h10,10,472,482,3,4,False
same_rng_h10,10,473,483,3,4,False
same_rng_h10,10,474,484,3,4,False
same_rng_h10,10,475,485,3,4,False
same_rng_h10,10,476,486,3,4,False
same_rng_h10,10,477,487,3,4,False
same_rng_h10,10,478,488,3,4,False
same_rng_h10,10,479,489,3,4,False
same_rng_h10,10,480,490,3,4,False
same_rng_h10,10,481,491,3,4,False
same_rng_h10,10,482,492,3,4,False
same_rng_h10,10,483,493,3,4,False
same_rng_h10,10,484,494,3,4,False
same_rng_h10,10,485,495,3,4,False
same_rng_h10,10,486,496,3,4,False
same_rng_h10,10,487,497,3,4,False
same_rng_h10,10,488,498,3,4,False
same_rng_h10,10,489,499,3,4,False
same_rng_h10,10,490,500,3,4,False
same_rng_h10,10,491,501,3,4,False
same_rng_h10,10,492,502,3,4,False
same_rng_h10,10,493,503,3,4,False
same_rng_h10,10,494,504,3,4,False
same_rng_h10,10,495,505,3,4,False
same_rng_h10,10,496,506,3,4,False
same_rng_h10,10,497,507,3,4,False
same_rng_h10,10,498,508,3,4,False
same_rng_h10,10,499,509,3,4,False
same_rng_h10,10,500,510,3,4,False
same_rng_h10,10,501,511,3,4,False
same_rng_h10,10,502,512,3,4,False
same_rng_h10,10,503,513,3,4,False
same_rng_h10,10,504,514,3,4,False
same_rng_h10,10,505,515,3,4,False
same_rng_h10,10,506,516,3,4,False
same_rng_h10,10,507,517,3,4,False
same_rng_h10,10,508,518,3,4,False
same_rng_h10,10,509,519,3,4,False
same_rng_h10,10,510,520,3,4,False
same_rng_h10,10,511,521,3,4,False
same_rng_h10,10,512,522,3,4,False
same_rng_h10,10,513,523,3,4,False
same_rng_h10,10,514,524,3,4,False
same_rng_h10,10,515,525,3,4,False
same_rng_h10,10,516,526,3,4,False
same_rng_h10,10,517,527,3,4,False
same_rng_h10,10,518,528,3,4,False
same_rng_h10,10,519,529,3,4,False
same_rng_h10,10,520,530,3,4,False
same_rng_h10,10,521,531,3,4,False
same_rng_h10,10,522,532,3,4,False
same_rng_h10,10,523,533,3,4,False
same_rng_h10,10,524,534,3,4,False
same_rng_h10,10,525,535,3,4,False
same_rng_h10,10,526,536,3,4,False
same_rng_h10,10,527,537,3,4,False
same_rng_h10,10,528,538,3,4,False
same_rng_h10,10,529,539,3,4,False
same_rng_h10,10,530,540,3,4,False
same_rng_h10,10,531,541,3,4,False
same_rng_h10,10,532,542,3,4,False
same_rng_h10,10,533,543,3,4,False
same_rng_h10,10,534,544,3,4,False
same_rng_h10,10,535,545,3,4,False
same_rng_h10,10,536,546,3,4,False
same_rng_h10,10,537,547,3,4,False
same_rng_h10,10,538,548,3,4,False
same_rng_h10,10,539,549,3,4,False
same_rng_h10,10,540,550,3,4,False
same_rng_h10,10,541,551,3,4,False
same_rng_h10,10,542,552,3,4,False
same_rng_h10,10,543,553,3,4,False
same_rng_h10,10,544,554,3,4,False
same_rng_h10,10,545,555,3,4,False
same_rng_h10,10,546,556,3,4,False
same_rng_h10,10,547,557,3,4,False
same_rng_h10,10,548,558,3,4,False
same_rng_h10,10,549,559,3,4,False
same_rng_h10,10,550,560,3,4,False
same_rng_h10,10,551,561,3,4,False
same_rng_h10,10,552,562,3,4,False
same_rng_h10,10,553,563,3,4,False
same_rng_h10,10,554,564,3,4,False
same_rng_h10,10,555,565,3,4,False
same_rng_h10,10,556,566,3,4,False
same_rng_h10,10,557,567,3,4,False
same_rng_h10,10,558,568,3,4,False
same_rng_h10,10,559,569,3,4,False
same_rng_h10,10,560,570,3,4,False
same_rng_h10,10,561,571,3,4,False
same_rng_h10,10,562,572,3,4,False
same_rng_h10,10,563,573,3,4,False
same_rng_h10,10,564,574,3,4,False
same_rng_h10,10,565,575,3,4,False
same_rng_h10,10,566,576,3,4,False
same_rng_h10,10,567,577,3,4,False
same_rng_h10,10,568,578,3,4,False
same_rng_h10,10,569,579,3,4,False
same_rng_h10,10,570,580,3,4,False
same_rng_h10,10,571,581,3,4,False
same_rng_h10,10,572,582,3,4,False
same_rng_h10,10,573,583,3,4,False
same_rng_h10,10,574,584,3,4,False
same_rng_h10,10,575,585,3,4,False
same_rng_h10,10,576,586,3,4,False
same_rng_h10,10,577,587,3,4,False
same_rng_h10,10,578,588,3,4,False
same_rng_h10,10,579,589,3,4,False
same_rng_h10,10,580,590,3,4,False
same_rng_h10,10,581,591,3,4,False
same_rng_h10,10,582,592,3,4,False
same_rng_h10,10,583,593,3,4,False
same_rng_h10,10,584,594,3,4,False
same_rng_h10,10,585,595,3,4,False
same_rng_h10,10,586,596,3,4,False
same_rng_h10,10,587,597,3,4,False
same_rng_h10,10,588,598,3,4,False
same_rng_h10,10,589,599,3,4,False
same_rng_h10,10,590,600,3,4,False
same_rng_h10,10,591,601,3,4,False
same_rng_h10,10,592,602,3,4,False
same_rng_h10,10,593,603,3,4,False
same_rng_h10,10,594,604,3,4,False
same_rng_h10,10,595,605,3,4,False
same_rng_h10,10,596,606,3,4,False
same_rng_h10,10,597,607,3,4,False
same_rng_h10,10,598,608,3,4,False
same_rng_h10,10,599,609,3,4,False
same_rng_h10,10,600,610,3,4,False
executed_current-images-old-state,5,1,6,2,4,False
executed_current-images-old-state,5,2,7,2,4,False
executed_current-images-old-state,5,3,8,2,4,False
executed_current-images-old-state,5,4,9,2,4,False
executed_current-images-old-state,5,5,10,2,4,False
executed_current-images-old-state,5,6,11,2,4,False
executed_current-images-old-state,5,7,12,2,4,False
executed_current-images-old-state,5,8,13,2,4,False
executed_current-images-old-state,5,9,14,2,4,False
executed_current-images-old-state,5,10,15,2,4,False
executed_current-images-old-state,5,11,16,2,4,False
executed_current-images-old-state,5,12,17,2,4,False
executed_current-images-old-state,5,13,18,2,4,False
executed_current-images-old-state,5,14,19,2,4,False
executed_current-images-old-state,5,15,20,2,4,False
executed_current-images-old-state,5,16,21,2,4,False
executed_current-images-old-state,5,17,22,2,4,False
executed_current-images-old-state,5,18,23,2,4,False
executed_current-images-old-state,5,19,24,2,4,False
executed_current-images-old-state,5,20,25,2,4,False
executed_current-images-old-state,5,21,26,2,4,False
executed_current-images-old-state,5,22,27,2,4,False
executed_current-images-old-state,5,23,28,2,4,False
executed_current-images-old-state,5,24,29,2,4,False
executed_current-images-old-state,5,25,30,2,4,False
executed_current-images-old-state,5,26,31,2,4,False
executed_current-images-old-state,5,27,32,2,4,False
executed_current-images-old-state,5,28,33,2,4,False
executed_current-images-old-state,5,29,34,2,4,False
executed_current-images-old-state,5,30,35,2,4,False
executed_current-images-old-state,5,31,36,2,4,False
executed_current-images-old-state,5,32,37,2,4,False
executed_current-images-old-state,5,33,38,2,4,False
executed_current-images-old-state,5,34,39,2,4,False
executed_current-images-old-state,5,35,40,2,4,False
executed_current-images-old-state,5,36,41,2,4,False
executed_current-images-old-state,5,37,42,2,4,False
executed_current-images-old-state,5,38,43,2,4,False
executed_current-images-old-state,5,39,44,2,4,False
executed_current-images-old-state,5,40,45,2,4,False
executed_current-images-old-state,5,41,46,2,4,False
executed_current-images-old-state,5,42,47,2,4,False
executed_current-images-old-state,5,43,48,2,4,False
executed_current-images-old-state,5,44,49,2,4,False
executed_current-images-old-state,5,45,50,2,4,False
executed_current-images-old-state,5,46,51,2,4,False
executed_current-images-old-state,5,47,52,2,4,False
executed_current-images-old-state,5,48,53,2,4,False
executed_current-images-old-state,5,49,54,2,4,False
executed_current-images-old-state,5,50,55,2,4,False
executed_current-images-old-state,5,51,56,2,4,False
executed_current-images-old-state,5,52,57,2,4,False
executed_current-images-old-state,5,53,58,2,4,False
executed_current-images-old-state,5,54,59,2,4,False
executed_current-images-old-state,5,55,60,2,4,False
executed_current-images-old-state,5,56,61,2,4,False
executed_current-images-old-state,5,57,62,2,4,False
executed_current-images-old-state,5,58,63,2,4,False
executed_current-images-old-state,5,59,64,2,4,False
executed_current-images-old-state,5,60,65,2,4,False
executed_current-images-old-state,5,61,66,2,4,False
executed_current-images-old-state,5,62,67,2,4,False
executed_current-images-old-state,5,63,68,2,4,False
executed_current-images-old-state,5,64,69,2,4,False
executed_current-images-old-state,5,65,70,2,4,False
executed_current-images-old-state,5,66,71,2,4,False
executed_current-images-old-state,5,67,72,2,4,False
executed_current-images-old-state,5,68,73,2,4,False
executed_current-images-old-state,5,69,74,2,4,False
executed_current-images-old-state,5,70,75,2,4,False
executed_current-images-old-state,5,71,76,2,4,False
executed_current-images-old-state,5,72,77,2,4,False
executed_current-images-old-state,5,73,78,2,4,False
executed_current-images-old-state,5,74,79,2,4,False
executed_current-images-old-state,5,75,80,2,4,False
executed_current-images-old-state,5,76,81,2,4,False
executed_current-images-old-state,5,77,82,2,4,False
executed_current-images-old-state,5,78,83,2,4,False
executed_current-images-old-state,5,79,84,2,4,False
executed_current-images-old-state,5,80,85,2,4,False
executed_current-images-old-state,5,81,86,2,4,False
executed_current-images-old-state,5,82,87,2,4,False
executed_current-images-old-state,5,83,88,2,4,False
executed_current-images-old-state,5,84,89,2,4,False
executed_current-images-old-state,5,85,90,2,4,False
executed_current-images-old-state,5,86,91,2,4,False
executed_current-images-old-state,5,87,92,2,4,False
executed_current-images-old-state,5,88,93,2,4,False
executed_current-images-old-state,5,89,94,2,4,False
executed_current-images-old-state,5,90,95,2,4,False
executed_current-images-old-state,5,91,96,2,4,False
executed_current-images-old-state,5,92,97,2,4,False
executed_current-images-old-state,5,93,98,2,4,False
executed_current-images-old-state,5,94,99,2,4,False
executed_current-images-old-state,5,95,100,2,4,False
executed_current-images-old-state,5,96,101,2,4,False
executed_current-images-old-state,5,97,102,2,4,False
executed_current-images-old-state,5,98,103,2,4,False
executed_current-images-old-state,5,99,104,2,4,False
executed_current-images-old-state,5,100,105,2,4,False
executed_current-images-old-state,5,101,106,2,4,False
executed_current-images-old-state,5,102,107,2,4,False
executed_current-images-old-state,5,103,108,2,4,False
executed_current-images-old-state,5,104,109,2,4,False
executed_current-images-old-state,5,105,110,2,4,False
executed_current-images-old-state,5,106,111,2,4,False
executed_current-images-old-state,5,107,112,2,4,False
executed_current-images-old-state,5,108,113,2,4,False
executed_current-images-old-state,5,109,114,2,4,False
executed_current-images-old-state,5,110,115,2,4,False
executed_current-images-old-state,5,111,116,2,4,False
executed_current-images-old-state,5,112,117,2,4,False
executed_current-images-old-state,5,113,118,2,4,False
executed_current-images-old-state,5,114,119,2,4,False
executed_current-images-old-state,5,115,120,2,4,False
executed_current-images-old-state,5,116,121,2,4,False
executed_current-images-old-state,5,117,122,2,4,False
executed_current-images-old-state,5,118,123,2,4,False
executed_current-images-old-state,5,119,124,2,4,False
executed_current-images-old-state,5,120,125,2,4,False
executed_current-images-old-state,5,121,126,2,4,False
executed_current-images-old-state,5,122,127,2,4,False
executed_current-images-old-state,5,123,128,2,4,False
executed_current-images-old-state,5,124,129,2,4,False
executed_current-images-old-state,5,125,130,2,4,False
executed_current-images-old-state,5,126,131,2,4,False
executed_current-images-old-state,5,127,132,2,4,False
executed_current-images-old-state,5,128,133,2,4,False
executed_current-images-old-state,5,129,134,2,4,False
executed_current-images-old-state,5,130,135,2,4,False
executed_current-images-old-state,5,131,136,2,4,False
executed_current-images-old-state,5,132,137,2,4,False
executed_current-images-old-state,5,133,138,2,4,False
executed_current-images-old-state,5,134,139,2,4,False
executed_current-images-old-state,5,135,140,2,4,False
executed_current-images-old-state,5,136,141,2,4,False
executed_current-images-old-state,5,137,142,2,4,False
executed_current-images-old-state,5,138,143,2,4,False
executed_current-images-old-state,5,139,144,2,4,False
executed_current-images-old-state,5,140,145,2,4,False
executed_current-images-old-state,5,141,146,2,4,False
executed_current-images-old-state,5,142,147,2,4,False
executed_current-images-old-state,5,143,148,2,4,False
executed_current-images-old-state,5,144,149,2,4,False
executed_current-images-old-state,5,145,150,2,4,False
executed_current-images-old-state,5,146,151,2,4,False
executed_current-images-old-state,5,147,152,2,4,False
executed_current-images-old-state,5,148,153,2,4,False
executed_current-images-old-state,5,149,154,2,4,False
executed_current-images-old-state,5,150,155,2,4,False
executed_current-images-old-state,5,151,156,2,4,False
executed_current-images-old-state,5,152,157,2,4,False
executed_current-images-old-state,5,153,158,2,4,False
executed_current-images-old-state,5,154,159,2,4,False
executed_current-images-old-state,5,155,160,2,4,False
executed_current-images-old-state,5,156,161,2,4,False
executed_current-images-old-state,5,157,162,2,4,False
executed_current-images-old-state,5,158,163,2,4,False
executed_current-images-old-state,5,159,164,2,4,False
executed_current-images-old-state,5,160,165,2,4,False
executed_current-images-old-state,5,161,166,2,4,False
executed_current-images-old-state,5,162,167,2,4,False
executed_current-images-old-state,5,163,168,2,4,False
executed_current-images-old-state,5,164,169,2,4,False
executed_current-images-old-state,5,165,170,2,4,False
executed_current-images-old-state,5,166,171,2,4,False
executed_current-images-old-state,5,167,172,2,4,False
executed_current-images-old-state,5,168,173,2,4,False
executed_current-images-old-state,5,169,174,2,4,False
executed_current-images-old-state,5,170,175,2,4,False
executed_current-images-old-state,5,171,176,2,4,False
executed_current-images-old-state,5,172,177,2,4,False
executed_current-images-old-state,5,173,178,2,4,False
executed_current-images-old-state,5,174,179,2,4,False
executed_current-images-old-state,5,175,180,2,4,False
executed_current-images-old-state,5,176,181,2,4,False
executed_current-images-old-state,5,177,182,2,4,False
executed_current-images-old-state,5,178,183,2,4,False
executed_current-images-old-state,5,179,184,2,4,False
executed_current-images-old-state,5,180,185,2,4,False
executed_current-images-old-state,5,181,186,2,4,False
executed_current-images-old-state,5,182,187,2,4,False
executed_current-images-old-state,5,183,188,2,4,False
executed_current-images-old-state,5,184,189,2,4,False
executed_current-images-old-state,5,185,190,2,4,False
executed_current-images-old-state,5,186,191,2,4,False
executed_current-images-old-state,5,187,192,2,4,False
executed_current-images-old-state,5,188,193,2,4,False
executed_current-images-old-state,5,189,194,2,4,False
executed_current-images-old-state,5,190,195,2,4,False
executed_current-images-old-state,5,191,196,2,4,False
executed_current-images-old-state,5,192,197,2,4,False
executed_current-images-old-state,5,193,198,2,4,False
executed_current-images-old-state,5,194,199,2,4,False
executed_current-images-old-state,5,195,200,2,4,False
executed_current-images-old-state,5,196,201,2,4,False
executed_current-images-old-state,5,197,202,2,4,False
executed_current-images-old-state,5,198,203,2,4,False
executed_current-images-old-state,5,199,204,2,4,False
executed_current-images-old-state,5,200,205,2,4,False
executed_current-images-old-state,5,201,206,2,4,False
executed_current-images-old-state,5,202,207,2,4,False
executed_current-images-old-state,5,203,208,2,4,False
executed_current-images-old-state,5,204,209,2,4,False
executed_current-images-old-state,5,205,210,2,4,False
executed_current-images-old-state,5,206,211,2,4,False
executed_current-images-old-state,5,207,212,2,4,False
executed_current-images-old-state,5,208,213,2,4,False
executed_current-images-old-state,5,209,214,2,4,False
executed_current-images-old-state,5,210,215,2,4,False
executed_current-images-old-state,5,211,216,2,4,False
executed_current-images-old-state,5,212,217,2,4,False
executed_current-images-old-state,5,213,218,2,4,False
executed_current-images-old-state,5,214,219,2,4,False
executed_current-images-old-state,5,215,220,2,4,False
executed_current-images-old-state,5,216,221,2,4,False
executed_current-images-old-state,5,217,222,2,4,False
executed_current-images-old-state,5,218,223,2,4,False
executed_current-images-old-state,5,219,224,2,4,False
executed_current-images-old-state,5,220,225,2,4,False
executed_current-images-old-state,5,221,226,2,4,False
executed_current-images-old-state,5,222,227,2,4,False
executed_current-images-old-state,5,223,228,2,4,False
executed_current-images-old-state,5,224,229,2,4,False
executed_current-images-old-state,5,225,230,2,4,False
executed_current-images-old-state,5,226,231,2,4,False
executed_current-images-old-state,5,227,232,2,4,False
executed_current-images-old-state,5,228,233,2,4,False
executed_current-images-old-state,5,229,234,2,4,False
executed_current-images-old-state,5,230,235,2,4,False
executed_current-images-old-state,5,231,236,2,4,False
executed_current-images-old-state,5,232,237,2,4,False
executed_current-images-old-state,5,233,238,2,4,False
executed_current-images-old-state,5,234,239,2,4,False
executed_current-images-old-state,5,235,240,2,4,False
executed_current-images-old-state,5,236,241,2,4,False
executed_current-images-old-state,5,237,242,2,4,False
executed_current-images-old-state,5,238,243,2,4,False
executed_current-images-old-state,5,239,244,2,4,False
executed_current-images-old-state,5,240,245,2,4,False
executed_current-images-old-state,5,241,246,2,4,False
executed_current-images-old-state,5,242,247,2,4,False
executed_current-images-old-state,5,243,248,2,4,False
executed_current-images-old-state,5,244,249,2,4,False
executed_current-images-old-state,5,245,250,2,4,False
executed_current-images-old-state,5,246,251,2,4,False
executed_current-images-old-state,5,247,252,2,4,False
executed_current-images-old-state,5,248,253,2,4,False
executed_current-images-old-state,5,249,254,2,4,False
executed_current-images-old-state,5,250,255,2,4,False
executed_current-images-old-state,5,251,256,2,4,False
executed_current-images-old-state,5,252,257,2,4,False
executed_current-images-old-state,5,253,258,2,4,False
executed_current-images-old-state,5,254,259,2,4,False
executed_current-images-old-state,5,255,260,2,4,False
executed_current-images-old-state,5,256,261,2,4,False
executed_current-images-old-state,5,257,262,2,4,False
executed_current-images-old-state,5,258,263,2,4,False
executed_current-images-old-state,5,259,264,2,4,False
executed_current-images-old-state,5,260,265,2,4,False
executed_current-images-old-state,5,261,266,2,4,False
executed_current-images-old-state,5,262,267,2,4,False
executed_current-images-old-state,5,263,268,2,4,False
executed_current-images-old-state,5,264,269,2,4,False
executed_current-images-old-state,5,265,270,2,4,False
executed_current-images-old-state,5,266,271,2,4,False
executed_current-images-old-state,5,267,272,2,4,False
executed_current-images-old-state,5,268,273,2,4,False
executed_current-images-old-state,5,269,274,2,4,False
executed_current-images-old-state,5,270,275,2,4,False
executed_current-images-old-state,5,271,276,2,4,False
executed_current-images-old-state,5,272,277,2,4,False
executed_current-images-old-state,5,273,278,2,4,False
executed_current-images-old-state,5,274,279,2,4,False
executed_current-images-old-state,5,275,280,2,4,False
executed_current-images-old-state,5,276,281,2,4,False
executed_current-images-old-state,5,277,282,2,4,False
executed_current-images-old-state,5,278,283,2,4,False
executed_current-images-old-state,5,279,284,2,4,False
executed_current-images-old-state,5,280,285,2,4,False
executed_current-images-old-state,5,281,286,2,4,False
executed_current-images-old-state,5,282,287,2,4,False
executed_current-images-old-state,5,283,288,2,4,False
executed_current-images-old-state,5,284,289,2,4,False
executed_current-images-old-state,5,285,290,2,4,False
executed_current-images-old-state,5,286,291,2,4,False
executed_current-images-old-state,5,287,292,2,4,False
executed_current-images-old-state,5,288,293,2,4,False
executed_current-images-old-state,5,289,294,2,4,False
executed_current-images-old-state,5,290,295,2,4,False
executed_current-images-old-state,5,291,296,2,4,False
executed_current-images-old-state,5,292,297,2,4,False
executed_current-images-old-state,5,293,298,2,4,False
executed_current-images-old-state,5,294,299,2,4,False
executed_current-images-old-state,5,295,300,2,4,False
executed_current-images-old-state,5,296,301,2,4,False
executed_current-images-old-state,5,297,302,2,4,False
executed_current-images-old-state,5,298,303,2,4,False
executed_current-images-old-state,5,299,304,2,4,False
executed_current-images-old-state,5,300,305,2,4,False
executed_current-images-old-state,5,301,306,2,4,False
executed_current-images-old-state,5,302,307,2,4,False
executed_current-images-old-state,5,303,308,2,4,False
executed_current-images-old-state,5,304,309,2,4,False
executed_current-images-old-state,5,305,310,2,4,False
executed_current-images-old-state,5,306,311,2,4,False
executed_current-images-old-state,5,307,312,2,4,False
executed_current-images-old-state,5,308,313,2,4,False
executed_current-images-old-state,5,309,314,2,4,False
executed_current-images-old-state,5,310,315,2,4,False
executed_current-images-old-state,5,311,316,2,4,False
executed_current-images-old-state,5,312,317,2,4,False
executed_current-images-old-state,5,313,318,2,4,False
executed_current-images-old-state,5,314,319,2,4,False
executed_current-images-old-state,5,315,320,2,4,False
executed_current-images-old-state,5,316,321,2,4,False
executed_current-images-old-state,5,317,322,2,4,False
executed_current-images-old-state,5,318,323,2,4,False
executed_current-images-old-state,5,319,324,2,4,False
executed_current-images-old-state,5,320,325,2,4,False
executed_current-images-old-state,5,321,326,2,4,False
executed_current-images-old-state,5,322,327,2,4,False
executed_current-images-old-state,5,323,328,2,4,False
executed_current-images-old-state,5,324,329,2,4,False
executed_current-images-old-state,5,325,330,2,4,False
executed_current-images-old-state,5,326,331,2,4,False
executed_current-images-old-state,5,327,332,2,4,False
executed_current-images-old-state,5,328,333,2,4,False
executed_current-images-old-state,5,329,334,2,4,False
executed_current-images-old-state,5,330,335,2,4,False
executed_current-images-old-state,5,331,336,2,4,False
executed_current-images-old-state,5,332,337,2,4,False
executed_current-images-old-state,5,333,338,2,4,False
executed_current-images-old-state,5,334,339,2,4,False
executed_current-images-old-state,5,335,340,2,4,False
executed_current-images-old-state,5,336,341,2,4,False
executed_current-images-old-state,5,337,342,2,4,False
executed_current-images-old-state,5,338,343,2,4,False
executed_current-images-old-state,5,339,344,2,4,False
executed_current-images-old-state,5,340,345,2,4,False
executed_current-images-old-state,5,341,346,2,4,False
executed_current-images-old-state,5,342,347,2,4,False
executed_current-images-old-state,5,343,348,2,4,False
executed_current-images-old-state,5,344,349,2,4,False
executed_current-images-old-state,5,345,350,2,4,False
executed_current-images-old-state,5,346,351,2,4,False
executed_current-images-old-state,5,347,352,2,4,False
executed_current-images-old-state,5,348,353,2,4,False
executed_current-images-old-state,5,349,354,2,4,False
executed_current-images-old-state,5,350,355,2,4,False
executed_current-images-old-state,5,351,356,2,4,False
executed_current-images-old-state,5,352,357,2,4,False
executed_current-images-old-state,5,353,358,2,4,False
executed_current-images-old-state,5,354,359,2,4,False
executed_current-images-old-state,5,355,360,2,4,False
executed_current-images-old-state,5,356,361,2,4,False
executed_current-images-old-state,5,357,362,2,4,False
executed_current-images-old-state,5,358,363,2,4,False
executed_current-images-old-state,5,359,364,2,4,False
executed_current-images-old-state,5,360,365,2,4,False
executed_current-images-old-state,5,361,366,2,4,False
executed_current-images-old-state,5,362,367,2,4,False
executed_current-images-old-state,5,363,368,2,4,False
executed_current-images-old-state,5,364,369,2,4,False
executed_current-images-old-state,5,365,370,2,4,False
executed_current-images-old-state,5,366,371,2,4,False
executed_current-images-old-state,5,367,372,2,4,False
executed_current-images-old-state,5,368,373,2,4,False
executed_current-images-old-state,5,369,374,2,4,False
executed_current-images-old-state,5,370,375,2,4,False
executed_current-images-old-state,5,371,376,2,4,False
executed_current-images-old-state,5,372,377,2,4,False
executed_current-images-old-state,5,373,378,2,4,False
executed_current-images-old-state,5,374,379,2,4,False
executed_current-images-old-state,5,375,380,2,4,False
executed_current-images-old-state,5,376,381,2,4,False
executed_current-images-old-state,5,377,382,2,4,False
executed_current-images-old-state,5,378,383,2,4,False
executed_current-images-old-state,5,379,384,2,4,False
executed_current-images-old-state,5,380,385,2,4,False
executed_current-images-old-state,5,381,386,2,4,False
executed_current-images-old-state,5,382,387,2,4,False
executed_current-images-old-state,5,383,388,2,4,False
executed_current-images-old-state,5,384,389,2,4,False
executed_current-images-old-state,5,385,390,2,4,False
executed_current-images-old-state,5,386,391,2,4,False
executed_current-images-old-state,5,387,392,2,4,False
executed_current-images-old-state,5,388,393,2,4,False
executed_current-images-old-state,5,389,394,2,4,False
executed_current-images-old-state,5,390,395,2,4,False
executed_current-images-old-state,5,391,396,2,4,False
executed_current-images-old-state,5,392,397,2,4,False
executed_current-images-old-state,5,393,398,2,4,False
executed_current-images-old-state,5,394,399,2,4,False
executed_current-images-old-state,5,395,400,2,4,False
executed_current-images-old-state,5,396,401,2,4,False
executed_current-images-old-state,5,397,402,2,4,False
executed_current-images-old-state,5,398,403,2,4,False
executed_current-images-old-state,5,399,404,2,4,False
executed_current-images-old-state,5,400,405,2,4,False
executed_current-images-old-state,5,401,406,2,4,False
executed_current-images-old-state,5,402,407,2,4,False
executed_current-images-old-state,5,403,408,2,4,False
executed_current-images-old-state,5,404,409,2,4,False
executed_current-images-old-state,5,405,410,2,4,False
executed_current-images-old-state,5,406,411,2,4,False
executed_current-images-old-state,5,407,412,2,4,False
executed_current-images-old-state,5,408,413,2,4,False
executed_current-images-old-state,5,409,414,2,4,False
executed_current-images-old-state,5,410,415,2,4,False
executed_current-images-old-state,5,411,416,2,4,False
executed_current-images-old-state,5,412,417,2,4,False
executed_current-images-old-state,5,413,418,2,4,False
executed_current-images-old-state,5,414,419,2,4,False
executed_current-images-old-state,5,415,420,2,4,False
executed_current-images-old-state,5,416,421,2,4,False
executed_current-images-old-state,5,417,422,2,4,False
executed_current-images-old-state,5,418,423,2,4,False
executed_current-images-old-state,5,419,424,2,4,False
executed_current-images-old-state,5,420,425,2,4,False
executed_current-images-old-state,5,421,426,2,4,False
executed_current-images-old-state,5,422,427,2,4,False
executed_current-images-old-state,5,423,428,2,4,False
executed_current-images-old-state,5,424,429,2,4,False
executed_current-images-old-state,5,425,430,2,4,False
executed_current-images-old-state,5,426,431,2,4,False
executed_current-images-old-state,5,427,432,2,4,False
executed_current-images-old-state,5,428,433,2,4,False
executed_current-images-old-state,5,429,434,2,4,False
executed_current-images-old-state,5,430,435,2,4,False
executed_current-images-old-state,5,431,436,2,4,False
executed_current-images-old-state,5,432,437,2,4,False
executed_current-images-old-state,5,433,438,2,4,False
executed_current-images-old-state,5,434,439,2,4,False
executed_current-images-old-state,5,435,440,2,4,False
executed_current-images-old-state,5,436,441,2,4,False
executed_current-images-old-state,5,437,442,2,4,False
executed_current-images-old-state,5,438,443,2,4,False
executed_current-images-old-state,5,439,444,2,4,False
executed_current-images-old-state,5,440,445,2,4,False
executed_current-images-old-state,5,441,446,2,4,False
executed_current-images-old-state,5,442,447,2,4,False
executed_current-images-old-state,5,443,448,2,4,False
executed_current-images-old-state,5,444,449,2,4,False
executed_current-images-old-state,5,445,450,2,4,False
executed_current-images-old-state,5,446,451,2,4,False
executed_current-images-old-state,5,447,452,2,4,False
executed_current-images-old-state,5,448,453,2,4,False
executed_current-images-old-state,5,449,454,2,4,False
executed_current-images-old-state,5,450,455,2,4,False
executed_current-images-old-state,5,451,456,2,4,False
executed_current-images-old-state,5,452,457,2,4,False
executed_current-images-old-state,5,453,458,2,4,False
executed_current-images-old-state,5,454,459,2,4,False
executed_current-images-old-state,5,455,460,2,4,False
executed_current-images-old-state,5,456,461,2,4,False
executed_current-images-old-state,5,457,462,2,4,False
executed_current-images-old-state,5,458,463,2,4,False
executed_current-images-old-state,5,459,464,2,4,False
executed_current-images-old-state,5,460,465,2,4,False
executed_current-images-old-state,5,461,466,2,4,False
executed_current-images-old-state,5,462,467,2,4,False
executed_current-images-old-state,5,463,468,2,4,False
executed_current-images-old-state,5,464,469,2,4,False
executed_current-images-old-state,5,465,470,2,4,False
executed_current-images-old-state,5,466,471,2,4,False
executed_current-images-old-state,5,467,472,2,4,False
executed_current-images-old-state,5,468,473,2,4,False
executed_current-images-old-state,5,469,474,2,4,False
executed_current-images-old-state,5,470,475,2,4,False
executed_current-images-old-state,5,471,476,2,4,False
executed_current-images-old-state,5,472,477,2,4,False
executed_current-images-old-state,5,473,478,2,4,False
executed_current-images-old-state,5,474,479,2,4,False
executed_current-images-old-state,5,475,480,2,4,False
executed_current-images-old-state,5,476,481,2,4,False
executed_current-images-old-state,5,477,482,2,4,False
executed_current-images-old-state,5,478,483,2,4,False
executed_current-images-old-state,5,479,484,2,4,False
executed_current-images-old-state,5,480,485,2,4,False
executed_current-images-old-state,5,481,486,2,4,False
executed_current-images-old-state,5,482,487,2,4,False
executed_current-images-old-state,5,483,488,2,4,False
executed_current-images-old-state,5,484,489,2,4,False
executed_current-images-old-state,5,485,490,2,4,False
executed_current-images-old-state,5,486,491,2,4,False
executed_current-images-old-state,5,487,492,2,4,False
executed_current-images-old-state,5,488,493,2,4,False
executed_current-images-old-state,5,489,494,2,4,False
executed_current-images-old-state,5,490,495,2,4,False
executed_current-images-old-state,5,491,496,2,4,False
executed_current-images-old-state,5,492,497,2,4,False
executed_current-images-old-state,5,493,498,2,4,False
executed_current-images-old-state,5,494,499,2,4,False
executed_current-images-old-state,5,495,500,2,4,False
executed_current-images-old-state,5,496,501,2,4,False
executed_current-images-old-state,5,497,502,2,4,False
executed_current-images-old-state,5,498,503,2,4,False
executed_current-images-old-state,5,499,504,2,4,False
executed_current-images-old-state,5,500,505,2,4,False
executed_current-images-old-state,5,501,506,2,4,False
executed_current-images-old-state,5,502,507,2,4,False
executed_current-images-old-state,5,503,508,2,4,False
executed_current-images-old-state,5,504,509,2,4,False
executed_current-images-old-state,5,505,510,2,4,False
executed_current-images-old-state,5,506,511,2,4,False
executed_current-images-old-state,5,507,512,2,4,False
executed_current-images-old-state,5,508,513,2,4,False
executed_current-images-old-state,5,509,514,2,4,False
executed_current-images-old-state,5,510,515,2,4,False
executed_current-images-old-state,5,511,516,2,4,False
executed_current-images-old-state,5,512,517,2,4,False
executed_current-images-old-state,5,513,518,2,4,False
executed_current-images-old-state,5,514,519,2,4,False
executed_current-images-old-state,5,515,520,2,4,False
executed_current-images-old-state,5,516,521,2,4,False
executed_current-images-old-state,5,517,522,2,4,False
executed_current-images-old-state,5,518,523,2,4,False
executed_current-images-old-state,5,519,524,2,4,False
executed_current-images-old-state,5,520,525,2,4,False
executed_current-images-old-state,5,521,526,2,4,False
executed_current-images-old-state,5,522,527,2,4,False
executed_current-images-old-state,5,523,528,2,4,False
executed_current-images-old-state,5,524,529,2,4,False
executed_current-images-old-state,5,525,530,2,4,False
executed_current-images-old-state,5,526,531,2,4,False
executed_current-images-old-state,5,527,532,2,4,False
executed_current-images-old-state,5,528,533,2,4,False
executed_current-images-old-state,5,529,534,2,4,False
executed_current-images-old-state,5,530,535,2,4,False
executed_current-images-old-state,5,531,536,2,4,False
executed_current-images-old-state,5,532,537,2,4,False
executed_current-images-old-state,5,533,538,2,4,False
executed_current-images-old-state,5,534,539,2,4,False
executed_current-images-old-state,5,535,540,2,4,False
executed_current-images-old-state,5,536,541,2,4,False
executed_current-images-old-state,5,537,542,2,4,False
executed_current-images-old-state,5,538,543,2,4,False
executed_current-images-old-state,5,539,544,2,4,False
executed_current-images-old-state,5,540,545,2,4,False
executed_current-images-old-state,5,541,546,2,4,False
executed_current-images-old-state,5,542,547,2,4,False
executed_current-images-old-state,5,543,548,2,4,False
executed_current-images-old-state,5,544,549,2,4,False
executed_current-images-old-state,5,545,550,2,4,False
executed_current-images-old-state,5,546,551,2,4,False
executed_current-images-old-state,5,547,552,2,4,False
executed_current-images-old-state,5,548,553,2,4,False
executed_current-images-old-state,5,549,554,2,4,False
executed_current-images-old-state,5,550,555,2,4,False
executed_current-images-old-state,5,551,556,2,4,False
executed_current-images-old-state,5,552,557,2,4,False
executed_current-images-old-state,5,553,558,2,4,False
executed_current-images-old-state,5,554,559,2,4,False
executed_current-images-old-state,5,555,560,2,4,False
executed_current-images-old-state,5,556,561,2,4,False
executed_current-images-old-state,5,557,562,2,4,False
executed_current-images-old-state,5,558,563,2,4,False
executed_current-images-old-state,5,559,564,2,4,False
executed_current-images-old-state,5,560,565,2,4,False
executed_current-images-old-state,5,561,566,2,4,False
executed_current-images-old-state,5,562,567,2,4,False
executed_current-images-old-state,5,563,568,2,4,False
executed_current-images-old-state,5,564,569,2,4,False
executed_current-images-old-state,5,565,570,2,4,False
executed_current-images-old-state,5,566,571,2,4,False
executed_current-images-old-state,5,567,572,2,4,False
executed_current-images-old-state,5,568,573,2,4,False
executed_current-images-old-state,5,569,574,2,4,False
executed_current-images-old-state,5,570,575,2,4,False
executed_current-images-old-state,5,571,576,2,4,False
executed_current-images-old-state,5,572,577,2,4,False
executed_current-images-old-state,5,573,578,2,4,False
executed_current-images-old-state,5,574,579,2,4,False
executed_current-images-old-state,5,575,580,2,4,False
executed_current-images-old-state,5,576,581,2,4,False
executed_current-images-old-state,5,577,582,2,4,False
executed_current-images-old-state,5,578,583,2,4,False
executed_current-images-old-state,5,579,584,2,4,False
executed_current-images-old-state,5,580,585,2,4,False
executed_current-images-old-state,5,581,586,2,4,False
executed_current-images-old-state,5,582,587,2,4,False
executed_current-images-old-state,5,583,588,2,4,False
executed_current-images-old-state,5,584,589,2,4,False
executed_current-images-old-state,5,585,590,2,4,False
executed_current-images-old-state,5,586,591,2,4,False
executed_current-images-old-state,5,587,592,2,4,False
executed_current-images-old-state,5,588,593,2,4,False
executed_current-images-old-state,5,589,594,2,4,False
executed_current-images-old-state,5,590,595,2,4,False
executed_current-images-old-state,5,591,596,2,4,False
executed_current-images-old-state,5,592,597,2,4,False
executed_current-images-old-state,5,593,598,2,4,False
executed_current-images-old-state,5,594,599,2,4,False
executed_current-images-old-state,5,595,600,2,4,False
executed_current-images-old-state,10,1,11,2,4,False
executed_current-images-old-state,10,2,12,2,4,False
executed_current-images-old-state,10,3,13,2,4,False
executed_current-images-old-state,10,4,14,2,4,False
executed_current-images-old-state,10,5,15,2,4,False
executed_current-images-old-state,10,6,16,2,4,False
executed_current-images-old-state,10,7,17,2,4,False
executed_current-images-old-state,10,8,18,2,4,False
executed_current-images-old-state,10,9,19,2,4,False
executed_current-images-old-state,10,10,20,2,4,False
executed_current-images-old-state,10,11,21,2,4,False
executed_current-images-old-state,10,12,22,2,4,False
executed_current-images-old-state,10,13,23,2,4,False
executed_current-images-old-state,10,14,24,2,4,False
executed_current-images-old-state,10,15,25,2,4,False
executed_current-images-old-state,10,16,26,2,4,False
executed_current-images-old-state,10,17,27,2,4,False
executed_current-images-old-state,10,18,28,2,4,False
executed_current-images-old-state,10,19,29,2,4,False
executed_current-images-old-state,10,20,30,2,4,False
executed_current-images-old-state,10,21,31,2,4,False
executed_current-images-old-state,10,22,32,2,4,False
executed_current-images-old-state,10,23,33,2,4,False
executed_current-images-old-state,10,24,34,2,4,False
executed_current-images-old-state,10,25,35,2,4,False
executed_current-images-old-state,10,26,36,2,4,False
executed_current-images-old-state,10,27,37,2,4,False
executed_current-images-old-state,10,28,38,2,4,False
executed_current-images-old-state,10,29,39,2,4,False
executed_current-images-old-state,10,30,40,2,4,False
executed_current-images-old-state,10,31,41,2,4,False
executed_current-images-old-state,10,32,42,2,4,False
executed_current-images-old-state,10,33,43,2,4,False
executed_current-images-old-state,10,34,44,2,4,False
executed_current-images-old-state,10,35,45,2,4,False
executed_current-images-old-state,10,36,46,2,4,False
executed_current-images-old-state,10,37,47,2,4,False
executed_current-images-old-state,10,38,48,2,4,False
executed_current-images-old-state,10,39,49,2,4,False
executed_current-images-old-state,10,40,50,2,4,False
executed_current-images-old-state,10,41,51,2,4,False
executed_current-images-old-state,10,42,52,2,4,False
executed_current-images-old-state,10,43,53,2,4,False
executed_current-images-old-state,10,44,54,2,4,False
executed_current-images-old-state,10,45,55,2,4,False
executed_current-images-old-state,10,46,56,2,4,False
executed_current-images-old-state,10,47,57,2,4,False
executed_current-images-old-state,10,48,58,2,4,False
executed_current-images-old-state,10,49,59,2,4,False
executed_current-images-old-state,10,50,60,2,4,False
executed_current-images-old-state,10,51,61,2,4,False
executed_current-images-old-state,10,52,62,2,4,False
executed_current-images-old-state,10,53,63,2,4,False
executed_current-images-old-state,10,54,64,2,4,False
executed_current-images-old-state,10,55,65,2,4,False
executed_current-images-old-state,10,56,66,2,4,False
executed_current-images-old-state,10,57,67,2,4,False
executed_current-images-old-state,10,58,68,2,4,False
executed_current-images-old-state,10,59,69,2,4,False
executed_current-images-old-state,10,60,70,2,4,False
executed_current-images-old-state,10,61,71,2,4,False
executed_current-images-old-state,10,62,72,2,4,False
executed_current-images-old-state,10,63,73,2,4,False
executed_current-images-old-state,10,64,74,2,4,False
executed_current-images-old-state,10,65,75,2,4,False
executed_current-images-old-state,10,66,76,2,4,False
executed_current-images-old-state,10,67,77,2,4,False
executed_current-images-old-state,10,68,78,2,4,False
executed_current-images-old-state,10,69,79,2,4,False
executed_current-images-old-state,10,70,80,2,4,False
executed_current-images-old-state,10,71,81,2,4,False
executed_current-images-old-state,10,72,82,2,4,False
executed_current-images-old-state,10,73,83,2,4,False
executed_current-images-old-state,10,74,84,2,4,False
executed_current-images-old-state,10,75,85,2,4,False
executed_current-images-old-state,10,76,86,2,4,False
executed_current-images-old-state,10,77,87,2,4,False
executed_current-images-old-state,10,78,88,2,4,False
executed_current-images-old-state,10,79,89,2,4,False
executed_current-images-old-state,10,80,90,2,4,False
executed_current-images-old-state,10,81,91,2,4,False
executed_current-images-old-state,10,82,92,2,4,False
executed_current-images-old-state,10,83,93,2,4,False
executed_current-images-old-state,10,84,94,2,4,False
executed_current-images-old-state,10,85,95,2,4,False
executed_current-images-old-state,10,86,96,2,4,False
executed_current-images-old-state,10,87,97,2,4,False
executed_current-images-old-state,10,88,98,2,4,False
executed_current-images-old-state,10,89,99,2,4,False
executed_current-images-old-state,10,90,100,2,4,False
executed_current-images-old-state,10,91,101,2,4,False
executed_current-images-old-state,10,92,102,2,4,False
executed_current-images-old-state,10,93,103,2,4,False
executed_current-images-old-state,10,94,104,2,4,False
executed_current-images-old-state,10,95,105,2,4,False
executed_current-images-old-state,10,96,106,2,4,False
executed_current-images-old-state,10,97,107,2,4,False
executed_current-images-old-state,10,98,108,2,4,False
executed_current-images-old-state,10,99,109,2,4,False
executed_current-images-old-state,10,100,110,2,4,False
executed_current-images-old-state,10,101,111,2,4,False
executed_current-images-old-state,10,102,112,2,4,False
executed_current-images-old-state,10,103,113,2,4,False
executed_current-images-old-state,10,104,114,2,4,False
executed_current-images-old-state,10,105,115,2,4,False
executed_current-images-old-state,10,106,116,2,4,False
executed_current-images-old-state,10,107,117,2,4,False
executed_current-images-old-state,10,108,118,2,4,False
executed_current-images-old-state,10,109,119,2,4,False
executed_current-images-old-state,10,110,120,2,4,False
executed_current-images-old-state,10,111,121,2,4,False
executed_current-images-old-state,10,112,122,2,4,False
executed_current-images-old-state,10,113,123,2,4,False
executed_current-images-old-state,10,114,124,2,4,False
executed_current-images-old-state,10,115,125,2,4,False
executed_current-images-old-state,10,116,126,2,4,False
executed_current-images-old-state,10,117,127,2,4,False
executed_current-images-old-state,10,118,128,2,4,False
executed_current-images-old-state,10,119,129,2,4,False
executed_current-images-old-state,10,120,130,2,4,False
executed_current-images-old-state,10,121,131,2,4,False
executed_current-images-old-state,10,122,132,2,4,False
executed_current-images-old-state,10,123,133,2,4,False
executed_current-images-old-state,10,124,134,2,4,False
executed_current-images-old-state,10,125,135,2,4,False
executed_current-images-old-state,10,126,136,2,4,False
executed_current-images-old-state,10,127,137,2,4,False
executed_current-images-old-state,10,128,138,2,4,False
executed_current-images-old-state,10,129,139,2,4,False
executed_current-images-old-state,10,130,140,2,4,False
executed_current-images-old-state,10,131,141,2,4,False
executed_current-images-old-state,10,132,142,2,4,False
executed_current-images-old-state,10,133,143,2,4,False
executed_current-images-old-state,10,134,144,2,4,False
executed_current-images-old-state,10,135,145,2,4,False
executed_current-images-old-state,10,136,146,2,4,False
executed_current-images-old-state,10,137,147,2,4,False
executed_current-images-old-state,10,138,148,2,4,False
executed_current-images-old-state,10,139,149,2,4,False
executed_current-images-old-state,10,140,150,2,4,False
executed_current-images-old-state,10,141,151,2,4,False
executed_current-images-old-state,10,142,152,2,4,False
executed_current-images-old-state,10,143,153,2,4,False
executed_current-images-old-state,10,144,154,2,4,False
executed_current-images-old-state,10,145,155,2,4,False
executed_current-images-old-state,10,146,156,2,4,False
executed_current-images-old-state,10,147,157,2,4,False
executed_current-images-old-state,10,148,158,2,4,False
executed_current-images-old-state,10,149,159,2,4,False
executed_current-images-old-state,10,150,160,2,4,False
executed_current-images-old-state,10,151,161,2,4,False
executed_current-images-old-state,10,152,162,2,4,False
executed_current-images-old-state,10,153,163,2,4,False
executed_current-images-old-state,10,154,164,2,4,False
executed_current-images-old-state,10,155,165,2,4,False
executed_current-images-old-state,10,156,166,2,4,False
executed_current-images-old-state,10,157,167,2,4,False
executed_current-images-old-state,10,158,168,2,4,False
executed_current-images-old-state,10,159,169,2,4,False
executed_current-images-old-state,10,160,170,2,4,False
executed_current-images-old-state,10,161,171,2,4,False
executed_current-images-old-state,10,162,172,2,4,False
executed_current-images-old-state,10,163,173,2,4,False
executed_current-images-old-state,10,164,174,2,4,False
executed_current-images-old-state,10,165,175,2,4,False
executed_current-images-old-state,10,166,176,2,4,False
executed_current-images-old-state,10,167,177,2,4,False
executed_current-images-old-state,10,168,178,2,4,False
executed_current-images-old-state,10,169,179,2,4,False
executed_current-images-old-state,10,170,180,2,4,False
executed_current-images-old-state,10,171,181,2,4,False
executed_current-images-old-state,10,172,182,2,4,False
executed_current-images-old-state,10,173,183,2,4,False
executed_current-images-old-state,10,174,184,2,4,False
executed_current-images-old-state,10,175,185,2,4,False
executed_current-images-old-state,10,176,186,2,4,False
executed_current-images-old-state,10,177,187,2,4,False
executed_current-images-old-state,10,178,188,2,4,False
executed_current-images-old-state,10,179,189,2,4,False
executed_current-images-old-state,10,180,190,2,4,False
executed_current-images-old-state,10,181,191,2,4,False
executed_current-images-old-state,10,182,192,2,4,False
executed_current-images-old-state,10,183,193,2,4,False
executed_current-images-old-state,10,184,194,2,4,False
executed_current-images-old-state,10,185,195,2,4,False
executed_current-images-old-state,10,186,196,2,4,False
executed_current-images-old-state,10,187,197,2,4,False
executed_current-images-old-state,10,188,198,2,4,False
executed_current-images-old-state,10,189,199,2,4,False
executed_current-images-old-state,10,190,200,2,4,False
executed_current-images-old-state,10,191,201,2,4,False
executed_current-images-old-state,10,192,202,2,4,False
executed_current-images-old-state,10,193,203,2,4,False
executed_current-images-old-state,10,194,204,2,4,False
executed_current-images-old-state,10,195,205,2,4,False
executed_current-images-old-state,10,196,206,2,4,False
executed_current-images-old-state,10,197,207,2,4,False
executed_current-images-old-state,10,198,208,2,4,False
executed_current-images-old-state,10,199,209,2,4,False
executed_current-images-old-state,10,200,210,2,4,False
executed_current-images-old-state,10,201,211,2,4,False
executed_current-images-old-state,10,202,212,2,4,False
executed_current-images-old-state,10,203,213,2,4,False
executed_current-images-old-state,10,204,214,2,4,False
executed_current-images-old-state,10,205,215,2,4,False
executed_current-images-old-state,10,206,216,2,4,False
executed_current-images-old-state,10,207,217,2,4,False
executed_current-images-old-state,10,208,218,2,4,False
executed_current-images-old-state,10,209,219,2,4,False
executed_current-images-old-state,10,210,220,2,4,False
executed_current-images-old-state,10,211,221,2,4,False
executed_current-images-old-state,10,212,222,2,4,False
executed_current-images-old-state,10,213,223,2,4,False
executed_current-images-old-state,10,214,224,2,4,False
executed_current-images-old-state,10,215,225,2,4,False
executed_current-images-old-state,10,216,226,2,4,False
executed_current-images-old-state,10,217,227,2,4,False
executed_current-images-old-state,10,218,228,2,4,False
executed_current-images-old-state,10,219,229,2,4,False
executed_current-images-old-state,10,220,230,2,4,False
executed_current-images-old-state,10,221,231,2,4,False
executed_current-images-old-state,10,222,232,2,4,False
executed_current-images-old-state,10,223,233,2,4,False
executed_current-images-old-state,10,224,234,2,4,False
executed_current-images-old-state,10,225,235,2,4,False
executed_current-images-old-state,10,226,236,2,4,False
executed_current-images-old-state,10,227,237,2,4,False
executed_current-images-old-state,10,228,238,2,4,False
executed_current-images-old-state,10,229,239,2,4,False
executed_current-images-old-state,10,230,240,2,4,False
executed_current-images-old-state,10,231,241,2,4,False
executed_current-images-old-state,10,232,242,2,4,False
executed_current-images-old-state,10,233,243,2,4,False
executed_current-images-old-state,10,234,244,2,4,False
executed_current-images-old-state,10,235,245,2,4,False
executed_current-images-old-state,10,236,246,2,4,False
executed_current-images-old-state,10,237,247,2,4,False
executed_current-images-old-state,10,238,248,2,4,False
executed_current-images-old-state,10,239,249,2,4,False
executed_current-images-old-state,10,240,250,2,4,False
executed_current-images-old-state,10,241,251,2,4,False
executed_current-images-old-state,10,242,252,2,4,False
executed_current-images-old-state,10,243,253,2,4,False
executed_current-images-old-state,10,244,254,2,4,False
executed_current-images-old-state,10,245,255,2,4,False
executed_current-images-old-state,10,246,256,2,4,False
executed_current-images-old-state,10,247,257,2,4,False
executed_current-images-old-state,10,248,258,2,4,False
executed_current-images-old-state,10,249,259,2,4,False
executed_current-images-old-state,10,250,260,2,4,False
executed_current-images-old-state,10,251,261,2,4,False
executed_current-images-old-state,10,252,262,2,4,False
executed_current-images-old-state,10,253,263,2,4,False
executed_current-images-old-state,10,254,264,2,4,False
executed_current-images-old-state,10,255,265,2,4,False
executed_current-images-old-state,10,256,266,2,4,False
executed_current-images-old-state,10,257,267,2,4,False
executed_current-images-old-state,10,258,268,2,4,False
executed_current-images-old-state,10,259,269,2,4,False
executed_current-images-old-state,10,260,270,2,4,False
executed_current-images-old-state,10,261,271,2,4,False
executed_current-images-old-state,10,262,272,2,4,False
executed_current-images-old-state,10,263,273,2,4,False
executed_current-images-old-state,10,264,274,2,4,False
executed_current-images-old-state,10,265,275,2,4,False
executed_current-images-old-state,10,266,276,2,4,False
executed_current-images-old-state,10,267,277,2,4,False
executed_current-images-old-state,10,268,278,2,4,False
executed_current-images-old-state,10,269,279,2,4,False
executed_current-images-old-state,10,270,280,2,4,False
executed_current-images-old-state,10,271,281,2,4,False
executed_current-images-old-state,10,272,282,2,4,False
executed_current-images-old-state,10,273,283,2,4,False
executed_current-images-old-state,10,274,284,2,4,False
executed_current-images-old-state,10,275,285,2,4,False
executed_current-images-old-state,10,276,286,2,4,False
executed_current-images-old-state,10,277,287,2,4,False
executed_current-images-old-state,10,278,288,2,4,False
executed_current-images-old-state,10,279,289,2,4,False
executed_current-images-old-state,10,280,290,2,4,False
executed_current-images-old-state,10,281,291,2,4,False
executed_current-images-old-state,10,282,292,2,4,False
executed_current-images-old-state,10,283,293,2,4,False
executed_current-images-old-state,10,284,294,2,4,False
executed_current-images-old-state,10,285,295,2,4,False
executed_current-images-old-state,10,286,296,2,4,False
executed_current-images-old-state,10,287,297,2,4,False
executed_current-images-old-state,10,288,298,2,4,False
executed_current-images-old-state,10,289,299,2,4,False
executed_current-images-old-state,10,290,300,2,4,False
executed_current-images-old-state,10,291,301,2,4,False
executed_current-images-old-state,10,292,302,2,4,False
executed_current-images-old-state,10,293,303,2,4,False
executed_current-images-old-state,10,294,304,2,4,False
executed_current-images-old-state,10,295,305,2,4,False
executed_current-images-old-state,10,296,306,2,4,False
executed_current-images-old-state,10,297,307,2,4,False
executed_current-images-old-state,10,298,308,2,4,False
executed_current-images-old-state,10,299,309,2,4,False
executed_current-images-old-state,10,300,310,2,4,False
executed_current-images-old-state,10,301,311,2,4,False
executed_current-images-old-state,10,302,312,2,4,False
executed_current-images-old-state,10,303,313,2,4,False
executed_current-images-old-state,10,304,314,2,4,False
executed_current-images-old-state,10,305,315,2,4,False
executed_current-images-old-state,10,306,316,2,4,False
executed_current-images-old-state,10,307,317,2,4,False
executed_current-images-old-state,10,308,318,2,4,False
executed_current-images-old-state,10,309,319,2,4,False
executed_current-images-old-state,10,310,320,2,4,False
executed_current-images-old-state,10,311,321,2,4,False
executed_current-images-old-state,10,312,322,2,4,False
executed_current-images-old-state,10,313,323,2,4,False
executed_current-images-old-state,10,314,324,2,4,False
executed_current-images-old-state,10,315,325,2,4,False
executed_current-images-old-state,10,316,326,2,4,False
executed_current-images-old-state,10,317,327,2,4,False
executed_current-images-old-state,10,318,328,2,4,False
executed_current-images-old-state,10,319,329,2,4,False
executed_current-images-old-state,10,320,330,2,4,False
executed_current-images-old-state,10,321,331,2,4,False
executed_current-images-old-state,10,322,332,2,4,False
executed_current-images-old-state,10,323,333,2,4,False
executed_current-images-old-state,10,324,334,2,4,False
executed_current-images-old-state,10,325,335,2,4,False
executed_current-images-old-state,10,326,336,2,4,False
executed_current-images-old-state,10,327,337,2,4,False
executed_current-images-old-state,10,328,338,2,4,False
executed_current-images-old-state,10,329,339,2,4,False
executed_current-images-old-state,10,330,340,2,4,False
executed_current-images-old-state,10,331,341,2,4,False
executed_current-images-old-state,10,332,342,2,4,False
executed_current-images-old-state,10,333,343,2,4,False
executed_current-images-old-state,10,334,344,2,4,False
executed_current-images-old-state,10,335,345,2,4,False
executed_current-images-old-state,10,336,346,2,4,False
executed_current-images-old-state,10,337,347,2,4,False
executed_current-images-old-state,10,338,348,2,4,False
executed_current-images-old-state,10,339,349,2,4,False
executed_current-images-old-state,10,340,350,2,4,False
executed_current-images-old-state,10,341,351,2,4,False
executed_current-images-old-state,10,342,352,2,4,False
executed_current-images-old-state,10,343,353,2,4,False
executed_current-images-old-state,10,344,354,2,4,False
executed_current-images-old-state,10,345,355,2,4,False
executed_current-images-old-state,10,346,356,2,4,False
executed_current-images-old-state,10,347,357,2,4,False
executed_current-images-old-state,10,348,358,2,4,False
executed_current-images-old-state,10,349,359,2,4,False
executed_current-images-old-state,10,350,360,2,4,False
executed_current-images-old-state,10,351,361,2,4,False
executed_current-images-old-state,10,352,362,2,4,False
executed_current-images-old-state,10,353,363,2,4,False
executed_current-images-old-state,10,354,364,2,4,False
executed_current-images-old-state,10,355,365,2,4,False
executed_current-images-old-state,10,356,366,2,4,False
executed_current-images-old-state,10,357,367,2,4,False
executed_current-images-old-state,10,358,368,2,4,False
executed_current-images-old-state,10,359,369,2,4,False
executed_current-images-old-state,10,360,370,2,4,False
executed_current-images-old-state,10,361,371,2,4,False
executed_current-images-old-state,10,362,372,2,4,False
executed_current-images-old-state,10,363,373,2,4,False
executed_current-images-old-state,10,364,374,2,4,False
executed_current-images-old-state,10,365,375,2,4,False
executed_current-images-old-state,10,366,376,2,4,False
executed_current-images-old-state,10,367,377,2,4,False
executed_current-images-old-state,10,368,378,2,4,False
executed_current-images-old-state,10,369,379,2,4,False
executed_current-images-old-state,10,370,380,2,4,False
executed_current-images-old-state,10,371,381,2,4,False
executed_current-images-old-state,10,372,382,2,4,False
executed_current-images-old-state,10,373,383,2,4,False
executed_current-images-old-state,10,374,384,2,4,False
executed_current-images-old-state,10,375,385,2,4,False
executed_current-images-old-state,10,376,386,2,4,False
executed_current-images-old-state,10,377,387,2,4,False
executed_current-images-old-state,10,378,388,2,4,False
executed_current-images-old-state,10,379,389,2,4,False
executed_current-images-old-state,10,380,390,2,4,False
executed_current-images-old-state,10,381,391,2,4,False
executed_current-images-old-state,10,382,392,2,4,False
executed_current-images-old-state,10,383,393,2,4,False
executed_current-images-old-state,10,384,394,2,4,False
executed_current-images-old-state,10,385,395,2,4,False
executed_current-images-old-state,10,386,396,2,4,False
executed_current-images-old-state,10,387,397,2,4,False
executed_current-images-old-state,10,388,398,2,4,False
executed_current-images-old-state,10,389,399,2,4,False
executed_current-images-old-state,10,390,400,2,4,False
executed_current-images-old-state,10,391,401,2,4,False
executed_current-images-old-state,10,392,402,2,4,False
executed_current-images-old-state,10,393,403,2,4,False
executed_current-images-old-state,10,394,404,2,4,False
executed_current-images-old-state,10,395,405,2,4,False
executed_current-images-old-state,10,396,406,2,4,False
executed_current-images-old-state,10,397,407,2,4,False
executed_current-images-old-state,10,398,408,2,4,False
executed_current-images-old-state,10,399,409,2,4,False
executed_current-images-old-state,10,400,410,2,4,False
executed_current-images-old-state,10,401,411,2,4,False
executed_current-images-old-state,10,402,412,2,4,False
executed_current-images-old-state,10,403,413,2,4,False
executed_current-images-old-state,10,404,414,2,4,False
executed_current-images-old-state,10,405,415,2,4,False
executed_current-images-old-state,10,406,416,2,4,False
executed_current-images-old-state,10,407,417,2,4,False
executed_current-images-old-state,10,408,418,2,4,False
executed_current-images-old-state,10,409,419,2,4,False
executed_current-images-old-state,10,410,420,2,4,False
executed_current-images-old-state,10,411,421,2,4,False
executed_current-images-old-state,10,412,422,2,4,False
executed_current-images-old-state,10,413,423,2,4,False
executed_current-images-old-state,10,414,424,2,4,False
executed_current-images-old-state,10,415,425,2,4,False
executed_current-images-old-state,10,416,426,2,4,False
executed_current-images-old-state,10,417,427,2,4,False
executed_current-images-old-state,10,418,428,2,4,False
executed_current-images-old-state,10,419,429,2,4,False
executed_current-images-old-state,10,420,430,2,4,False
executed_current-images-old-state,10,421,431,2,4,False
executed_current-images-old-state,10,422,432,2,4,False
executed_current-images-old-state,10,423,433,2,4,False
executed_current-images-old-state,10,424,434,2,4,False
executed_current-images-old-state,10,425,435,2,4,False
executed_current-images-old-state,10,426,436,2,4,False
executed_current-images-old-state,10,427,437,2,4,False
executed_current-images-old-state,10,428,438,2,4,False
executed_current-images-old-state,10,429,439,2,4,False
executed_current-images-old-state,10,430,440,2,4,False
executed_current-images-old-state,10,431,441,2,4,False
executed_current-images-old-state,10,432,442,2,4,False
executed_current-images-old-state,10,433,443,2,4,False
executed_current-images-old-state,10,434,444,2,4,False
executed_current-images-old-state,10,435,445,2,4,False
executed_current-images-old-state,10,436,446,2,4,False
executed_current-images-old-state,10,437,447,2,4,False
executed_current-images-old-state,10,438,448,2,4,False
executed_current-images-old-state,10,439,449,2,4,False
executed_current-images-old-state,10,440,450,2,4,False
executed_current-images-old-state,10,441,451,2,4,False
executed_current-images-old-state,10,442,452,2,4,False
executed_current-images-old-state,10,443,453,2,4,False
executed_current-images-old-state,10,444,454,2,4,False
executed_current-images-old-state,10,445,455,2,4,False
executed_current-images-old-state,10,446,456,2,4,False
executed_current-images-old-state,10,447,457,2,4,False
executed_current-images-old-state,10,448,458,2,4,False
executed_current-images-old-state,10,449,459,2,4,False
executed_current-images-old-state,10,450,460,2,4,False
executed_current-images-old-state,10,451,461,2,4,False
executed_current-images-old-state,10,452,462,2,4,False
executed_current-images-old-state,10,453,463,2,4,False
executed_current-images-old-state,10,454,464,2,4,False
executed_current-images-old-state,10,455,465,2,4,False
executed_current-images-old-state,10,456,466,2,4,False
executed_current-images-old-state,10,457,467,2,4,False
executed_current-images-old-state,10,458,468,2,4,False
executed_current-images-old-state,10,459,469,2,4,False
executed_current-images-old-state,10,460,470,2,4,False
executed_current-images-old-state,10,461,471,2,4,False
executed_current-images-old-state,10,462,472,2,4,False
executed_current-images-old-state,10,463,473,2,4,False
executed_current-images-old-state,10,464,474,2,4,False
executed_current-images-old-state,10,465,475,2,4,False
executed_current-images-old-state,10,466,476,2,4,False
executed_current-images-old-state,10,467,477,2,4,False
executed_current-images-old-state,10,468,478,2,4,False
executed_current-images-old-state,10,469,479,2,4,False
executed_current-images-old-state,10,470,480,2,4,False
executed_current-images-old-state,10,471,481,2,4,False
executed_current-images-old-state,10,472,482,2,4,False
executed_current-images-old-state,10,473,483,2,4,False
executed_current-images-old-state,10,474,484,2,4,False
executed_current-images-old-state,10,475,485,2,4,False
executed_current-images-old-state,10,476,486,2,4,False
executed_current-images-old-state,10,477,487,2,4,False
executed_current-images-old-state,10,478,488,2,4,False
executed_current-images-old-state,10,479,489,2,4,False
executed_current-images-old-state,10,480,490,2,4,False
executed_current-images-old-state,10,481,491,2,4,False
executed_current-images-old-state,10,482,492,2,4,False
executed_current-images-old-state,10,483,493,2,4,False
executed_current-images-old-state,10,484,494,2,4,False
executed_current-images-old-state,10,485,495,2,4,False
executed_current-images-old-state,10,486,496,2,4,False
executed_current-images-old-state,10,487,497,2,4,False
executed_current-images-old-state,10,488,498,2,4,False
executed_current-images-old-state,10,489,499,2,4,False
executed_current-images-old-state,10,490,500,2,4,False
executed_current-images-old-state,10,491,501,2,4,False
executed_current-images-old-state,10,492,502,2,4,False
executed_current-images-old-state,10,493,503,2,4,False
executed_current-images-old-state,10,494,504,2,4,False
executed_current-images-old-state,10,495,505,2,4,False
executed_current-images-old-state,10,496,506,2,4,False
executed_current-images-old-state,10,497,507,2,4,False
executed_current-images-old-state,10,498,508,2,4,False
executed_current-images-old-state,10,499,509,2,4,False
executed_current-images-old-state,10,500,510,2,4,False
executed_current-images-old-state,10,501,511,2,4,False
executed_current-images-old-state,10,502,512,2,4,False
executed_current-images-old-state,10,503,513,2,4,False
executed_current-images-old-state,10,504,514,2,4,False
executed_current-images-old-state,10,505,515,2,4,False
executed_current-images-old-state,10,506,516,2,4,False
executed_current-images-old-state,10,507,517,2,4,False
executed_current-images-old-state,10,508,518,2,4,False
executed_current-images-old-state,10,509,519,2,4,False
executed_current-images-old-state,10,510,520,2,4,False
executed_current-images-old-state,10,511,521,2,4,False
executed_current-images-old-state,10,512,522,2,4,False
executed_current-images-old-state,10,513,523,2,4,False
executed_current-images-old-state,10,514,524,2,4,False
executed_current-images-old-state,10,515,525,2,4,False
executed_current-images-old-state,10,516,526,2,4,False
executed_current-images-old-state,10,517,527,2,4,False
executed_current-images-old-state,10,518,528,2,4,False
executed_current-images-old-state,10,519,529,2,4,False
executed_current-images-old-state,10,520,530,2,4,False
executed_current-images-old-state,10,521,531,2,4,False
executed_current-images-old-state,10,522,532,2,4,False
executed_current-images-old-state,10,523,533,2,4,False
executed_current-images-old-state,10,524,534,2,4,False
executed_current-images-old-state,10,525,535,2,4,False
executed_current-images-old-state,10,526,536,2,4,False
executed_current-images-old-state,10,527,537,2,4,False
executed_current-images-old-state,10,528,538,2,4,False
executed_current-images-old-state,10,529,539,2,4,False
executed_current-images-old-state,10,530,540,2,4,False
executed_current-images-old-state,10,531,541,2,4,False
executed_current-images-old-state,10,532,542,2,4,False
executed_current-images-old-state,10,533,543,2,4,False
executed_current-images-old-state,10,534,544,2,4,False
executed_current-images-old-state,10,535,545,2,4,False
executed_current-images-old-state,10,536,546,2,4,False
executed_current-images-old-state,10,537,547,2,4,False
executed_current-images-old-state,10,538,548,2,4,False
executed_current-images-old-state,10,539,549,2,4,False
executed_current-images-old-state,10,540,550,2,4,False
executed_current-images-old-state,10,541,551,2,4,False
executed_current-images-old-state,10,542,552,2,4,False
executed_current-images-old-state,10,543,553,2,4,False
executed_current-images-old-state,10,544,554,2,4,False
executed_current-images-old-state,10,545,555,2,4,False
executed_current-images-old-state,10,546,556,2,4,False
executed_current-images-old-state,10,547,557,2,4,False
executed_current-images-old-state,10,548,558,2,4,False
executed_current-images-old-state,10,549,559,2,4,False
executed_current-images-old-state,10,550,560,2,4,False
executed_current-images-old-state,10,551,561,2,4,False
executed_current-images-old-state,10,552,562,2,4,False
executed_current-images-old-state,10,553,563,2,4,False
executed_current-images-old-state,10,554,564,2,4,False
executed_current-images-old-state,10,555,565,2,4,False
executed_current-images-old-state,10,556,566,2,4,False
executed_current-images-old-state,10,557,567,2,4,False
executed_current-images-old-state,10,558,568,2,4,False
executed_current-images-old-state,10,559,569,2,4,False
executed_current-images-old-state,10,560,570,2,4,False
executed_current-images-old-state,10,561,571,2,4,False
executed_current-images-old-state,10,562,572,2,4,False
executed_current-images-old-state,10,563,573,2,4,False
executed_current-images-old-state,10,564,574,2,4,False
executed_current-images-old-state,10,565,575,2,4,False
executed_current-images-old-state,10,566,576,2,4,False
executed_current-images-old-state,10,567,577,2,4,False
executed_current-images-old-state,10,568,578,2,4,False
executed_current-images-old-state,10,569,579,2,4,False
executed_current-images-old-state,10,570,580,2,4,False
executed_current-images-old-state,10,571,581,2,4,False
executed_current-images-old-state,10,572,582,2,4,False
executed_current-images-old-state,10,573,583,2,4,False
executed_current-images-old-state,10,574,584,2,4,False
executed_current-images-old-state,10,575,585,2,4,False
executed_current-images-old-state,10,576,586,2,4,False
executed_current-images-old-state,10,577,587,2,4,False
executed_current-images-old-state,10,578,588,2,4,False
executed_current-images-old-state,10,579,589,2,4,False
executed_current-images-old-state,10,580,590,2,4,False
executed_current-images-old-state,10,581,591,2,4,False
executed_current-images-old-state,10,582,592,2,4,False
executed_current-images-old-state,10,583,593,2,4,False
executed_current-images-old-state,10,584,594,2,4,False
executed_current-images-old-state,10,585,595,2,4,False
executed_current-images-old-state,10,586,596,2,4,False
executed_current-images-old-state,10,587,597,2,4,False
executed_current-images-old-state,10,588,598,2,4,False
executed_current-images-old-state,10,589,599,2,4,False
executed_current-images-old-state,10,590,600,2,4,False
